id,financescore,country,classsize,city,rating,totalscore,numericalstaff,staffstudentratio,approvals,academicscore,summary,techscore,citySafety,confidence,housingprovision,techecosystem,curriculum,staffcount,schoolname,worklifescore,noncontacttime,healthcoverage,image,Profit Status,salaryRange,Ownership,inspect,validated,profit status,ownership,citysafety,lastSync,scrapedJobsCount,scrapedJobsList,revalidationError,revalidationStatus,isRevalidating,revalidationCompletedAt,cachedStability,lastScrapedAt,website,agency,careersPageUrl,name,tesOrganizationId,tesEmployerSlug,updatedAt
"FLIS0001","9.0","Hong Kong","18-20","Hong Kong","Good","9.1","180","1:8","IB, ZfA, BIS","9.8","Premium Peak leader.","9.2","9.1","9.8","Subsidised","1:1 iPad/Laptop","German/British","180","German Swiss Int'l","8.2","20%","Premium","","Profit Status","$4,150.00","Ownership","Inspect / Accreditation","LFI","Profit Status","Ownership","9.1","2026-05-26T10:41:07.830Z","0","[]","","success","true","{""_seconds"":1788076578,""_nanoseconds"":94000000}","","2026-08-30T07:56:18.092Z","https://www.gsis.edu.hk/en/about-us/careers/job-openings","Search Associates, Schrole, LinkedIn","https://www.gsis.edu.hk/en/about-us/careers/job-openings","German Swiss Int'l","1057613","german-swiss-international-school-1057613","2026-08-30T16:14:23.674Z"
"FLIS0002","8.5","Hong Kong","22-26","Hong Kong","Good","8.7","150","1:12","IB","9.9","Elite academic powerhouse.","8.8","9.1","9.6","Subsidised","Microsoft/Canvas","HKDSE/IB","150","St. Paul's Co-ed","7.4","15%","Full Private","","Non-Profit","$3,720.00","Community / Association","BSO / ZffA","LFI","Non-Profit","Community / Association","9.1","2026-05-26T10:41:07.831Z","0","[]","","success","true","{""_seconds"":1788076692,""_nanoseconds"":823000000}","","2026-08-30T07:58:12.821Z","https://www.spcc.edu.hk/jobs-and-tenders","Direct HK Gov Portal, LinkedIn, JobsDB Hong Kong","https://www.spcc.edu.hk/jobs-and-tenders","St. Paul's Co-ed","","","2026-08-30T16:14:23.675Z"
"FLIS0003","8.2","Japan","16-22","Tokyo","Good","8.8","110","1:6","IB, CIS","9.7","Tokyo's top academic IB.","8.4","9.3","9.1","Subsidised","Google Workspace","IB","110","K. International","8.5","25%","Standard","","Non-Profit","$3,150.00","Anglican Church (HK)","HK EDB","LFI","Non-Profit","Anglican Church (HK)","9.3","2026-05-26T10:41:07.831Z","0","[]","","success","true","{""_seconds"":1788076574,""_nanoseconds"":593000000}","","2026-08-30T07:56:14.591Z","https://www.kist.ed.jp/node/25","Search Associates, Schrole, GaijinPot Jobs, IB World Board","https://www.kist.ed.jp/node/25","K. International","","k-international-school-tokyo-1076077","2026-08-30T16:14:23.675Z"
"FLIS0004","9.6","China","15-18","Shanghai","Good","9.4","400","1:6","IB, WASC","9.5","US curriculum gold std.","9.8","8.8","9.4","Provided","Apple Distinguished","US / IB","400","Shanghai American","9.2","30%","Premium","","Non-Profit","$4,120.00","K. International Foundation","CIS / IB","LFI","Non-Profit","K. International Foundation","8.8","2026-05-26T10:41:07.831Z","0","[]","","success","true","{""_seconds"":1788076648,""_nanoseconds"":377000000}","","2026-08-30T07:57:28.376Z","https://www.saschina.org/about-sas/work-sas","Search Associates, Schrole, ISS (Int'l Schools Services)","https://www.saschina.org/about-sas/work-sas","Shanghai American","1279504","","2026-08-30T16:14:23.675Z"
"FLIS0005","8.4","Hong Kong","25","Hong Kong","Good","8.4","160","1:15","IB","9.4","High-performing tradition.","8.0","9.1","8.9","Subsidised","Hybrid/DSE Focus","HKDSE/IB","160","Diocesan Boys'","7.2","15%","Full Private","","Non-Profit","$3,550.00","Independent Board","WASC","LFI","Non-Profit","Independent Board","9.1","2026-05-26T10:41:07.831Z","0","[]","","success","true","{""_seconds"":1788076684,""_nanoseconds"":809000000}","","2026-08-30T07:58:04.808Z","https://www.dbs.edu.hk/index.php?s=dbs&m=jobopenings","Direct HK Gov Portal, LinkedIn, JobsDB Hong Kong","https://www.dbs.edu.hk/index.php?s=dbs&m=jobopenings","Diocesan Boys'","","","2026-08-30T16:14:23.675Z"
"FLIS0006","9.4","Singapore","20-22","Singapore","Good","9.6","600","1:10","IB, CIS","9.6","Global holistic leader.","9.6","9.6","9.7","Subsidised","High-Tech Hubs","IB / UWC","600","UWC South East Asia","9.7","25%","Premium","","Non-Profit","$4,280.00","Anglican Church (HK)","HK EDB","LFI","Non-Profit","Anglican Church (HK)","9.6","2026-05-26T10:41:07.831Z","0","[]","","success","true","{""_seconds"":1788076649,""_nanoseconds"":551000000}","","2026-08-30T07:57:29.549Z","https://www.uwcsea.edu.sg/uwcsea-careers","Search Associates, Schrole, UWC Movement Portal, LinkedIn","https://www.uwcsea.edu.sg/uwcsea-careers","UWC South East Asia","1061278","uwc-south-east-asia-1057094","2026-08-30T16:14:23.675Z"
"FLIS0007","8.0","Jordan","18-22","Amman","Good","8.1","140","1:11","IB, CIS","8.2","Innovation leader in Jordan.","8.4","7.4","8.6","Provided","Managed Tablet","IB","140","Amman Academy","8.5","20%","Full Private","","Non-Profit","$2,640.00","UWC Foundation","CIS","LFI","Non-Profit","UWC Foundation","7.4","2026-05-26T10:41:07.831Z","0","[]","","success","true","{""_seconds"":1788076653,""_nanoseconds"":492000000}","","2026-08-30T07:57:33.491Z","https://www.nordangliaeducation.com/amman-academy/careers","Nord Anglia Career Portal, Jobkey Jordan","https://www.nordangliaeducation.com/amman-academy/careers","Amman Academy","","","2026-08-30T16:14:23.675Z"
"FLIS0008","8.2","China","20","Shanghai","Good","8.4","250","1:12","IB, NCCT","9.1","Selective academic hub.","8.0","8.8","8.4","Provided","Standard Lab","US / IB","250","Shanghai High Int'l","7.8","18%","Full Private","","For-Profit","$3,450.00","Private / Family","CIS","LFI","For-Profit","Private / Family","8.8","2026-05-26T10:41:07.831Z","0","[]","","success","true","{""_seconds"":1788076648,""_nanoseconds"":942000000}","","2026-08-30T07:57:28.941Z","https://www.shsid.org/ABOUT_US/Career_at_SHSID.htm","Search Associates, eChinaCareers, LinkedIn","https://www.shsid.org/ABOUT_US/Career_at_SHSID.htm","Shanghai High Int'l","","","2026-08-30T16:14:23.675Z"
"FLIS0009","8.5","India","20","Mumbai","Good","8.5","170","1:10","IB, CIS","9.4","India's premier IB hub.","9.0","6.8","9.3","Subsidised","Smart Classroom","IGCSE / IB","170","Dhirubhai Ambani","8.8","22%","Standard","","Non-Profit","$2,660.00","Government (State-owned)","WASC","LFI","Non-Profit","Government (State-owned)","6.8","2026-05-26T10:41:07.831Z","0","[]","","success","true","{""_seconds"":1788077500,""_nanoseconds"":96000000}","","2026-08-30T08:11:39.139Z","https://www.dais.edu.in/careers.html","Naukri.com, LinkedIn, Search Associates","https://www.dais.edu.in/careers.html","Dhirubhai Ambani","","","2026-08-30T16:14:23.675Z"
"FLIS0010","9.2","Singapore","18-22","Singapore","Good","9.5","300","1:10","IB, BSO","9.6","Elite British flagship.","9.5","9.6","9.6","Subsidised","British Tech-Std","British / IB","300","Tanglin Trust","9.4","25%","Full Private","","Non-Profit","$3,995.00","Reliance Industries","CIS / NEASC","LFI","Non-Profit","Reliance Industries","9.6","2026-05-26T10:41:07.831Z","0","[]","","success","true","{""_seconds"":1788076652,""_nanoseconds"":595000000}","","2026-08-30T07:57:32.594Z","https://www.tts.edu.sg/careers","Search Associates, Schrole, LinkedIn, JobStreet Singapore","https://www.tts.edu.sg/careers","Tanglin Trust","1057206","tanglin-trust-school-1057206","2026-08-30T16:14:23.675Z"
"FLIS0011","7.8","Hong Kong","24","Hong Kong","Good","8.0","120","1:14","IB","8.5","Local-Int'l HK hybrid.","7.8","9.1","8.2","Subsidised","Local/HK Integrated","HKDSE/IB","120","G.T. (Ellen Yeung)","7.0","15%","Standard","","Non-Profit","$3,340.00","Tanglin Trust Ltd","BSO","LFI","Non-Profit","Tanglin Trust Ltd","9.1","2026-05-26T10:41:07.831Z","0","[]","","success","true","{""_seconds"":1788076644,""_nanoseconds"":475000000}","","2026-08-30T07:57:24.473Z","https://www.gtcollege.edu.hk/recruitment","JobsDB Hong Kong, LinkedIn","https://www.gtcollege.edu.hk/recruitment","G.T. (Ellen Yeung)","","","2026-08-30T16:14:23.675Z"
"FLIS0012","8.6","China","20","Foshan","Good","8.5","350","1:9","IB, CIE","8.8","Massive premium campus.","8.5","8.5","8.5","Provided","Large Campus Tech","IB / CIE","350","GD Country Garden","8.2","20%","Full Private","","Non-Profit","$3,230.00","G.T. Education Foundation","HK EDB","LFI","Non-Profit","G.T. Education Foundation","8.5","2026-05-26T10:41:07.831Z","0","[]","","success","true","{""_seconds"":1788076641,""_nanoseconds"":664000000}","","2026-08-30T07:57:21.663Z","https://www.bgy.gd.cn/job/","Bright Scholar Portal, eChinaCareers, Teach Away","https://www.bgy.gd.cn/job/","GD Country Garden","1058223","guangdong-country-garden-school--gcgs--1058223","2026-08-30T16:14:23.675Z"
"FLIS0013","8.0","Hong Kong","24","Hong Kong","Good","8.0","140","1:13","IB","8.2","Heritage boarding HK.","7.5","9.1","8.0","Subsidised","Heritage/Modern","HKDSE/IB","140","St. Stephen's","7.2","15%","Standard","","For-Profit","$3,260.00","Bright Scholar Education","CIS","LFI","For-Profit","Bright Scholar Education","9.1","2026-05-26T10:41:07.831Z","0","[]","","success","true","{""_seconds"":1788076640,""_nanoseconds"":879000000}","","2026-08-30T07:57:20.878Z","https://www.ssc.edu.hk/index.php?option=com_content&view=article&id=82","JobsDB Hong Kong, Direct HK Gov Portal","https://www.ssc.edu.hk/index.php?option=com_content&view=article&id=82","St. Stephen's","","","2026-08-30T16:14:23.675Z"
"FLIS0014","8.5","Singapore","20","Singapore","Good","8.9","160","1:11","IB","8.9","Rigorous academic hub.","8.8","9.6","8.7","Subsidised","LMS Integrated","IGCSE / IB","160","ACS International","8.6","20%","Full Private","","Non-Profit","$3,540.00","Anglican Church (HK)","HK EDB","LFI","Non-Profit","Anglican Church (HK)","9.6","2026-05-26T10:41:07.831Z","0","[]","","success","true","{""_seconds"":1788076642,""_nanoseconds"":656000000}","","2026-08-30T07:57:22.655Z","https://www.acsinternational.edu.sg/careers/","Search Associates, JobStreet Singapore, LinkedIn","https://www.acsinternational.edu.sg/careers/","ACS International","1074273","acs-international-singapore-1074273","2026-08-30T16:14:23.675Z"
"FLIS0015","7.5","Azerbaijan","18","Baku","Good","7.4","75","1:8","IB, CIS","7.8","Innovative Baku leader.","7.5","7.2","8.8","Provided","Smart Board Focus","IB","100","European Azerbaijan","7.2","22%","Standard","","Non-Profit","$2,475.00","ACS Foundation","IB / CPE","LFI","For-Profit","ACS Foundation","6.8","2026-05-26T10:41:07.831Z","0","[]","","success","true","{""_seconds"":1788076636,""_nanoseconds"":988000000}","","2026-08-30T07:57:16.987Z","https://eas.edu.az/careers/","Teacher Horizons, LinkedIn, Search Associates","https://eas.edu.az/careers/","European Azerbaijan","1066426","the-european-azerbaijan-school-1066426","2026-08-30T16:14:23.675Z"
"FLIS0016","8.2","Singapore","22-25","Singapore","Good","8.7","155","1:13","IB","8.8","High-achieving CBSE/IB.","8.5","9.6","9.4","Subsidised","Google Ref.","CBSE / IB","155","NPS International","8.4","20%","Full Private","","Non-Profit","$3,180.00","TEAS Foundation","CIS","LFI","Non-Profit","TEAS Foundation","9.6","2026-05-26T10:41:07.831Z","0","[]","","success","true","{""_seconds"":1788076645,""_nanoseconds"":788000000}","","2026-08-30T07:57:25.787Z","https://www.npsinternational.edu.sg/careers","JobStreet Singapore, LinkedIn, NPS Group Portal","https://www.npsinternational.edu.sg/careers","NPS International","","","2026-08-30T16:14:23.675Z"
"FLIS0017","9.0","Hong Kong","18-20","Hong Kong","Good","9.3","210","1:7","IB, CIS, WASC","9.7","Elite bilingual immersion.","9.5","9.1","9.8","Subsidised","Apple Dist.","IB / Bilingual","210","The ISF Academy","9.2","25%","Premium","","For-Profit","$4,570.00","TGE Group","CPE / IB","LFI","For-Profit","TGE Group","9.1","2026-05-26T10:41:07.831Z","0","[]","","success","true","{""_seconds"":1788076640,""_nanoseconds"":317000000}","","2026-08-30T07:57:20.316Z","https://academy.isf.edu.hk/careers/","Search Associates, Schrole, JobsDB Hong Kong, LinkedIn","https://academy.isf.edu.hk/careers/","The ISF Academy","1273163","the-independent-schools-foundation-academy-isf-1273163","2026-08-30T16:14:23.675Z"
"FLIS0018","9.4","China","20-22","Beijing","Good","9.2","232","1:6","IB, CIS, WASC","9.5","Premier British ethos.","9.3","8.6","9.6","Provided","Microsoft Gold","British / IB","232","Dulwich Beijing","9.0","30%","Premium","","Non-Profit","$4,050.00","ISF Foundation","CIS / WASC","LFI","Non-Profit","ISF Foundation","8.6","2026-05-26T10:41:07.831Z","0","[]","","success","true","{""_seconds"":1788076642,""_nanoseconds"":925000000}","","2026-08-30T07:57:22.924Z","https://beijing.dulwich.org/careers","Education in Motion (EiM) Portal, Search Associates, Schrole","https://beijing.dulwich.org/careers","Dulwich Beijing","1057433","dulwich-college-beijing-1057433","2026-08-30T16:14:23.675Z"
"FLIS0019","8.5","Hong Kong","22-25","Hong Kong","Good","8.9","189","1:10","IB","9.4","Math/Science foundation.","8.8","9.1","9.5","Subsidised","Canvas/Mac","SG / IB","189","Singapore Int'l (HK)","8.6","20%","Full Private","","For-Profit","$3,930.00","Education in Motion (EiM)","BSO","LFI","For-Profit","Education in Motion (EiM)","9.1","2026-05-26T10:41:07.831Z","0","[]","","success","true","{""_seconds"":1788076642,""_nanoseconds"":604000000}","","2026-08-30T07:57:22.603Z","https://www.singapore.edu.hk/careers/","JobsDB Hong Kong, LinkedIn, Singapore MOE Portal","https://www.singapore.edu.hk/careers/","Singapore Int'l (HK)","1262787","singapore-international-school-1262787","2026-08-30T16:14:23.675Z"
"FLIS0020","8.2","Hong Kong","20","Hong Kong","Good","8.5","165","1:12","IB","8.7","Through-train retention.","8.2","9.1","9.1","Subsidised","Managed Chrome","IGCSE / IB","165","PLK Choi Kai Yau","8.4","18%","Full Private","","Non-Profit","$3,530.00","Ministry of Education (SG)","HK EDB","LFI","Non-Profit","Ministry of Education (SG)","9.1","2026-05-26T10:41:07.831Z","0","[]","","success","true","{""_seconds"":1788076637,""_nanoseconds"":892000000}","","2026-08-30T07:57:17.891Z","http://www.cky.edu.hk/recruitment/","JobsDB Hong Kong, Po Leung Kuk Portal","http://www.cky.edu.hk/recruitment/","PLK Choi Kai Yau","","","2026-08-30T16:14:23.675Z"
"FLIS0021","9.1","China","18-22","Shanghai","Good","9.0","205","1:8","IB, WASC","9.2","Holistic bilingual leader.","9.3","8.8","9.3","Provided","STEAM/VR Hub","IGCSE / IB","205","YK Pao School","8.8","25%","Premium","","Non-Profit","$4,120.00","Po Leung Kuk","HK EDB","LFI","Non-Profit","Po Leung Kuk","8.8","2026-05-26T10:41:07.831Z","0","[]","","success","true","{""_seconds"":1788076644,""_nanoseconds"":736000000}","","2026-08-30T07:57:24.735Z","https://www.ykpaoschool.cn/careers","Search Associates, Schrole, eChinaCareers, LinkedIn","https://www.ykpaoschool.cn/careers","YK Pao School","1057565","yk-pao-school-1057565","2026-08-30T16:14:23.675Z"
"FLIS0022","8.8","India","20-22","Noida","Good","8.2","325","1:8","IB","8.6","Progressive Noida leader.","8.5","6.2","8.9","Subsidised","Smart Classroom","CBSE / IB","325","Step by Step","9.0","22%","Standard","","Non-Profit","$2,570.00","YK Pao Foundation","Riverside / WASC","LFI","Non-Profit","YK Pao Foundation","6.2","2026-05-26T10:41:07.831Z","0","[]","","success","true","{""_seconds"":1788076633,""_nanoseconds"":309000000}","","2026-08-30T07:57:13.307Z","https://stepbystep.ed.in/careers/","Naukri.com, LinkedIn","https://stepbystep.ed.in/careers/","Step by Step","","","2026-08-30T16:14:23.675Z"
"FLIS0023","9.5","China","16-22","Shanghai","Good","9.3","150","1:16","IB, CIS, WASC","9.6","Flagship IB performance.","9.4","8.8","9.6","Provided","Media Arts/Film","British / IB","150","Dulwich Pudong","9.2","30%","Premium","","For-Profit","$4,210.00","Private / Family","IB","LFI","For-Profit","Private / Family","8.8","2026-05-26T10:41:07.831Z","0","[]","","success","true","{""_seconds"":1788076632,""_nanoseconds"":671000000}","","2026-08-30T07:57:12.669Z","https://shanghai-pudong.dulwich.org/careers","Education in Motion (EiM) Portal, Search Associates, Schrole","https://shanghai-pudong.dulwich.org/careers","Dulwich Pudong","1057370","dulwich-college-shanghai-pudong-dcs-1057370","2026-08-30T16:14:23.675Z"
"FLIS0024","9.3","Singapore","22-23","Singapore","Good","9.2","195","1:10","IB","9.1","Premium Lasallian IB.","9.0","9.6","9.6","Subsidised","1:1 Chrome","IGCSE / IB","195","SJI International","9.2","25%","Full Private","","For-Profit","$3,895.00","Education in Motion (EiM)","BSO","LFI","For-Profit","Education in Motion (EiM)","9.6","2026-05-26T10:41:07.831Z","0","[]","","success","true","{""_seconds"":1788076647,""_nanoseconds"":23000000}","","2026-08-30T07:57:27.022Z","https://www.sji-international.com.sg/about/careers","Search Associates, Schrole, JobStreet Singapore, LinkedIn","https://www.sji-international.com.sg/about/careers","SJI International","1055929","sji-international-school-1055929","2026-08-30T16:14:23.675Z"
"FLIS0025","8.8","Hong Kong","20","Hong Kong","Good","9.0","300","1:10","IB, CIS","9.0","Ontario/IB dual focus.","9.2","9.1","9.5","Subsidised","Arts/Tech Center","IB / Ontario","300","Canadian Int'l (HK)","9.1","25%","Full Private","","Non-Profit","$4,140.00","Lasallian Brothers","IB / CPE","LFI","Non-Profit","Lasallian Brothers","9.1","2026-05-26T10:41:07.832Z","0","[]","","success","true","{""_seconds"":1788076638,""_nanoseconds"":706000000}","","2026-08-30T07:57:18.705Z","https://www.cdnis.edu.hk/careers","Search Associates, Schrole, LinkedIn, JobsDB Hong Kong","https://www.cdnis.edu.hk/careers","Canadian Int'l (HK)","1071231","canadian-international-school-of-hong-kong-1071231","2026-08-30T16:14:23.675Z"
"FLIS0026","9.2","Qatar","20-23","Doha","Good","8.8","200","1:9","IB, CIS, NEASC","8.5","QF innovation leader.","8.5","9.2","9.4","Provided","High-Tech Lab","IB","200","Qatar Academy","8.6","20%","Full Gov/Pri","","Non-Profit","$3,850.00","Independent Board","CIS / IB","LFI","Non-Profit","Independent Board","9.2","2026-05-26T10:41:07.832Z","0","[]","","success","true","{""_seconds"":1788076635,""_nanoseconds"":281000000}","","2026-08-30T07:57:15.280Z","https://www.qf.org.qa/careers","Qatar Foundation Career Portal, Teach Away, Search Associates","https://www.qf.org.qa/careers","Qatar Academy","1071381","qatar-foundation-1071381","2026-08-30T16:14:23.675Z"
"FLIS0027","9.6","UAE","18-22","Dubai","Good","9.5","185","1:10","IB, CIS","9.3","Innovation-first flagship.","9.8","9.1","9.7","Provided","Apple Dist.","IB","185","GEMS World Dubai","9.5","25%","Premium","","Non-Profit","$4,170.00","Qatar Foundation","CIS / NEASC","LFI","Non-Profit","Qatar Foundation","9.1","2026-05-26T10:41:07.832Z","0","[]","","success","true","{""_seconds"":1788076634,""_nanoseconds"":161000000}","","2026-08-30T07:57:14.159Z","https://www.gemsworldacademy-dubai.com/en/Careers","GEMS Education Careers Portal, Teach Away, Gulf Talent","https://www.gemsworldacademy-dubai.com/en/Careers","GEMS World Dubai","1060996","gems-world-academy-dubai-1060996","2026-08-30T16:14:23.675Z"
"FLIS0028","8.5","UAE","20","Abu Dhabi","Good","8.5","800","1:12","IB, BSO","8.2","Massive innovation network.","8.8","9.2","9.2","Provided","Innovation Hub","British / US / IB","800","Aldar Academies","8.0","15%","Full Gov/Pri","","For-Profit","$3,645.00","GEMS Education","KHDA","LFI","For-Profit","GEMS Education","9.2","2026-05-26T10:41:07.832Z","0","[]","","success","true","{""_seconds"":1788359816,""_nanoseconds"":317000000}","{""schoolId"":""FLIS0028"",""schoolName"":""Aldar Academies"",""category"":""LOW_TURNOVER"",""statusLabel"":""Low Turnover (Stable)"",""isUpdating"":false,""lastScrapedAt"":""2026-09-02T14:36:20.972Z"",""metrics"":{""estimatedStaffBase"":""800"",""totalKnownVacancies"":7,""estimatedChurnRatePercent"":1,""leadershipVacanciesCount"":0,""secondaryVacanciesCount"":5,""primaryVacanciesCount"":2,""riskRating"":""LOW"",""leadershipChurnRatioPercent"":0,""averageYearlyTesAdverts"":7},""scrapedJobsList"":[""Teacher - EYFS (Posted: 2026-08-24T20:00:00.000Z; Closes: 2026-12-29) - TES"",""Teacher-Math- Mubarak Bin Mohammed Cycle 2 & 3 Charter School - AY 26-27 (Posted: 2026-08-31) - Teach Away"",""Teacher - Primary - (Term 2 - AY 26/27) (Posted: 2026-08-24T20:00:00.000Z; Closes: 2026-10-28) - TES"",""Physical Education Teacher - Female - Immediate Start (Posted: Recently; Closes: [object Object]) - TES"",""Teacher - EYFS - (Term 2 - AY 26/27) - Aldar Education (Posted: Recently; Closes: [object Object]) - TES"",""Teacher - EYFS - Aldar Education (Immediate Start)Aldar Education, United Arab EmiratesAldar Education are currently seeking an outstanding Teacher - EYFS in Abu Dhabi to join in Academic Year 2026/2027. This is an exciting opportunity to join the highly successful Aldar family. Candidates must have a secure knowledge of... (Posted: Recently; Closes: [object Object]) - TES"",""Teacher - Science - Yasmina British Academy - October start (Posted: Recently; Closes: [object Object]) - TES"",""Teacher - Primary - Aldar Education (Immediate Start)Aldar Education, United Arab EmiratesAldar Education are currently seeking an outstanding Teacher - Primary in Abu Dhabi to join in Academic Year 2026/2027. This is an exciting opportunity to join the highly successful Aldar family. Candidates must have a secure knowledge of... (Posted: Recently; Closes: [object Object]) - TES"",""Teacher - EYFS - Aldar Education (Immediate Start) (Posted: Recently; Closes: [object Object]) - TES"",""Teacher - EYFS - - Aldar Education (Posted: Recently; Closes: [object Object]) - TES"",""Teacher - Primary - (Term 2 - AY 26/27) - Aldar EducationAldar Education, Abu DhabiAldar Education are currently seeking an outstanding Teacher - Primary in Abu Dhabi to join in Academic Year 2026/2027. This is an exciting opportunity to join the highly successful Aldar family. Candidates must have a secure knowledge of... (Posted: Recently; Closes: [object Object]) - TES"",""Teacher - Primary - Aldar Education (Immediate Start) (Posted: Recently; Closes: [object Object]) - TES"",""Teacher - Science (Maternity Cover) - Yasmina British Academy - October startAldar Education, United Arab EmiratesAldar Education are currently seeking an outstanding Teacher - Science (Maternity Cover) for Yasmina British Academy in Abu Dhabi to join in October 2026. Yasmina British Academy is an outstanding English Curriculum school in the beautiful city... (Posted: Recently; Closes: [object Object]) - TES"",""Teacher-Math- Mubarak Bin Mohammed Cycle 2 & 3 Charter School - AY 26-27 (Posted: Recently) - Teach Away"",""Physical Education Teacher - Female - Immediate StartAldar Education, Abu DhabiAldar Education is seeking an outstanding Teacher of Physical Education to join out Team in Abu Dhabi. We are looking for candidates who can start immediately. (Posted: Recently; Closes: [object Object]) - TES"",""Teacher - Primary - Aldar Education (Posted: Recently; Closes: [object Object]) - TES"",""Teacher - Primary - (Term 2 - AY 26/27) - Aldar Education (Posted: Recently; Closes: [object Object]) - TES"",""Physical Education Teacher (Posted: Recently; Closes: [object Object]) - TES"",""Teacher - Science (Maternity Cover) - Yasmina British Academy - October start (Posted: Recently; Closes: [object Object]) - TES"",""Physical Education Teacher (January 2027) (Posted: Recently; Closes: [object Object]) - TES"",""Teacher - EYFS - (Term 2 - AY 26/27) - Aldar EducationAldar Education, Abu DhabiAldar Education are currently seeking an outstanding Teacher - EYFS in Abu Dhabi to join in Academic Year 2026/2027. This is an exciting opportunity to join the highly successful Aldar family. Candidates must have a secure knowledge of... (Posted: Recently; Closes: [object Object]) - TES"",""Physical Education Teacher - January 2027 StartAldar Education, Abu DhabiAldar Education is seeking an outstanding Teacher of Physical Education to join out Team in Abu Dhabi. We are looking for candidates who can start immediately. (Posted: Recently; Closes: [object Object]) - TES""],""vacancies_discovered"":[{""title"":""Physical Education Teacher"",""department"":""Secondary"",""source"":""TES"",""source_url"":""https://www.aldar-academies.com"",""date_listed"":""January 2027"",""date_closing"":null,""status"":""OPEN"",""recruitmentCycle"":""CURRENT""},{""title"":""Teacher - EYFS"",""department"":""Primary"",""source"":""TES"",""source_url"":""https://www.aldar-academies.com"",""date_listed"":""2026-08-24T20:00:00.000Z"",""date_closing"":""2026-12-29"",""status"":""OPEN"",""recruitmentCycle"":""CURRENT""},{""title"":""Teacher - Primary -"",""department"":""Primary"",""source"":""TES"",""source_url"":""https://www.aldar-academies.com"",""date_listed"":""2026-08-24T20:00:00.000Z"",""date_closing"":""2026-10-28"",""status"":""OPEN"",""recruitmentCycle"":""CURRENT""},{""title"":""Physical Education Teacher - Female - Immediate Start"",""department"":""Secondary"",""source"":""TES"",""source_url"":""https://www.aldar-academies.com"",""date_listed"":""Recently"",""date_closing"":""[object Object]"",""status"":""OPEN"",""recruitmentCycle"":""CURRENT""},{""title"":""Teacher - Science - Yasmina British Academy - October start"",""department"":""Secondary"",""source"":""TES"",""source_url"":""https://www.aldar-academies.com"",""date_listed"":""Recently"",""date_closing"":""[object Object]"",""status"":""OPEN"",""recruitmentCycle"":""CURRENT""},{""title"":""Physical Education Teacher - January 2027 StartAldar Education, Abu DhabiAldar E"",""department"":""Secondary"",""source"":""TES"",""source_url"":""https://www.aldar-academies.com"",""date_listed"":""Recently"",""date_closing"":""[object Object]"",""status"":""OPEN"",""recruitmentCycle"":""CURRENT""},{""title"":""Teacher-Math- Mubarak Bin Mohammed Cycle 2 & 3 Charter School - AY 26-27"",""department"":""Secondary"",""source"":""Teach Away"",""source_url"":""https://www.aldar-academies.com"",""date_listed"":""2026-08-31"",""date_closing"":null,""status"":""CLOSED"",""recruitmentCycle"":""CURRENT""}],""structured_vacancies"":[{""title"":""Physical Education Teacher"",""department"":""Secondary"",""source"":""TES"",""source_url"":""https://www.aldar-academies.com"",""date_listed"":""January 2027"",""date_closing"":null,""status"":""OPEN"",""recruitmentCycle"":""CURRENT""},{""title"":""Teacher - EYFS"",""department"":""Primary"",""source"":""TES"",""source_url"":""https://www.aldar-academies.com"",""date_listed"":""2026-08-24T20:00:00.000Z"",""date_closing"":""2026-12-29"",""status"":""OPEN"",""recruitmentCycle"":""CURRENT""},{""title"":""Teacher - Primary -"",""department"":""Primary"",""source"":""TES"",""source_url"":""https://www.aldar-academies.com"",""date_listed"":""2026-08-24T20:00:00.000Z"",""date_closing"":""2026-10-28"",""status"":""OPEN"",""recruitmentCycle"":""CURRENT""},{""title"":""Physical Education Teacher - Female - Immediate Start"",""department"":""Secondary"",""source"":""TES"",""source_url"":""https://www.aldar-academies.com"",""date_listed"":""Recently"",""date_closing"":""[object Object]"",""status"":""OPEN"",""recruitmentCycle"":""CURRENT""},{""title"":""Teacher - Science - Yasmina British Academy - October start"",""department"":""Secondary"",""source"":""TES"",""source_url"":""https://www.aldar-academies.com"",""date_listed"":""Recently"",""date_closing"":""[object Object]"",""status"":""OPEN"",""recruitmentCycle"":""CURRENT""},{""title"":""Physical Education Teacher - January 2027 StartAldar Education, Abu DhabiAldar E"",""department"":""Secondary"",""source"":""TES"",""source_url"":""https://www.aldar-academies.com"",""date_listed"":""Recently"",""date_closing"":""[object Object]"",""status"":""OPEN"",""recruitmentCycle"":""CURRENT""},{""title"":""Teacher-Math- Mubarak Bin Mohammed Cycle 2 & 3 Charter School - AY 26-27"",""department"":""Secondary"",""source"":""Teach Away"",""source_url"":""https://www.aldar-academies.com"",""date_listed"":""2026-08-31"",""date_closing"":null,""status"":""CLOSED"",""recruitmentCycle"":""CURRENT""}],""total_known_vacancies"":7,""estimated_churn_percentage"":1,""leadership_vacancies_count"":0,""secondary_vacancies_count"":5,""primary_vacancies_count"":2,""leopardfishIntelAlert"":""Leopardfish Multi-Engine Audit: Stable retention pattern with 7 active vacancies detected across TES, GRC Search, and official school portals."",""churn_implications_commentary"":""Leopardfish Multi-Engine Audit: Stable retention pattern with 7 active vacancies detected across TES, GRC Search, and official school portals."",""senior_leadership_churn_percentage"":0}","2026-09-02T14:36:20.972Z","https://aldareducation.com/careers/","Aldar Education Portal, Teach Away, Gulf Talent, LinkedIn","https://aldareducation.com/careers/","Aldar Academies","1220983","aldar-education-1220983","2026-08-30T16:14:23.675Z"
"FLIS0029","9.0","UAE","18-22","Dubai","Good","9.1","200","1:10","IB, COBIS, BSO","9.4","Elite British results.","9.1","9.1","9.4","Provided","Microsoft Gold","British / IB","200","JESS Dubai","8.8","25%","Premium","","Non-Profit*","$4,210.00","Aldar Properties Group","ADEK","LFI","Non-Profit*","Aldar Properties Group","9.1","2026-05-26T10:41:07.832Z","0","[]","","success","true","{""_seconds"":1788076627,""_nanoseconds"":436000000}","","2026-08-30T07:57:07.434Z","https://www.jess.sch.ae/careers","Teach Away, Gulf Talent, Search Associates, LinkedIn","https://www.jess.sch.ae/careers","JESS Dubai","1055094","jumeirah-english-speaking-school-jess-1055094","2026-08-30T16:14:23.675Z"
"FLIS0030","8.8","India","18-20","Bengaluru","Good","8.3","100","1:9","IB, CIS","8.7","Holistic cognitive growth.","8.5","6.5","8.8","Subsidised","Fine Arts Focus","IB","100","Neev Academy","9.2","25%","Standard","","Non-Profit","$2,385.00","Parent Cooperative","KHDA","LFI","Non-Profit","Parent Cooperative","6.5","2026-05-26T10:41:07.832Z","0","[]","","success","true","{""_seconds"":1788076641,""_nanoseconds"":390000000}","","2026-08-30T07:57:21.389Z","https://neevacademy.org/careers/","Schrole, Naukri.com, LinkedIn","https://neevacademy.org/careers/","Neev Academy","","","2026-08-30T16:14:23.675Z"
"FLIS0031","8.2","India","20","Mumbai","Good","8.2","80","1:5","IB","9.0","Holistic Mumbai leader.","8.4","6.8","8.8","Subsidised","Google Workspace","IGCSE / IB","80","Bombay Int'l","8.8","22%","Standard","","For-Profit","$2,100.00","Private / Family","CIS","LFI","For-Profit","Private / Family","6.8","2026-05-26T10:41:07.832Z","0","[]","","success","true","{""_seconds"":1788076634,""_nanoseconds"":387000000}","","2026-08-30T07:57:14.386Z","https://bis.edu.in/careers/","Naukri.com, LinkedIn","https://bis.edu.in/careers/","Bombay Int'l","","","2026-08-30T16:14:23.675Z"
"FLIS0032","8.8","Singapore","18-22","Singapore","Good","8.8","120","1:12","IB","9.5","High-performance boarding.","8.5","9.6","9.2","Subsidised","Microsoft/LMS","IGCSE / IB","120","Hwa Chong Int'l","7.6","18%","Full Private","","Non-Profit","$3,685.00","Parent Cooperative","IB / CIS","LFI","Non-Profit","Parent Cooperative","9.6","2026-05-26T10:41:07.832Z","0","[]","","success","true","{""_seconds"":1788076628,""_nanoseconds"":269000000}","","2026-08-30T07:57:08.267Z","https://www.hcis.edu.sg/careers/","JobStreet Singapore, LinkedIn","https://www.hcis.edu.sg/careers/","Hwa Chong Int'l","","","2026-08-30T16:14:23.675Z"
"FLIS0033","9.4","China","18-20","Shenzhen","Good","9.0","130","1:8","IB, CIS","8.8","Tech-centric SZ leader.","9.5","8.8","8.9","Provided","Apple Dist.","IB","130","IS Nanshan","8.6","25%","Premium","","Non-Profit","$3,765.00","Hwa Chong Board","IB / CPE","LFI","Non-Profit","Hwa Chong Board","8.8","2026-05-26T10:41:07.832Z","0","[]","","success","true","{""_seconds"":1788076636,""_nanoseconds"":536000000}","","2026-08-30T07:57:16.534Z","https://www.isnsz.com/careers","Search Associates, ISS, eChinaCareers","https://www.isnsz.com/careers","IS Nanshan","","","2026-08-30T16:14:23.675Z"
"FLIS0034","9.5","China","18-22","Shanghai","Good","9.3","200","1:6","IB, COBIS","9.4","Premium British flagship.","9.6","8.8","9.4","Provided","High-Tech Lab","British / IB","200","Wellington Shanghai","9.0","30%","Premium","","For-Profit","$4,120.00","Canadian International (GZ)","New Brunswick / IB","LFI","For-Profit","Canadian International (GZ)","8.8","2026-05-26T10:41:07.832Z","0","[]","","success","true","{""_seconds"":1788076695,""_nanoseconds"":862000000}","","2026-08-30T07:58:15.861Z","https://shanghai.wellingtoncollege.cn/careers","Wellington China Portal, Search Associates, Schrole","https://shanghai.wellingtoncollege.cn/careers","Wellington Shanghai","1067101","wellington-college-international-shanghai-1067101","2026-08-30T16:14:23.675Z"
"FLIS0035","9.2","China","15-20","Chengdu","Good","8.7","100","1:7","IB, CIS, NEASC","8.4","Expansive US/IB hub.","8.2","8.4","8.5","Provided","Managed Tablet","IB / US","100","Leman Chengdu","9.2","30%","Full Private","","For-Profit","$3,230.00","Wellington College Int'l","BSO","LFI","For-Profit","Wellington College Int'l","8.4","2026-05-26T10:41:07.832Z","0","[]","","success","true","{""_seconds"":1788076637,""_nanoseconds"":391000000}","","2026-08-30T07:57:17.390Z","https://www.nordangliaeducation.com/lis-chengdu/careers","Nord Anglia Career Portal, Search Associates, Schrole","https://www.nordangliaeducation.com/lis-chengdu/careers","Leman Chengdu","1071034","leman-international-school-chengdu-1071034","2026-08-30T16:14:23.675Z"
"FLIS0036","8.4","Singapore","22-26","Singapore","Good","8.9","200","1:14","IB","8.6","AI-integrated campus.","9.8","9.6","9.1","Subsidised","AI-Enhanced Class","CBSE / IB","200","GIIS SMART","8.0","20%","Standard","","For-Profit","$3,080.00","Nord Anglia Education","CIS","LFI","For-Profit","Nord Anglia Education","9.6","2026-05-26T10:41:07.832Z","0","[]","","success","true","{""_seconds"":1788076631,""_nanoseconds"":443000000}","","2026-08-30T07:57:11.441Z","https://singapore.globalindianschool.org/careers","Global Schools Foundation Portal, JobStreet, LinkedIn","https://singapore.globalindianschool.org/careers","GIIS SMART","","","2026-08-30T16:14:23.675Z"
"FLIS0037","7.6","Czechia","22","Prague","Premier","8.0","75","1:9","MEYS / IB","9.2","Elite Academic Standing","8.0","9.5","8.8","Not Included","ManageBac","IB DP","80","New PORG Prague","7.0","18","Public/Private","","Non-Profit","$2,340","PORG Foundation","CSI","LFI","Non-Profit","PORG Foundation","9.5","2026-05-26T10:41:07.832Z","0","[]","","success","true","{""_seconds"":1788076627,""_nanoseconds"":30000000}","","2026-08-30T07:57:07.028Z","https://www.porg.cz/en/careers","Prace.cz, LinkedIn","https://www.porg.cz/en/careers","New PORG Prague","1057493","porg-prague-1057493","2026-08-30T16:14:23.675Z"
"FLIS0038","7.2","France","20-25","Paris","Good","7.9","250","1:9","IB, CIS","9.7","Paris bilingual power.","8.4","6.8","9.5","Not Included","Bilingual Hub","French / IB","250","Ecole Jeannine Manuel","7.5","15%","Standard","","Non-Profit","$2,075.00","PORG Foundation","Czech Ministry","LFI","Non-Profit","PORG Foundation","6.8","2026-05-26T10:41:07.832Z","0","[]","","success","true","{""_seconds"":1788284841,""_nanoseconds"":266000000}","{""schoolId"":""FLIS0038"",""schoolName"":""Ecole Jeannine Manuel"",""category"":""LOW_TURNOVER"",""statusLabel"":""Low Turnover (Stable)"",""isUpdating"":false,""lastScrapedAt"":""2026-09-01T17:44:44.793Z"",""metrics"":{""estimatedStaffBase"":60,""totalKnownVacancies"":4,""estimatedChurnRatePercent"":7,""leadershipVacanciesCount"":0,""secondaryVacanciesCount"":4,""primaryVacanciesCount"":0,""riskRating"":""LOW"",""leadershipChurnRatioPercent"":0,""averageYearlyTesAdverts"":4},""scrapedJobsList"":[""Responsable Safeguarding (H/F) (Posted: 2026-08-31T15:53:16.561Z) - Globeducate"",""Professeur(e) d'Histoire Géographie (H/F) (Posted: 2026-08-31T15:53:16.554Z) - Globeducate"",""Surveillant(e) Pause méridienne (H/F) (Posted: 2026-08-31T15:53:16.552Z) - Globeducate"",""Professeur(e) d'anglais (H/F) (Posted: 2026-08-31T15:53:16.555Z) - Globeducate"",""Agent(e) de maintenance polyvalent(e) (H/F) (Posted: 2026-08-31T15:53:16.555Z) - Globeducate"",""Professeur(e) d'espagnol H/F (Posted: 2026-08-31T15:53:16.555Z) - Globeducate"",""Professeur / Professeure de Français Langue Etrangère (FLE) (H/F) (Posted: 2026-08-31T15:53:16.559Z) - Globeducate"",""Professeur(e) de Français (H/F) (Posted: 2026-08-31T15:53:16.555Z) - Globeducate"",""Responsable Safeguarding (H/F) (Posted: Recently; Closes: [object Object]) - Globeducate"",""Professeur(e) d'Histoire Géographie (H/F) (Posted: Recently; Closes: [object Object]) - Globeducate"",""Surveillant(e) Pause méridienne (H/F) (Posted: Recently; Closes: [object Object]) - Globeducate"",""Professeur(e) d'anglais (H/F) (Posted: Recently; Closes: [object Object]) - Globeducate"",""Agent(e) de maintenance polyvalent(e) (H/F) (Posted: Recently; Closes: [object Object]) - Globeducate"",""Professeur(e) d'espagnol H/F (Posted: Recently; Closes: [object Object]) - Globeducate"",""Professeur / Professeure de Français Langue Etrangère (FLE) (H/F) (Posted: Recently; Closes: [object Object]) - Globeducate"",""Professeur(e) de Français (H/F) (Posted: Recently; Closes: [object Object]) - Globeducate""],""vacancies_discovered"":[{""title"":""Responsable Safeguarding"",""department"":""Secondary"",""source"":""Globeducate"",""source_url"":""https://www.ecole-jeannine-manuel.com"",""date_listed"":""2026-08-31T15:53:16.561Z"",""date_closing"":null,""status"":""OPEN"",""recruitmentCycle"":""CURRENT""},{""title"":""Agent"",""department"":""Secondary"",""source"":""Globeducate"",""source_url"":""https://www.ecole-jeannine-manuel.com"",""date_listed"":""2026-08-31T15:53:16.555Z"",""date_closing"":null,""status"":""OPEN"",""recruitmentCycle"":""CURRENT""},{""title"":""Professeur"",""department"":""Secondary"",""source"":""Globeducate"",""source_url"":""https://www.ecole-jeannine-manuel.com"",""date_listed"":""2026-08-31T15:53:16.554Z"",""date_closing"":null,""status"":""OPEN"",""recruitmentCycle"":""CURRENT""},{""title"":""Surveillant"",""department"":""Secondary"",""source"":""Globeducate"",""source_url"":""https://www.ecole-jeannine-manuel.com"",""date_listed"":""2026-08-31T15:53:16.552Z"",""date_closing"":null,""status"":""OPEN"",""recruitmentCycle"":""CURRENT""}],""structured_vacancies"":[{""title"":""Responsable Safeguarding"",""department"":""Secondary"",""source"":""Globeducate"",""source_url"":""https://www.ecole-jeannine-manuel.com"",""date_listed"":""2026-08-31T15:53:16.561Z"",""date_closing"":null,""status"":""OPEN"",""recruitmentCycle"":""CURRENT""},{""title"":""Agent"",""department"":""Secondary"",""source"":""Globeducate"",""source_url"":""https://www.ecole-jeannine-manuel.com"",""date_listed"":""2026-08-31T15:53:16.555Z"",""date_closing"":null,""status"":""OPEN"",""recruitmentCycle"":""CURRENT""},{""title"":""Professeur"",""department"":""Secondary"",""source"":""Globeducate"",""source_url"":""https://www.ecole-jeannine-manuel.com"",""date_listed"":""2026-08-31T15:53:16.554Z"",""date_closing"":null,""status"":""OPEN"",""recruitmentCycle"":""CURRENT""},{""title"":""Surveillant"",""department"":""Secondary"",""source"":""Globeducate"",""source_url"":""https://www.ecole-jeannine-manuel.com"",""date_listed"":""2026-08-31T15:53:16.552Z"",""date_closing"":null,""status"":""OPEN"",""recruitmentCycle"":""CURRENT""}],""total_known_vacancies"":4,""estimated_churn_percentage"":7,""leadership_vacancies_count"":0,""secondary_vacancies_count"":4,""primary_vacancies_count"":0,""leopardfishIntelAlert"":""Leopardfish Multi-Engine Audit: Stable retention pattern with 4 active vacancies detected across TES, GRC Search, and official school portals."",""churn_implications_commentary"":""Leopardfish Multi-Engine Audit: Stable retention pattern with 4 active vacancies detected across TES, GRC Search, and official school portals."",""senior_leadership_churn_percentage"":0}","2026-09-01T17:44:44.793Z","https://www.ecolejeanninemanuel.org/en/careers","Search Associates, LinkedIn","https://www.ecolejeanninemanuel.org/en/careers","Ecole Jeannine Manuel","1057899","ecole-jeannine-manuel-paris-1057899","2026-08-30T16:14:23.675Z"
"FLIS0039","7.4","Greece","18-22","Athens","Good","8.0","120","1:10","IB, COBIS, CIS","9.0","Premier British hub.","8.2","7.2","8.6","Not Included","British Standard","British / IB","120","St Catherine's","8.4","20%","Full Private","","Non-Profit","$2,255.00","Fondation J. Manuel","CIS / French Ministry","LFI","Non-Profit","Fondation J. Manuel","7.2","2026-05-26T10:41:07.832Z","0","[]","","success","true","{""_seconds"":1788076659,""_nanoseconds"":611000000}","","2026-08-30T07:57:39.610Z","https://www.stcatherines.gr/careers/","Search Associates, LinkedIn","https://www.stcatherines.gr/careers/","St Catherine's","1065747","st-catherine-s-british-school-1065747","2026-08-30T16:14:23.675Z"
"FLIS0040","7.5","Italy","18-22","Milan","Good","8.1","110","1:9","IB, COBIS, CIS","9.2","Respected Italy leader.","8.5","7.0","8.7","Not Included","Microsoft Gold","British / IB","110","British Milan","8.2","20%","Full Private","","Non-Profit","$1,940.00","Community / Trust","BSO","LFI","Non-Profit","Community / Trust","7.0","2026-05-26T10:41:07.832Z","0","[]","","success","true","{""_seconds"":1788284775,""_nanoseconds"":165000000}","{""schoolId"":""FLIS0040"",""schoolName"":""British Milan"",""category"":""LOW_TURNOVER"",""statusLabel"":""Low Turnover (Stable)"",""isUpdating"":false,""lastScrapedAt"":""2026-09-01T17:44:44.811Z"",""metrics"":{""estimatedStaffBase"":60,""totalKnownVacancies"":2,""estimatedChurnRatePercent"":3,""leadershipVacanciesCount"":0,""secondaryVacanciesCount"":1,""primaryVacanciesCount"":1,""riskRating"":""LOW"",""leadershipChurnRatioPercent"":0,""averageYearlyTesAdverts"":2},""scrapedJobsList"":[""Early Years Teacher (Posted: 2026-08-31T15:30:35.349Z) - Globeducate"",""Physics Teacher | September or January start (Posted: 2026-08-31T15:30:35.349Z) - Globeducate"",""Early Years Teacher (Posted: Recently; Closes: [object Object]) - Globeducate"",""Physics Teacher | September or January start (Posted: Recently; Closes: [object Object]) - Globeducate""],""vacancies_discovered"":[{""title"":""Early Years Teacher"",""department"":""Primary"",""source"":""Globeducate"",""source_url"":""https://www.british-milan.com"",""date_listed"":""2026-08-31T15:30:35.349Z"",""date_closing"":null,""status"":""OPEN"",""recruitmentCycle"":""CURRENT""},{""title"":""Physics Teacher | September or January start"",""department"":""Secondary"",""source"":""Globeducate"",""source_url"":""https://www.british-milan.com"",""date_listed"":""2026-08-31T15:30:35.349Z"",""date_closing"":null,""status"":""OPEN"",""recruitmentCycle"":""CURRENT""}],""structured_vacancies"":[{""title"":""Early Years Teacher"",""department"":""Primary"",""source"":""Globeducate"",""source_url"":""https://www.british-milan.com"",""date_listed"":""2026-08-31T15:30:35.349Z"",""date_closing"":null,""status"":""OPEN"",""recruitmentCycle"":""CURRENT""},{""title"":""Physics Teacher | September or January start"",""department"":""Secondary"",""source"":""Globeducate"",""source_url"":""https://www.british-milan.com"",""date_listed"":""2026-08-31T15:30:35.349Z"",""date_closing"":null,""status"":""OPEN"",""recruitmentCycle"":""CURRENT""}],""total_known_vacancies"":2,""estimated_churn_percentage"":3,""leadership_vacancies_count"":0,""secondary_vacancies_count"":1,""primary_vacancies_count"":1,""leopardfishIntelAlert"":""Leopardfish Multi-Engine Audit: Stable retention pattern with 2 active vacancies detected across TES, GRC Search, and official school portals."",""churn_implications_commentary"":""Leopardfish Multi-Engine Audit: Stable retention pattern with 2 active vacancies detected across TES, GRC Search, and official school portals."",""senior_leadership_churn_percentage"":0}","2026-09-01T17:44:44.811Z","https://www.britishschoolmilan.com/careers","Search Associates, LinkedIn","https://www.britishschoolmilan.com/careers","British Milan","1057215","the-british-school-of-milan-1057215","2026-08-30T16:14:23.675Z"
"FLIS0041","7.0","Monaco","15-20","Monaco","Good","8.6","90","1:8","IB, CIS","8.8","Ultra-premium boutique.","9.2","9.8","8.2","Not Included","Ultra-Premium","IB","90","IS Monaco","8.0","20%","Premium","","Non-Profit","$3,850.00","Association / Parent Board","BSO","LFI","Non-Profit","Association / Parent Board","9.8","2026-05-26T10:41:07.832Z","0","[]","","success","true","{""_seconds"":1788076695,""_nanoseconds"":776000000}","","2026-08-30T07:58:15.774Z","https://www.ismonaco.org/careers","Search Associates, LinkedIn","https://www.ismonaco.org/careers","IS Monaco","1057564","international-school-of-monaco-1057564","2026-08-30T16:14:23.675Z"
"FLIS0042","7.6","Italy","20-24","Milan","Good","8.0","150","1:10","IB, COBIS","9.4","Top-performing hybrid.","8.4","7.0","8.5","Not Included","Managed LMS","British / IB","150","St Louis Milan","7.8","18%","Full Private","https://world-schools.com/wp-content/uploads/2025/01/WSgallery_St-Louis-School_1-1536x768.jpg","Non-Profit","$2,040.00","Association / Board","CIS","LFI","Non-Profit","Association / Board","7.0","2026-05-26T10:41:07.832Z","0","[]","","success","true","{""_seconds"":1788076626,""_nanoseconds"":657000000}","","2026-08-30T07:57:06.656Z","https://www.stlouisschool.com/careers","Inspired Education Portal, Search Associates, LinkedIn","https://www.stlouisschool.com/careers","St Louis Milan","1058481","st-louis-school-caviglia-1058481","2026-08-30T16:14:23.675Z"
"FLIS0043","8.5","India","20-22","Gurugram","Good","8.3","130","1:9","IB","8.7","Experiential leader.","9.2","6.0","8.4","Subsidised","Maker Space Hub","IB/IGCSE/CBSE","130","Heritage Gurugram","9.0","25%","Standard","","For-Profit","$2,510.00","Inspired Education","CIS","LFI","For-Profit","Inspired Education","6.0","2026-05-26T10:41:07.832Z","0","[]","","success","true","{""_seconds"":1788076661,""_nanoseconds"":411000000}","","2026-08-30T07:57:41.410Z","https://www.heritagexperiential.org/careers/","Naukri.com, LinkedIn","https://www.heritagexperiential.org/careers/","Heritage Gurugram","","","2026-08-30T16:14:23.675Z"
"FLIS0044","7.9","Oman","Average 18; Cap at 22","Muscat","High-End International","7.9","8500%","1:9","CIS, BSO, ISI","8.2","High-End International","8.0","9.5","8.8","Premium furnished housing or high-value allowance","1:1 Laptop program; Canvas integration","British (iGCSE, A-Level)","85","Cheltenham Muscat","7.4","20%","Comprehensive global coverage including dental/repatriation","","For-Profit","OMR 1,550/month","Cognita Schools","ISI Outstanding Status","LFI","For-Profit","Cognita Schools","9.5","2026-05-26T10:41:07.832Z","0","[]","","success","true","{""_seconds"":1788161872,""_nanoseconds"":836000000}","{""schoolId"":""FLIS0044"",""schoolName"":""Cheltenham Muscat"",""category"":""LOW_TURNOVER"",""statusLabel"":""Low Turnover (Stable)"",""isUpdating"":false,""lastScrapedAt"":""2026-08-31T07:37:51.541Z"",""metrics"":{""estimatedStaffBase"":85,""totalKnownVacancies"":2,""estimatedChurnRatePercent"":2,""leadershipVacanciesCount"":0,""secondaryVacanciesCount"":2,""primaryVacanciesCount"":0,""riskRating"":""LOW"",""leadershipChurnRatioPercent"":0,""averageYearlyTesAdverts"":2},""scrapedJobsList"":[""Teacher of Maths (Posted: 2026-08-26T04:40:00.000Z; Closes: 2026-08-29) - TES"",""Teacher of BTEC Business (Level 3) (Posted: 2026-08-26T04:40:00.000Z; Closes: 2026-09-11) - TES"",""Apply (Posted: Recently; Closes: [object Object]) - School Web"",""Our Extra (Posted: Recently; Closes: [object Object]) - School Web"",""Teacher of Maths (August 2026) (Posted: Recently; Closes: [object Object]) - TES"",""Open Days (Posted: Recently; Closes: [object Object]) - School Web"",""Teacher of BTEC Business (Level 3) (August 2026)Cheltenham Muscat, Oman (Posted: Recently; Closes: [object Object]) - TES"",""Principal’s Welcome (Posted: Recently; Closes: [object Object]) - School Web"",""Teacher of Maths (August 2026)Cheltenham Muscat, Oman (Posted: Recently; Closes: [object Object]) - TES"",""Teacher of BTEC Business (Level 3) (August 2026) (Posted: Recently; Closes: [object Object]) - TES"",""Teacher of Maths (August 2026) (Posted: Recently; Closes: 2026-08-30) - TES"",""Teacher of BTEC Business (Posted: Recently; Closes: [object Object]) - TES"",""Teacher of BTEC Business (Level 3) (August 2026) (Posted: Recently; Closes: 2026-09-12) - TES"",""Teacher of Maths (Posted: Recently; Closes: [object Object]) - TES""],""vacancies_discovered"":[{""title"":""Teacher of BTEC Business"",""department"":""Secondary"",""source"":""TES"",""source_url"":""https://www.cheltenham-muscat.com"",""date_listed"":""2026-08-26T04:40:00.000Z"",""date_closing"":""2026-09-11"",""status"":""OPEN"",""recruitmentCycle"":""CURRENT""},{""title"":""Teacher of Maths"",""department"":""Secondary"",""source"":""TES"",""source_url"":""https://www.cheltenham-muscat.com"",""date_listed"":""2026-08-26T04:40:00.000Z"",""date_closing"":null,""status"":""CLOSED"",""recruitmentCycle"":""CURRENT""}],""structured_vacancies"":[{""title"":""Teacher of BTEC Business"",""department"":""Secondary"",""source"":""TES"",""source_url"":""https://www.cheltenham-muscat.com"",""date_listed"":""2026-08-26T04:40:00.000Z"",""date_closing"":""2026-09-11"",""status"":""OPEN"",""recruitmentCycle"":""CURRENT""},{""title"":""Teacher of Maths"",""department"":""Secondary"",""source"":""TES"",""source_url"":""https://www.cheltenham-muscat.com"",""date_listed"":""2026-08-26T04:40:00.000Z"",""date_closing"":null,""status"":""CLOSED"",""recruitmentCycle"":""CURRENT""}],""total_known_vacancies"":2,""estimated_churn_percentage"":2,""leadership_vacancies_count"":0,""secondary_vacancies_count"":2,""primary_vacancies_count"":0,""leopardfishIntelAlert"":""Leopardfish Multi-Engine Audit: Stable retention pattern with 2 active vacancies detected across TES, GRC Search, and official school portals."",""churn_implications_commentary"":""Leopardfish Multi-Engine Audit: Stable retention pattern with 2 active vacancies detected across TES, GRC Search, and official school portals."",""senior_leadership_churn_percentage"":0}","2026-08-31T07:37:51.541Z","https://cheltenhammuscat.com","Cognita Careers Portal, Teacher Horizons, LinkedIn","https://cheltenhammuscat.com/careers/","Cheltenham Muscat","1224896","cheltenham-muscat-1224896","2026-08-31T07:15:46.429Z"
"FLIS0045","8.2","India","18-22","Bengaluru","Good","8.2","140","1:10","IB","9.4","Academic powerhouse.","8.6","6.5","9.0","Provided","Standard Lab","IGCSE / IB","140","TISB Bangalore","8.4","20%","Standard","","For-Profit","$2,740.00","Jeju Free Int. City (JDC)","BSO","LFI","For-Profit","Jeju Free Int. City (JDC)","6.5","2026-05-26T10:41:07.832Z","0","[]","","success","true","{""_seconds"":1788076653,""_nanoseconds"":152000000}","","2026-08-30T07:57:33.151Z","https://www.tisb.org/careers","Naukri.com, LinkedIn, Search Associates","https://www.tisb.org/careers","TISB Bangalore","","","2026-08-30T16:14:23.675Z"
"FLIS0046","7.8","India","22-25","Kolkata","Good","7.6","100","1:12","IB","8.2","Academic Bengal leader.","7.5","6.2","8.1","Subsidised","Local Digital","GCE/IGCSE/IB","100","Calcutta Int'l","8.5","20%","Standard","","For-Profit","$1,940.00","Private / Trust","IB","LFI","For-Profit","Private / Trust","6.2","2026-05-26T10:41:07.832Z","0","[]","","success","true","{""_seconds"":1788076651,""_nanoseconds"":27000000}","","2026-08-30T07:57:31.026Z","https://www.calcat.in/careers/","Naukri.com, LinkedIn","https://www.calcat.in/careers/","Calcutta Int'l","","","2026-08-30T16:14:23.675Z"
"FLIS0047","8.6","Philippines","18-22","Manila","Good","6.7","110","1:10","IB, COBIS, CIS","9.1","Top-tier British SEA.","8.5","5.8","8.9","Provided","Apple Ecosystem","British / IB","110","British Manila","8.8","25%","Full Private","","Non-Profit","$3,015.00","Independent Board","CIS","LFI","Non-Profit","Independent Board","5.8","2026-05-26T10:41:07.832Z","0","[]","","success","true","{""_seconds"":1788076668,""_nanoseconds"":806000000}","","2026-08-30T07:57:48.805Z","https://www.britishschoolmanila.org/careers","Search Associates, Schrole, JobStreet Philippines","https://www.britishschoolmanila.org/careers","British Manila","1057671","the-british-school-manila-1057671","2026-08-30T16:14:23.675Z"
"FLIS0048","9.3","China","20-24","Shanghai","Good","8.8","180","1:11","IB","8.8","Rigorous SG-Math IB.","8.8","8.8","8.7","Provided","SG Math Tech","SG / IGCSE / IB","180","SSIS Shanghai","8.2","22%","Full Private","","Non-Profit","$3,725.00","Parent Cooperative","BSO","LFI","Non-Profit","Parent Cooperative","8.8","2026-05-26T10:41:07.832Z","0","[]","","success","true","{""_seconds"":1788076675,""_nanoseconds"":423000000}","","2026-08-30T07:57:55.422Z","https://www.ssis.asia/careers/","eChinaCareers, Search Associates, LinkedIn","https://www.ssis.asia/careers/","SSIS Shanghai","","","2026-08-30T16:14:23.675Z"
"FLIS0049","9.3","Singapore","20-22","Singapore","Good","9.5","250","1:9","IB, CIS","9.6","Elite flagship British.","9.6","9.6","9.7","Subsidised","Microsoft/Canvas","British / IB","250","Dulwich Singapore","9.2","30%","Premium","","For-Profit","$4,280.00","Private / Family","CIS","LFI","For-Profit","Private / Family","9.6","2026-05-26T10:41:07.832Z","0","[]","","success","true","{""_seconds"":1788076662,""_nanoseconds"":28000000}","","2026-08-30T07:57:42.024Z","https://singapore.dulwich.org/careers","Education in Motion (EiM) Portal, Search Associates, Schrole","https://singapore.dulwich.org/careers","Dulwich Singapore","1062744","dulwich-college-singapore-1062744","2026-08-30T16:14:23.675Z"
"FLIS0050","9.4","China","18-22","Suzhou","Good","9.1","140","1:8","IB, CIS, WASC","9.0","Tech-focused boarding.","9.3","8.9","9.1","Provided","STEAM Focus","British / IB","140","Dulwich Suzhou","9.1","30%","Premium","","For-Profit","$3,625.00","Education in Motion (EiM)","BSO","LFI","For-Profit","Education in Motion (EiM)","8.9","2026-05-26T10:41:07.832Z","0","[]","","success","true","{""_seconds"":1788076658,""_nanoseconds"":678000000}","","2026-08-30T07:57:38.677Z","https://suzhou.dulwich.org/careers","Education in Motion (EiM) Portal, Search Associates, Schrole","https://suzhou.dulwich.org/careers","Dulwich Suzhou","","","2026-08-30T16:14:23.675Z"
"FLIS0051","8.2","Switzerland","12-15","Villars","Good","9.0","120","1:4","IB, CIS, COBIS","9.4","World-leading Alpine.","9.4","9.8","9.4","Provided","Alpine Tech Hub","British / IB","120","Aiglon College","8.0","25%","Premium","","For-Profit","$3,970.00","Education in Motion (EiM)","BSO","LFI","For-Profit","Education in Motion (EiM)","9.8","2026-05-26T10:41:07.832Z","0","[]","","success","true","{""_seconds"":1788076652,""_nanoseconds"":619000000}","","2026-08-30T07:57:32.618Z","https://www.aiglon.ch/careers","Search Associates, LinkedIn","https://www.aiglon.ch/careers","Aiglon College","1057219","aiglon-college-1057219","2026-08-30T16:14:23.676Z"
"FLIS0052","7.2","Greece","20-24","Athens","Good","8.0","130","1:11","IB, MSA","8.5","US Reference hub.","8.5","7.2","8.8","Not Included","Google Reference","US / IB","130","ACS Athens","8.4","20%","Standard","","Non-Profit","$2,370.00","Community Association","BSO / CIS","LFI","Non-Profit","Community Association","7.2","2026-05-26T10:41:07.832Z","0","[]","","success","true","{""_seconds"":1788076678,""_nanoseconds"":245000000}","","2026-08-30T07:57:58.244Z","https://www.acs.gr/careers","Search Associates, ISS, LinkedIn","https://www.acs.gr/careers","ACS Athens","","","2026-08-30T16:14:23.676Z"
"FLIS0053","7.5","Czechia","18-22","Prague","Highly Regarded","8.6","115","1:9","IB, CIS, NEASC","8.8","Progressive Mac hub.","9.0","9.0","9.1","Not Included","1:1 Macbook","IB","115","IS Prague","8.6","25%","Full Private","","Non-Profit","$4,200.00","501(c)(3) Foundation","MSA","LFI","Non-Profit","501(c)(3) Foundation","9.0","2026-05-26T10:41:07.832Z","1","[""Substitute Teacher (Posted: Recently; Closes: 30 days) - School Web || https://www.isp.cz/careers/faculty-vacancies/substitute-teacher""]","","success","true","{""_seconds"":1788076673,""_nanoseconds"":893000000}","","2026-08-30T07:57:53.892Z","https://www.isp.cz/careers","Search Associates, ISS, LinkedIn","https://www.isp.cz/careers","IS Prague","","","2026-08-30T16:14:23.676Z"
"FLIS0054","7.8","Germany","18-22","Frankfurt","Good","8.5","220","1:8","IB, CIS, NEASC","9.3","Established MS hub.","9.0","7.8","9.3","Not Included","MS Enterprise","IB","220","Frankfurt Int'l","8.8","25%","Full Private","","Non-Profit","$2,655.00","Independent Board","CIS / NEASC","LFI","Non-Profit","Independent Board","7.8","2026-05-26T10:41:07.832Z","0","[]","","success","true","{""_seconds"":1788076661,""_nanoseconds"":400000000}","","2026-08-30T07:57:41.399Z","https://www.fis.edu/careers","Search Associates, ISS, LinkedIn","https://www.fis.edu/careers","Frankfurt Int'l","1277429","frankfurt-international-school-1277429","2026-08-30T16:14:23.676Z"
"FLIS0055","7.4","Spain","22-26","Alicante","Good","8.1","90","1:12","COBIS, BSO","8.6","British Standard leader.","8.0","8.2","8.2","Not Included","British Standard","British","90","King's College School Alicante","8.2","18%","Standard","","Non-Profit","$2,165.00","Parent Board","CIS / NEASC","LFI","Non-Profit","Inspired Education","8.2","2026-05-26T10:41:07.832Z","0","[]","","success","true","{""_seconds"":1788179025,""_nanoseconds"":287000000}","{""schoolId"":""FLIS0055"",""schoolName"":""King's Alicante"",""category"":""INSIGHT_UNAVAILABLE"",""statusLabel"":""Low Turnover (Stable)"",""isUpdating"":false,""lastScrapedAt"":""2026-08-31T12:23:45.277Z"",""metrics"":{""estimatedStaffBase"":""90"",""totalKnownVacancies"":0,""estimatedChurnRatePercent"":0,""leadershipVacanciesCount"":0,""secondaryVacanciesCount"":0,""primaryVacanciesCount"":0,""riskRating"":""INSIGHT_UNAVAILABLE"",""leadershipChurnRatioPercent"":0,""averageYearlyTesAdverts"":0},""scrapedJobsList"":[],""vacancies_discovered"":[],""structured_vacancies"":[],""total_known_vacancies"":0,""estimated_churn_percentage"":0,""leadership_vacancies_count"":0,""secondary_vacancies_count"":0,""primary_vacancies_count"":0,""leopardfishIntelAlert"":""No active public vacancies have been detected for this institution within the current 12-month recruitment cycle. This indicates either an exceptionally high staff retention profile or the utilization of localized, non-indexed internal application portals. Quantitative stability metrics cannot be calculated at this time."",""churn_implications_commentary"":""No active public vacancies have been detected for this institution within the current 12-month recruitment cycle. This indicates either an exceptionally high staff retention profile or the utilization of localized, non-indexed internal application portals. Quantitative stability metrics cannot be calculated at this time."",""senior_leadership_churn_percentage"":0,""staffroom_commentary"":""No active public vacancies have been detected for this institution within the current 12-month recruitment cycle. This indicates either an exceptionally high staff retention profile or the utilization of localized, non-indexed internal application portals. Quantitative stability metrics cannot be calculated at this time.""}","2026-08-31T12:23:45.277Z","https://alicante.kingscollegeschool.es/careers/","Inspired Education Portal, LinkedIn","https://alicante.kingscollegeschool.es/careers/","King's College School Alicante","1055666","king-s-college-school-alicante-1055666","{""_seconds"":1788179192,""_nanoseconds"":304000000}"
"FLIS0056","7.5","Italy","20-24","Rome","Good","8.0","100","1:11","IB, COBIS","8.9","Respected Rome hybrid.","8.2","7.2","8.4","Not Included","Mixed Ecosystem","British / IB","100","St George's Rome","8.0","20%","Full Private","","For-Profit","$1,940.00","Inspired Education","BSO","LFI","For-Profit","Independent Non-Profit","7.2","2026-05-26T10:41:07.832Z","0","[]","","success","true","{""_seconds"":1788076626,""_nanoseconds"":230000000}","","2026-08-30T07:57:06.229Z","https://www.stgeorge.it/careers","Schrole, Direct SchoolRecruiter","https://www.stgeorge.it/careers","St George's Rome","1058020","st-george-s-british-international-school-rome-1058020","{""_seconds"":1788178944,""_nanoseconds"":119000000}"
"FLIS0057","7.6","Spain","20-22","Barcelona","Good","8.1","110","1:10","IB, CIS","8.7","iPad Integrated hub.","8.5","7.4","8.3","Not Included","iPad Integrated","British / IB / Spanish","110","Oak House BCN","8.4","22%","Standard","","Non-Profit","$1,940.00","Independent Board","BSO","LFI","Non-Profit","Independent Board","7.4","2026-05-26T10:41:07.832Z","0","[]","","success","true","{""_seconds"":1788284774,""_nanoseconds"":66000000}","{""schoolId"":""FLIS0057"",""schoolName"":""Oak House BCN"",""category"":""LOW_TURNOVER"",""statusLabel"":""Low Turnover (Stable)"",""isUpdating"":false,""lastScrapedAt"":""2026-09-01T17:44:44.822Z"",""metrics"":{""estimatedStaffBase"":60,""totalKnownVacancies"":3,""estimatedChurnRatePercent"":5,""leadershipVacanciesCount"":0,""secondaryVacanciesCount"":2,""primaryVacanciesCount"":1,""riskRating"":""LOW"",""leadershipChurnRatioPercent"":0,""averageYearlyTesAdverts"":3},""scrapedJobsList"":[""Chemistry Teacher (Posted: 2026-08-31T15:30:35.345Z) - Globeducate"",""Primary Native Teacher - September 2026 (Posted: 2026-08-31T15:30:35.347Z) - Globeducate"",""Jefe/a de Administración (Posted: 2026-08-31T15:53:16.556Z) - Globeducate"",""Chemistry Teacher (Posted: Recently; Closes: [object Object]) - Globeducate"",""Primary Native Teacher - September 2026 (Posted: Recently; Closes: [object Object]) - Globeducate"",""Jefe/a de Administración (Posted: Recently; Closes: [object Object]) - Globeducate""],""vacancies_discovered"":[{""title"":""Jefe/a de Administración"",""department"":""Secondary"",""source"":""Globeducate"",""source_url"":""https://www.oak-house-bcn.com"",""date_listed"":""2026-08-31T15:53:16.556Z"",""date_closing"":null,""status"":""OPEN"",""recruitmentCycle"":""CURRENT""},{""title"":""Primary Native Teacher - September 2026"",""department"":""Primary"",""source"":""Globeducate"",""source_url"":""https://www.oak-house-bcn.com"",""date_listed"":""2026-08-31T15:30:35.347Z"",""date_closing"":null,""status"":""OPEN"",""recruitmentCycle"":""CURRENT""},{""title"":""Chemistry Teacher"",""department"":""Secondary"",""source"":""Globeducate"",""source_url"":""https://www.oak-house-bcn.com"",""date_listed"":""2026-08-31T15:30:35.345Z"",""date_closing"":null,""status"":""OPEN"",""recruitmentCycle"":""CURRENT""}],""structured_vacancies"":[{""title"":""Jefe/a de Administración"",""department"":""Secondary"",""source"":""Globeducate"",""source_url"":""https://www.oak-house-bcn.com"",""date_listed"":""2026-08-31T15:53:16.556Z"",""date_closing"":null,""status"":""OPEN"",""recruitmentCycle"":""CURRENT""},{""title"":""Primary Native Teacher - September 2026"",""department"":""Primary"",""source"":""Globeducate"",""source_url"":""https://www.oak-house-bcn.com"",""date_listed"":""2026-08-31T15:30:35.347Z"",""date_closing"":null,""status"":""OPEN"",""recruitmentCycle"":""CURRENT""},{""title"":""Chemistry Teacher"",""department"":""Secondary"",""source"":""Globeducate"",""source_url"":""https://www.oak-house-bcn.com"",""date_listed"":""2026-08-31T15:30:35.345Z"",""date_closing"":null,""status"":""OPEN"",""recruitmentCycle"":""CURRENT""}],""total_known_vacancies"":3,""estimated_churn_percentage"":5,""leadership_vacancies_count"":0,""secondary_vacancies_count"":2,""primary_vacancies_count"":1,""leopardfishIntelAlert"":""Leopardfish Multi-Engine Audit: Stable retention pattern with 3 active vacancies detected across TES, GRC Search, and official school portals."",""churn_implications_commentary"":""Leopardfish Multi-Engine Audit: Stable retention pattern with 3 active vacancies detected across TES, GRC Search, and official school portals."",""senior_leadership_churn_percentage"":0}","2026-09-01T17:44:44.822Z","https://www.oakhouseschool.com/careers","LinkedIn, InfoJobs Spain","https://www.oakhouseschool.com/careers","Oak House BCN","1057767","oak-house-school-1057767","2026-08-30T16:14:23.676Z"
"FLIS0058","8.0","Switzerland","18-22","Lausanne","Good","8.9","140","1:8","IB, CIS, NEASC","9.4","High-perf Canvas hub.","9.0","9.5","9.2","Not Included","Canvas/Mac","IB","140","IS Lausanne","8.5","25%","Premium","","Non-Profit","$4,095.00","Parent Foundation","BSO","LFI","Non-Profit","Parent Foundation","9.5","2026-05-26T10:41:07.832Z","0","[]","","success","true","{""_seconds"":1788076659,""_nanoseconds"":971000000}","","2026-08-30T07:57:39.970Z","https://www.isl.ch/careers","Search Associates, LinkedIn","https://www.isl.ch/careers","IS Lausanne","","","2026-08-30T16:14:23.676Z"
"FLIS0059","7.9","Belgium","18-22","Waterloo","Good","8.5","110","1:9","IB, CIS, MSA","8.8","Respected Google hub.","8.4","8.8","8.5","Not Included","Google Workspace","US / IB","110","St John's Waterloo","8.6","25%","Standard","","Non-Profit","$2,255.00","Parent Foundation","CIS / NEASC","LFI","Non-Profit","Parent Foundation","8.8","2026-05-26T10:41:07.832Z","0","[]","","success","true","{""_seconds"":1788076659,""_nanoseconds"":807000000}","","2026-08-30T07:57:39.805Z","https://www.stjohns.be/careers","Inspired Education Portal, Search Associates, LinkedIn","https://www.stjohns.be/careers","St John's Waterloo","1057076","st-john-s-international-school-1057076","2026-08-30T16:14:23.676Z"
"FLIS0060","8.1","Switzerland","12-15","Villars","Good","8.8","80","1:4","IB, CIS","9.2","Premium Media Hub.","9.2","9.8","9.1","Provided","Premium Media Hub","IB / French / US","80","Beau Soleil","7.8","20%","Premium","","For-Profit","$4,155.00","Inspired Education","CIS","LFI","For-Profit","Nord Anglia Education","9.8","2026-05-26T10:41:07.832Z","0","[]","","success","true","{""_seconds"":1788076652,""_nanoseconds"":292000000}","","2026-08-30T07:57:32.290Z","https://www.nordangliaeducation.com/beau-soleil/careers","Nord Anglia Careers Portal, TES","https://www.nordangliaeducation.com/beau-soleil/careers","Beau Soleil","1057796","coll-ge-alpin-beau-soleil-sa-1057796","{""_seconds"":1788178942,""_nanoseconds"":490000000}"
"FLIS0061","7.4","Czechia","20","Prague","Leading","7.9","65","1:10","HMC / IB","8.8","Distinguished Academic","7.5","9.5","8.6","Not Included","Google / G-Suite","IGCSE / IB DP","70","English College Prague","7.5","19","VZP+","https://www.englishcollege.cz/wp-content/uploads/2019/10/Open-Days.jpg","Non-Profit","$2,430","ECP Foundation","BSO / CSI","LFI","Non-Profit","ECP Foundation","9.5","2026-05-26T10:41:07.832Z","0","[]","","success","true","{""_seconds"":1788188805,""_nanoseconds"":157000000}","{""schoolId"":""FLIS0061"",""schoolName"":""English College Prague"",""category"":""LOW_TURNOVER"",""statusLabel"":""Low Turnover (Stable)"",""isUpdating"":false,""lastScrapedAt"":""2026-08-31T15:06:43.804Z"",""metrics"":{""estimatedStaffBase"":""65"",""totalKnownVacancies"":6,""estimatedChurnRatePercent"":9,""leadershipVacanciesCount"":0,""secondaryVacanciesCount"":6,""primaryVacanciesCount"":0,""riskRating"":""LOW"",""leadershipChurnRatioPercent"":0,""averageYearlyTesAdverts"":6},""scrapedJobsList"":[""What our teachers say (Posted: Recently; Closes: [object Object]) - School Web"",""Inspection Reports (Posted: Recently; Closes: [object Object]) - School Web"",""Real Life Experiences (Posted: Recently; Closes: [object Object]) - School Web"",""Work experience for ECP students (Posted: Recently; Closes: [object Object]) - School Web"",""Teacher Training (Posted: Recently; Closes: [object Object]) - School Web"",""ECP People (Posted: Recently; Closes: [object Object]) - School Web""],""vacancies_discovered"":[{""title"":""What our teachers say"",""department"":""Secondary"",""source"":""School Web"",""source_url"":""https://www.english-college-prague.com"",""date_listed"":""Recently"",""date_closing"":""[object Object]"",""status"":""OPEN"",""recruitmentCycle"":""CURRENT""},{""title"":""Inspection Reports"",""department"":""Secondary"",""source"":""School Web"",""source_url"":""https://www.english-college-prague.com"",""date_listed"":""Recently"",""date_closing"":""[object Object]"",""status"":""OPEN"",""recruitmentCycle"":""CURRENT""},{""title"":""Real Life Experiences"",""department"":""Secondary"",""source"":""School Web"",""source_url"":""https://www.english-college-prague.com"",""date_listed"":""Recently"",""date_closing"":""[object Object]"",""status"":""OPEN"",""recruitmentCycle"":""CURRENT""},{""title"":""Work experience for ECP students"",""department"":""Secondary"",""source"":""School Web"",""source_url"":""https://www.english-college-prague.com"",""date_listed"":""Recently"",""date_closing"":""[object Object]"",""status"":""OPEN"",""recruitmentCycle"":""CURRENT""},{""title"":""Teacher Training"",""department"":""Secondary"",""source"":""School Web"",""source_url"":""https://www.english-college-prague.com"",""date_listed"":""Recently"",""date_closing"":""[object Object]"",""status"":""OPEN"",""recruitmentCycle"":""CURRENT""},{""title"":""ECP People"",""department"":""Secondary"",""source"":""School Web"",""source_url"":""https://www.english-college-prague.com"",""date_listed"":""Recently"",""date_closing"":""[object Object]"",""status"":""OPEN"",""recruitmentCycle"":""CURRENT""}],""structured_vacancies"":[{""title"":""What our teachers say"",""department"":""Secondary"",""source"":""School Web"",""source_url"":""https://www.english-college-prague.com"",""date_listed"":""Recently"",""date_closing"":""[object Object]"",""status"":""OPEN"",""recruitmentCycle"":""CURRENT""},{""title"":""Inspection Reports"",""department"":""Secondary"",""source"":""School Web"",""source_url"":""https://www.english-college-prague.com"",""date_listed"":""Recently"",""date_closing"":""[object Object]"",""status"":""OPEN"",""recruitmentCycle"":""CURRENT""},{""title"":""Real Life Experiences"",""department"":""Secondary"",""source"":""School Web"",""source_url"":""https://www.english-college-prague.com"",""date_listed"":""Recently"",""date_closing"":""[object Object]"",""status"":""OPEN"",""recruitmentCycle"":""CURRENT""},{""title"":""Work experience for ECP students"",""department"":""Secondary"",""source"":""School Web"",""source_url"":""https://www.english-college-prague.com"",""date_listed"":""Recently"",""date_closing"":""[object Object]"",""status"":""OPEN"",""recruitmentCycle"":""CURRENT""},{""title"":""Teacher Training"",""department"":""Secondary"",""source"":""School Web"",""source_url"":""https://www.english-college-prague.com"",""date_listed"":""Recently"",""date_closing"":""[object Object]"",""status"":""OPEN"",""recruitmentCycle"":""CURRENT""},{""title"":""ECP People"",""department"":""Secondary"",""source"":""School Web"",""source_url"":""https://www.english-college-prague.com"",""date_listed"":""Recently"",""date_closing"":""[object Object]"",""status"":""OPEN"",""recruitmentCycle"":""CURRENT""}],""total_known_vacancies"":6,""estimated_churn_percentage"":9,""leadership_vacancies_count"":0,""secondary_vacancies_count"":6,""primary_vacancies_count"":0,""leopardfishIntelAlert"":""Leopardfish Multi-Engine Audit: Stable retention pattern with 6 active vacancies detected across TES, GRC Search, and official school portals."",""churn_implications_commentary"":""Leopardfish Multi-Engine Audit: Stable retention pattern with 6 active vacancies detected across TES, GRC Search, and official school portals."",""senior_leadership_churn_percentage"":0}","2026-08-31T15:06:43.804Z","https://www.englishcollege.cz/careers/","Search Associates, LinkedIn","https://www.englishcollege.cz/careers/","English College Prague","1058144","english-college-in-prague-1058144","2026-08-30T16:14:23.676Z"
"FLIS0062","7.5","Italy","20-24","Milan","Good","8.2","100","1:10","IB, MSA","8.7","Tech-forward Apple.","9.2","7.0","8.8","Not Included","1:1 Apple","US / IB","100","American Milan","8.6","25%","Full Private","","Non-Profit","$2,205.00","Foundation","BSO","LFI","Non-Profit","Foundation","7.0","2026-05-26T10:41:07.832Z","0","[]","","success","true","{""_seconds"":1788076631,""_nanoseconds"":54000000}","","2026-08-30T07:57:11.053Z","https://www.asmilan.org/careers","Search Associates, ISS, LinkedIn","https://www.asmilan.org/careers","American Milan","","","2026-08-30T16:14:23.676Z"
"FLIS0063","8.0","Switzerland","15-18","Montreux","Good","8.7","90","1:6","IB, CIS","9.1","Premium British boarding.","8.8","9.6","9.1","Provided","Microsoft/Canvas","British / IB","90","St George's Montreux","7.8","20%","Premium","","Non-Profit","$3,705.00","Association Board","MSA","LFI","Non-Profit","Association Board","9.6","2026-05-26T10:41:07.832Z","0","[]","","success","true","{""_seconds"":1788076643,""_nanoseconds"":681000000}","","2026-08-30T07:57:23.680Z","https://www.stgeorges.ch/careers","Inspired Education Portal, LinkedIn","https://www.stgeorges.ch/careers","St George's Montreux","1057262","st-george-s-international-school-1057262","2026-08-30T16:14:23.676Z"
"FLIS0064","7.4","Portugal","20-25","Lisbon","Good","8.4","150","1:10","IB","8.4","Innovation leader.","9.0","8.8","8.0","Not Included","iPad Integrated","IB / Portuguese","150","PaRK International School","8.5","20%","Standard","","For-Profit","$1,800.00","Inspired Education","CIS","LFI","For-Profit","Inspired Education","8.8","2026-05-26T10:41:07.832Z","0","[]","","success","true","{""_seconds"":1788181950,""_nanoseconds"":302000000}","{""schoolId"":""FLIS0064"",""schoolName"":""PaRK International School"",""category"":""MODERATE_TURNOVER"",""statusLabel"":""Moderate Turnover (Healthy)"",""isUpdating"":false,""lastScrapedAt"":""2026-08-31T13:11:51.856Z"",""metrics"":{""estimatedStaffBase"":""150"",""totalKnownVacancies"":15,""estimatedChurnRatePercent"":10,""leadershipVacanciesCount"":2,""secondaryVacanciesCount"":10,""primaryVacanciesCount"":3,""riskRating"":""MODERATE"",""leadershipChurnRatioPercent"":25,""averageYearlyTesAdverts"":15},""scrapedJobsList"":[""Head of Boarding (Posted: Recently; Closes: 2027-02-27) - TES"",""Deputy Head Pastoral (Posted: 2026-08-16T23:00:00.000Z; Closes: 2027-01-25) - TES"",""Head of Computer Science and ICT (Posted: 2026-08-31) - Inspired Education"",""Head of BoardingPaRK International School - Alfragide, LisbonJob Title: Head of BoardingLocation: PaRK International School – Alfragide Campus Position OverviewThe Head of Boarding at PaRK International School Alfragide will hold high-level responsibility for the leadership, administration, and pastoral... (Posted: Recently; Closes: [object Object]) - TES"",""Deputy Head Pastoral (Posted: Recently; Closes: [object Object]) - TES"",""Open Days (Posted: Recently; Closes: [object Object]) - School Web"",""Primary English Teacher (Aug 2026; Posted: N/A; Closes: N/A) (Posted: Recently; Closes: 2023-09-01) - Tes"",""Internship Programme (Posted: Recently; Closes: [object Object]) - School Web"",""Deputy Head PastoralPaRK International School - Alfragide, Lisbon - AlfragideInspired Education is the leading global group of premium schools, with a portfolio of over 125 premium private schools spanning six continents. Inspired schools draw on proven educational practices from around the world to provide more than... (Posted: Recently; Closes: [object Object]) - TES"",""Head of Computer Science and ICT (Posted: Recently) - Inspired Education"",""Unsolicited Applications - The British School - Academic Positions (Posted: Recently) - Inspired Education"",""Unsolicited Applications - The British School - Administration & Support Services (Posted: Recently) - Inspired Education"",""Profesor/a de infantil (Posted: Recently) - Inspired Education"",""A Level Economics Teacher (Posted: Recently) - Inspired Education"",""Early Years Teacher (Posted: Recently) - Inspired Education"",""Auxiliar de limpieza y comedor (Posted: Recently) - Inspired Education"",""Catering Individual Contributor (Posted: Recently) - Inspired Education"",""Early Years Practitioner (Posted: Recently) - Inspired Education"",""Head of Boarding (Posted: Recently; Closes: [object Object]) - TES"",""Pedido de informações (Posted: Recently; Closes: [object Object]) - School Web"",""Homeroom Teacher English Stream (Posted: Recently; Closes: [object Object]) - Tes"",""Primary English Teacher (Posted: Recently; Closes: [object Object]) - Tes""],""vacancies_discovered"":[{""title"":""Head of Computer Science and ICT"",""department"":""Secondary"",""source"":""Inspired Education"",""source_url"":""https://www.park-international-school.com"",""date_listed"":""2026-08-31"",""date_closing"":null,""status"":""OPEN"",""recruitmentCycle"":""CURRENT""},{""title"":""Deputy Head Pastoral"",""department"":""Leadership"",""source"":""TES"",""source_url"":""https://www.park-international-school.com"",""date_listed"":""2026-08-16T23:00:00.000Z"",""date_closing"":""2027-01-25"",""status"":""OPEN"",""recruitmentCycle"":""CURRENT""},{""title"":""Head of Boarding"",""department"":""Leadership"",""source"":""TES"",""source_url"":""https://www.park-international-school.com"",""date_listed"":""Recently"",""date_closing"":""2027-02-27"",""status"":""OPEN"",""recruitmentCycle"":""CURRENT""},{""title"":""Primary English Teacher"",""department"":""Primary"",""source"":""Tes"",""source_url"":""https://www.park-international-school.com"",""date_listed"":""N/A"",""date_closing"":""N/A"",""status"":""OPEN"",""recruitmentCycle"":""CURRENT""},{""title"":""Internship Programme"",""department"":""Secondary"",""source"":""School Web"",""source_url"":""https://www.park-international-school.com"",""date_listed"":""Recently"",""date_closing"":""[object Object]"",""status"":""OPEN"",""recruitmentCycle"":""CURRENT""},{""title"":""Unsolicited Applications - The British School - Academic Positions"",""department"":""Secondary"",""source"":""Inspired Education"",""source_url"":""https://www.park-international-school.com"",""date_listed"":""Recently"",""date_closing"":null,""status"":""OPEN"",""recruitmentCycle"":""CURRENT""},{""title"":""Unsolicited Applications - The British School - Administration & Support Service"",""department"":""Secondary"",""source"":""Inspired Education"",""source_url"":""https://www.park-international-school.com"",""date_listed"":""Recently"",""date_closing"":null,""status"":""OPEN"",""recruitmentCycle"":""CURRENT""},{""title"":""Profesor/a de infantil"",""department"":""Secondary"",""source"":""Inspired Education"",""source_url"":""https://www.park-international-school.com"",""date_listed"":""Recently"",""date_closing"":null,""status"":""OPEN"",""recruitmentCycle"":""CURRENT""},{""title"":""A Level Economics Teacher"",""department"":""Secondary"",""source"":""Inspired Education"",""source_url"":""https://www.park-international-school.com"",""date_listed"":""Recently"",""date_closing"":null,""status"":""OPEN"",""recruitmentCycle"":""CURRENT""},{""title"":""Early Years Teacher"",""department"":""Primary"",""source"":""Inspired Education"",""source_url"":""https://www.park-international-school.com"",""date_listed"":""Recently"",""date_closing"":null,""status"":""OPEN"",""recruitmentCycle"":""CURRENT""},{""title"":""Auxiliar de limpieza y comedor"",""department"":""Secondary"",""source"":""Inspired Education"",""source_url"":""https://www.park-international-school.com"",""date_listed"":""Recently"",""date_closing"":null,""status"":""OPEN"",""recruitmentCycle"":""CURRENT""},{""title"":""Catering Individual Contributor"",""department"":""Secondary"",""source"":""Inspired Education"",""source_url"":""https://www.park-international-school.com"",""date_listed"":""Recently"",""date_closing"":null,""status"":""OPEN"",""recruitmentCycle"":""CURRENT""},{""title"":""Early Years Practitioner"",""department"":""Primary"",""source"":""Inspired Education"",""source_url"":""https://www.park-international-school.com"",""date_listed"":""Recently"",""date_closing"":null,""status"":""OPEN"",""recruitmentCycle"":""CURRENT""},{""title"":""Pedido de informações"",""department"":""Secondary"",""source"":""School Web"",""source_url"":""https://www.park-international-school.com"",""date_listed"":""Recently"",""date_closing"":""[object Object]"",""status"":""OPEN"",""recruitmentCycle"":""CURRENT""},{""title"":""Homeroom Teacher English Stream"",""department"":""Secondary"",""source"":""Tes"",""source_url"":""https://www.park-international-school.com"",""date_listed"":""Recently"",""date_closing"":""[object Object]"",""status"":""OPEN"",""recruitmentCycle"":""CURRENT""}],""structured_vacancies"":[{""title"":""Head of Computer Science and ICT"",""department"":""Secondary"",""source"":""Inspired Education"",""source_url"":""https://www.park-international-school.com"",""date_listed"":""2026-08-31"",""date_closing"":null,""status"":""OPEN"",""recruitmentCycle"":""CURRENT""},{""title"":""Deputy Head Pastoral"",""department"":""Leadership"",""source"":""TES"",""source_url"":""https://www.park-international-school.com"",""date_listed"":""2026-08-16T23:00:00.000Z"",""date_closing"":""2027-01-25"",""status"":""OPEN"",""recruitmentCycle"":""CURRENT""},{""title"":""Head of Boarding"",""department"":""Leadership"",""source"":""TES"",""source_url"":""https://www.park-international-school.com"",""date_listed"":""Recently"",""date_closing"":""2027-02-27"",""status"":""OPEN"",""recruitmentCycle"":""CURRENT""},{""title"":""Primary English Teacher"",""department"":""Primary"",""source"":""Tes"",""source_url"":""https://www.park-international-school.com"",""date_listed"":""N/A"",""date_closing"":""N/A"",""status"":""OPEN"",""recruitmentCycle"":""CURRENT""},{""title"":""Internship Programme"",""department"":""Secondary"",""source"":""School Web"",""source_url"":""https://www.park-international-school.com"",""date_listed"":""Recently"",""date_closing"":""[object Object]"",""status"":""OPEN"",""recruitmentCycle"":""CURRENT""},{""title"":""Unsolicited Applications - The British School - Academic Positions"",""department"":""Secondary"",""source"":""Inspired Education"",""source_url"":""https://www.park-international-school.com"",""date_listed"":""Recently"",""date_closing"":null,""status"":""OPEN"",""recruitmentCycle"":""CURRENT""},{""title"":""Unsolicited Applications - The British School - Administration & Support Service"",""department"":""Secondary"",""source"":""Inspired Education"",""source_url"":""https://www.park-international-school.com"",""date_listed"":""Recently"",""date_closing"":null,""status"":""OPEN"",""recruitmentCycle"":""CURRENT""},{""title"":""Profesor/a de infantil"",""department"":""Secondary"",""source"":""Inspired Education"",""source_url"":""https://www.park-international-school.com"",""date_listed"":""Recently"",""date_closing"":null,""status"":""OPEN"",""recruitmentCycle"":""CURRENT""},{""title"":""A Level Economics Teacher"",""department"":""Secondary"",""source"":""Inspired Education"",""source_url"":""https://www.park-international-school.com"",""date_listed"":""Recently"",""date_closing"":null,""status"":""OPEN"",""recruitmentCycle"":""CURRENT""},{""title"":""Early Years Teacher"",""department"":""Primary"",""source"":""Inspired Education"",""source_url"":""https://www.park-international-school.com"",""date_listed"":""Recently"",""date_closing"":null,""status"":""OPEN"",""recruitmentCycle"":""CURRENT""},{""title"":""Auxiliar de limpieza y comedor"",""department"":""Secondary"",""source"":""Inspired Education"",""source_url"":""https://www.park-international-school.com"",""date_listed"":""Recently"",""date_closing"":null,""status"":""OPEN"",""recruitmentCycle"":""CURRENT""},{""title"":""Catering Individual Contributor"",""department"":""Secondary"",""source"":""Inspired Education"",""source_url"":""https://www.park-international-school.com"",""date_listed"":""Recently"",""date_closing"":null,""status"":""OPEN"",""recruitmentCycle"":""CURRENT""},{""title"":""Early Years Practitioner"",""department"":""Primary"",""source"":""Inspired Education"",""source_url"":""https://www.park-international-school.com"",""date_listed"":""Recently"",""date_closing"":null,""status"":""OPEN"",""recruitmentCycle"":""CURRENT""},{""title"":""Pedido de informações"",""department"":""Secondary"",""source"":""School Web"",""source_url"":""https://www.park-international-school.com"",""date_listed"":""Recently"",""date_closing"":""[object Object]"",""status"":""OPEN"",""recruitmentCycle"":""CURRENT""},{""title"":""Homeroom Teacher English Stream"",""department"":""Secondary"",""source"":""Tes"",""source_url"":""https://www.park-international-school.com"",""date_listed"":""Recently"",""date_closing"":""[object Object]"",""status"":""OPEN"",""recruitmentCycle"":""CURRENT""}],""total_known_vacancies"":15,""estimated_churn_percentage"":10,""leadership_vacancies_count"":2,""secondary_vacancies_count"":10,""primary_vacancies_count"":3,""leopardfishIntelAlert"":""Leopardfish Multi-Engine Audit: Stable retention pattern with 15 active vacancies detected across TES, GRC Search, and official school portals."",""churn_implications_commentary"":""Leopardfish Multi-Engine Audit: Stable retention pattern with 15 active vacancies detected across TES, GRC Search, and official school portals."",""senior_leadership_churn_percentage"":25}","2026-08-31T13:11:51.856Z","https://www.park-is.com/careers/","Inspired Education Portal, LinkedIn","https://www.park-is.com/careers/","PaRK International School","1179041","park-international-school-alfragide-1179041","{""_seconds"":1788179409,""_nanoseconds"":362000000}"
"FLIS0065","8.8","Switzerland","18-20","Zurich","Good","9.2","200","1:8","IB, CIS, NEASC","9.5","Premium Swiss IB hub.","9.4","9.6","9.6","Not Included","1:1 Macbook","IB / US","200","Zurich Int'l","8.7","25%","Premium","","For-Profit","$4,475.00","Inspired Education","CIS","LFI","For-Profit","Independent Non-Profit","9.6","2026-05-26T10:41:07.832Z","0","[]","","success","true","{""_seconds"":1788076652,""_nanoseconds"":262000000}","","2026-08-30T07:57:32.260Z","https://www.zis.ch/careers","ZIS Direct Portal, SGIS Board","https://www.zis.ch/careers","Zurich Int'l","","","{""_seconds"":1788178943,""_nanoseconds"":289000000}"
"FLIS0066","8.2","Belgium","18-22","Brussels","Good","8.4","180","1:7","IB, COBIS, CIS","9.4","Elite MS/Canvas hub.","8.6","7.0","9.3","Not Included","Microsoft/Canvas","British / IB","180","British Brussels","8.8","25%","Full Private","","Non-Profit","$2,565.00","Independent Board","CIS / NEASC","LFI","Non-Profit","Independent Board","7.0","2026-05-26T10:41:07.832Z","0","[]","","success","true","{""_seconds"":1788076651,""_nanoseconds"":953000000}","","2026-08-30T07:57:31.951Z","https://www.britishschool.be/careers","Search Associates, LinkedIn","https://www.britishschool.be/careers","British Brussels","1057727","the-british-school-of-brussels-1057727","2026-08-30T16:14:23.676Z"
"FLIS0067","7.5","Spain","20-24","Barcelona","Good","8.1","80","1:10","IB","8.6","Innovation IB hub.","8.5","7.4","8.2","Not Included","Google Workspace","IB","80","St Peter's BCN","8.4","22%","Standard","","Non-Profit","$1,940.00","Board of Governors","BSO","LFI","Non-Profit","Board of Governors","7.4","2026-05-26T10:41:07.832Z","0","[]","","success","true","{""_seconds"":1788076630,""_nanoseconds"":18000000}","","2026-08-30T07:57:10.016Z","https://stpeters.es/careers/","LinkedIn, InfoJobs Spain","https://stpeters.es/careers/","St Peter's BCN","1056328","st-peter-s-school-barcelona-1056328","2026-08-30T16:14:23.676Z"
"FLIS0068","7.8","Spain","","Madrid","Good","8.2","110","1:9","","8.9","Elite Madrid academic hub.","8.4","7.8","8.7","Not Included","Google Workspace","IB","","Int'l College Spain","8.2","20%","Full Private","","For-Profit","$2,075.00","Private / Family","IB","LFI","For-Profit","Private / Family","7.8","2026-05-26T10:41:07.832Z","0","[]","","success","true","{""_seconds"":1788284820,""_nanoseconds"":166000000}","{""schoolId"":""FLIS0068"",""schoolName"":""Int'l College Spain"",""category"":""LOW_TURNOVER"",""statusLabel"":""Low Turnover (Stable)"",""isUpdating"":false,""lastScrapedAt"":""2026-09-01T17:44:44.836Z"",""metrics"":{""estimatedStaffBase"":60,""totalKnownVacancies"":7,""estimatedChurnRatePercent"":12,""leadershipVacanciesCount"":0,""secondaryVacanciesCount"":5,""primaryVacanciesCount"":2,""riskRating"":""LOW"",""leadershipChurnRatioPercent"":0,""averageYearlyTesAdverts"":7},""scrapedJobsList"":[""Biology Teacher (Posted: 2026-08-31T15:30:35.348Z) - Globeducate"",""Profesor/a de Alemán (Posted: 2026-08-31T15:53:16.557Z) - Globeducate"",""ICS Cover Teacher Pool (Posted: Recently) - Nord Anglia"",""MYP French Cover Teacher (Posted: Recently) - Nord Anglia"",""Early Years (Posted: Recently; Closes: [object Object]) - School Web"",""Primary (Posted: Recently; Closes: [object Object]) - School Web"",""Register your interest - Careers in Hastings, Spain (Posted: Recently; Closes: -) - Cognita"",""Biology Teacher (Posted: Recently; Closes: [object Object]) - Globeducate"",""Profesor/a de Alemán (Posted: Recently; Closes: [object Object]) - Globeducate"",""ICS Cover Teacher Pool (Posted: Recently; Closes: [object Object]) - Nord Anglia"",""MYP French Cover Teacher ( (Posted: Recently; Closes: [object Object]) - Nord Anglia""],""vacancies_discovered"":[{""title"":""Profesor/a de Alemán"",""department"":""Secondary"",""source"":""Globeducate"",""source_url"":""https://www.intl-college-spain.com"",""date_listed"":""2026-08-31T15:53:16.557Z"",""date_closing"":null,""status"":""OPEN"",""recruitmentCycle"":""CURRENT""},{""title"":""Biology Teacher"",""department"":""Secondary"",""source"":""Globeducate"",""source_url"":""https://www.intl-college-spain.com"",""date_listed"":""2026-08-31T15:30:35.348Z"",""date_closing"":null,""status"":""OPEN"",""recruitmentCycle"":""CURRENT""},{""title"":""ICS Cover Teacher Pool"",""department"":""Secondary"",""source"":""Nord Anglia"",""source_url"":""https://www.intl-college-spain.com"",""date_listed"":""Recently"",""date_closing"":null,""status"":""OPEN"",""recruitmentCycle"":""CURRENT""},{""title"":""MYP French Cover Teacher"",""department"":""Secondary"",""source"":""Nord Anglia"",""source_url"":""https://www.intl-college-spain.com"",""date_listed"":""Recently"",""date_closing"":null,""status"":""OPEN"",""recruitmentCycle"":""CURRENT""},{""title"":""Early Years"",""department"":""Primary"",""source"":""School Web"",""source_url"":""https://www.intl-college-spain.com"",""date_listed"":""Recently"",""date_closing"":""[object Object]"",""status"":""OPEN"",""recruitmentCycle"":""CURRENT""},{""title"":""Primary"",""department"":""Primary"",""source"":""School Web"",""source_url"":""https://www.intl-college-spain.com"",""date_listed"":""Recently"",""date_closing"":""[object Object]"",""status"":""OPEN"",""recruitmentCycle"":""CURRENT""},{""title"":""Register your interest - Careers in Hastings, Spain"",""department"":""Secondary"",""source"":""Cognita"",""source_url"":""https://www.intl-college-spain.com"",""date_listed"":""Recently"",""date_closing"":""-"",""status"":""OPEN"",""recruitmentCycle"":""CURRENT""}],""structured_vacancies"":[{""title"":""Profesor/a de Alemán"",""department"":""Secondary"",""source"":""Globeducate"",""source_url"":""https://www.intl-college-spain.com"",""date_listed"":""2026-08-31T15:53:16.557Z"",""date_closing"":null,""status"":""OPEN"",""recruitmentCycle"":""CURRENT""},{""title"":""Biology Teacher"",""department"":""Secondary"",""source"":""Globeducate"",""source_url"":""https://www.intl-college-spain.com"",""date_listed"":""2026-08-31T15:30:35.348Z"",""date_closing"":null,""status"":""OPEN"",""recruitmentCycle"":""CURRENT""},{""title"":""ICS Cover Teacher Pool"",""department"":""Secondary"",""source"":""Nord Anglia"",""source_url"":""https://www.intl-college-spain.com"",""date_listed"":""Recently"",""date_closing"":null,""status"":""OPEN"",""recruitmentCycle"":""CURRENT""},{""title"":""MYP French Cover Teacher"",""department"":""Secondary"",""source"":""Nord Anglia"",""source_url"":""https://www.intl-college-spain.com"",""date_listed"":""Recently"",""date_closing"":null,""status"":""OPEN"",""recruitmentCycle"":""CURRENT""},{""title"":""Early Years"",""department"":""Primary"",""source"":""School Web"",""source_url"":""https://www.intl-college-spain.com"",""date_listed"":""Recently"",""date_closing"":""[object Object]"",""status"":""OPEN"",""recruitmentCycle"":""CURRENT""},{""title"":""Primary"",""department"":""Primary"",""source"":""School Web"",""source_url"":""https://www.intl-college-spain.com"",""date_listed"":""Recently"",""date_closing"":""[object Object]"",""status"":""OPEN"",""recruitmentCycle"":""CURRENT""},{""title"":""Register your interest - Careers in Hastings, Spain"",""department"":""Secondary"",""source"":""Cognita"",""source_url"":""https://www.intl-college-spain.com"",""date_listed"":""Recently"",""date_closing"":""-"",""status"":""OPEN"",""recruitmentCycle"":""CURRENT""}],""total_known_vacancies"":7,""estimated_churn_percentage"":12,""leadership_vacancies_count"":0,""secondary_vacancies_count"":5,""primary_vacancies_count"":2,""leopardfishIntelAlert"":""Leopardfish Multi-Engine Audit: Stable retention pattern with 7 active vacancies detected across TES, GRC Search, and official school portals."",""churn_implications_commentary"":""Leopardfish Multi-Engine Audit: Stable retention pattern with 7 active vacancies detected across TES, GRC Search, and official school portals."",""senior_leadership_churn_percentage"":0}","2026-09-01T17:44:44.836Z","https://www.nordangliaeducation.com/ics-madrid/careers","Nord Anglia Career Portal, Search Associates","https://www.nordangliaeducation.com/ics-madrid/careers","Int'l College Spain","1058692","international-college-spain-1058692","2026-08-30T16:14:23.676Z"
"FLIS0069","7.2","Spain","20-24","Marbella","Good","8.2","100","1:12","IB, COBIS","8.5","British leader in Marbella.","8.0","8.5","8.1","Not Included","British Standard","British / IB","100","Aloha College","8.6","20%","Standard","","For-Profit","$1,800.00","Nord Anglia Education","CIS","LFI","For-Profit","Nord Anglia Education","8.5","2026-05-26T10:41:07.832Z","0","[]","","success","true","{""_seconds"":1788076658,""_nanoseconds"":833000000}","","2026-08-30T07:57:38.832Z","https://aloha-college.com/careers/","LinkedIn, InfoJobs Spain","https://aloha-college.com/careers/","Aloha College","1057357","aloha-college-1057357","2026-08-30T16:14:23.676Z"
"FLIS0070","8.4","Germany","18-22","Munich","Good","8.9","160","1:8","IB, CIS, NEASC","9.3","High-tech Munich flagship.","9.0","9.0","9.4","Not Included","Microsoft Enterprise","IB","160","Munich International","8.8","25%","Full Private","","Non-Profit","$2,775.00","Community Project","BSO","LFI","Non-Profit","Community Project","9.0","2026-05-26T10:41:07.832Z","0","[]","","success","true","{""_seconds"":1788076652,""_nanoseconds"":726000000}","","2026-08-30T07:57:32.725Z","https://www.mis-munich.de/careers","Search Associates, Schrole, LinkedIn","https://www.mis-munich.de/careers","Munich International","","","2026-08-30T16:14:23.676Z"
"FLIS0071","7.6","Spain","18-22","Barcelona","Good","8.2","90","1:9","IB, MSA","8.8","Top US/IB hub in BCN.","8.6","7.4","8.4","Not Included","Apple Ecosystem","US / IB / AP","90","Benjamin Franklin","8.4","22%","Full Private","","Non-Profit","$2,205.00","Parent Board","CIS / NEASC","LFI","Non-Profit","Parent Board","7.4","2026-05-26T10:41:07.832Z","0","[]","","success","true","{""_seconds"":1788076661,""_nanoseconds"":927000000}","","2026-08-30T07:57:41.926Z","https://www.bfischool.org/about-us/careers","Search Associates, LinkedIn","https://www.bfischool.org/about-us/careers","Benjamin Franklin","1062233","benjamin-franklin-international-school-1062233","2026-08-30T16:14:23.676Z"
"FLIS0072","8.2","Switzerland","12-15","Leysin","Good","8.6","80","1:4","IB, CIS, MSA","8.7","Premium boarding school.","8.5","9.7","8.8","Provided","Media Arts Focus","US / IB","80","Leysin American","8.0","30%","Premium","","Non-Profit","$3,705.00","Association / Board","CIS / NEASC","LFI","Non-Profit","Association / Board","9.7","2026-05-26T10:41:07.832Z","0","[]","","success","true","{""_seconds"":1788076624,""_nanoseconds"":654000000}","","2026-08-30T07:57:04.653Z","https://www.las.ch/about/careers","Search Associates, LinkedIn","https://www.las.ch/about/careers","Leysin American","","","2026-08-30T16:14:23.676Z"
"FLIS0073","7.8","Germany","18-22","Bonn","Good","8.4","95","1:9","IB, CIS, NEASC","8.6","Established Rhine leader.","8.2","8.8","8.2","Not Included","Google Workspace","IB","95","Bonn International","8.8","25%","Full Private","","For-Profit","$2,255.00","Private / Family","CIS / NEASC","LFI","For-Profit","Private / Family","8.8","2026-05-26T10:41:07.832Z","0","[]","","success","true","{""_seconds"":1788076653,""_nanoseconds"":177000000}","","2026-08-30T07:57:33.175Z","https://www.bonn-is.de/work/teaching-positions","Search Associates, LinkedIn","https://www.bonn-is.de/work/teaching-positions","Bonn International","","","2026-08-30T16:14:23.676Z"
"FLIS0074","8.1","Netherlands","18-22","Amsterdam","Good","8.7","160","1:7","IB, CIS, NEASC","9.4","Dutch academic flagship.","9.2","8.2","9.5","Not Included","1:1 Macbook/iPad","IB","160","IS Amsterdam","8.5","25%","Full Private","","Non-Profit","$2,440.00","Parent Board","CIS","LFI","Non-Profit","Parent Board","8.2","2026-05-26T10:41:07.832Z","0","[]","","success","true","{""_seconds"":1788076640,""_nanoseconds"":403000000}","","2026-08-30T07:57:20.401Z","https://www.isa.nl/careers","Search Associates, Schrole, LinkedIn","https://www.isa.nl/careers","IS Amsterdam","","","2026-08-30T16:14:23.676Z"
"FLIS0075","7.6","Spain","18-22","Barcelona","Good","8.2","110","1:10","IB, MSA","8.9","Respected US-standard.","9.0","7.4","8.9","Not Included","Apple Distinguished","US / IB","110","American School BCN","8.2","22%","Full Private","","Non-Profit","$2,370.00","Board of Governors","CIS / NEASC","LFI","Non-Profit","Board of Governors","7.4","2026-05-26T10:41:07.832Z","0","[]","","success","true","{""_seconds"":1788076676,""_nanoseconds"":721000000}","","2026-08-30T07:57:56.719Z","https://www.asbarcelona.com/careers","Search Associates, LinkedIn","https://www.asbarcelona.com/careers","American School BCN","","","2026-08-30T16:14:23.676Z"
"FLIS0076","8.0","Switzerland","18-22","St-Légier","Good","8.6","100","1:8","IB, CIS","8.4","Swiss Riviera bilingualism.","8.4","9.8","8.0","Not Included","Managed LMS","IB / Swiss","100","Haut-Lac Int'l","8.2","22%","Standard","","Non-Profit","$3,475.00","Board of Trustees","MSA","LFI","Non-Profit","Board of Trustees","9.8","2026-05-26T10:41:07.832Z","0","[]","","success","true","{""_seconds"":1788076618,""_nanoseconds"":59000000}","","2026-08-30T07:56:58.057Z","https://www.haut-lac.ch/en/careers/","Teacher Horizons, LinkedIn","https://www.haut-lac.ch/en/careers/","Haut-Lac Int'l","1079043","haut-lac-international-bilingual-school-1079043","2026-08-30T16:14:23.676Z"
"FLIS0077","7.9","Austria","18-22","Vienna","Good","8.7","106","1:8","IB, MSA, CIS","9.2","Premier US/IB hub.","8.8","9.2","9.1","Not Included","Google Reference","US / IB","106","American International School Vienna","8.4","25%","75% school paid / 25% employee for worldwide CIGNA or UNIQA medical, dental & vision for employee + dependents","","Non-Profit","€44,639 - €61,882 (USD $48,656 - $67,451) tax-exempt base","Non-Profit Independent Board","CIS","LFI","Non-Profit","Non-Profit Independent Board","9.2","2026-05-26T10:41:07.832Z","0","[]","","success","true","{""_seconds"":1788076625,""_nanoseconds"":570000000}","","2026-08-30T07:57:05.568Z","https://www.ais.at/employment","Search Associates, School Website","https://www.ais.at/employment","American International School Vienna","","","2026-09-05T11:56:55.534Z"
"FLIS0078","8.6","Switzerland","18-22","Geneva","Good","8.8","250","1:8","IB, CIS, NEASC","9.1","Elite Geneva boarding.","9.3","9.0","9.3","Provided","1:1 Apple Hub","Multilingual","250","College du Leman","8.0","20%","Premium","","Non-Profit","$4,095.00","Independent Board","CIS / MSA","LFI","Non-Profit","Independent Board","9.0","2026-05-26T10:41:07.832Z","0","[]","","success","true","{""_seconds"":1788076657,""_nanoseconds"":815000000}","","2026-08-30T07:57:37.814Z","https://www.nordangliaeducation.com/cdl-geneva/careers","Nord Anglia Career Portal, Search Associates","https://www.nordangliaeducation.com/cdl-geneva/careers","College du Leman","1065805","nord-anglia-education-1065805","2026-08-30T16:14:23.676Z"
"FLIS0079","8.2","Belgium","18-22","Brussels","Good","8.5","200","1:7","IB, CIS, MSA","9.3","High-performing hub.","9.1","7.0","9.5","Not Included","Microsoft Gold","US / IB","200","IS Brussels","8.8","25%","Full Private","","For-Profit","$2,850.00","Nord Anglia Education","CIS / NEASC","LFI","For-Profit","Nord Anglia Education","7.0","2026-05-26T10:41:07.832Z","0","[]","","success","true","{""_seconds"":1788076670,""_nanoseconds"":383000000}","","2026-08-30T07:57:50.381Z","https://www.isb.be/careers","Search Associates, LinkedIn","https://www.isb.be/careers","IS Brussels","1055958","international-school-of-brussels-1055958","2026-08-30T16:14:23.676Z"
"FLIS0080","7.2","Czechia","18","Prague","Good","8.0","82","1:9","COBIS / IB","8.3","Good","7.8","9.5","8.5","Not Included","ManageBac","English Nat. / IB","90","Riverside Prague","8.4","21","VZP+","","Non-Profit","$2,330","Independent","COBIS / BSO","LFI","Non-Profit","Independent","9.5","2026-05-26T10:41:07.832Z","0","[]","","success","true","{""_seconds"":1788076625,""_nanoseconds"":700000000}","","2026-08-30T07:57:04.521Z","https://www.riversideschool.cz/contact/vacancies/","Teacher Horizons, LinkedIn","https://www.riversideschool.cz/contact/vacancies/","Riverside Prague","1175419","riverside-international-school-1175419","2026-08-30T16:14:23.676Z"
"FLIS0081","7.4","Denmark","20-24","Copenhagen","Good","8.3","70","1:10","IB","8.2","Innovative Danish IB.","8.0","9.2","7.8","Not Included","Standard Digital","IB","70","IS Hellerup","8.5","22%","Standard","","Non-Profit","$2,370.00","Foundation","BSO","LFI","Non-Profit","Foundation","9.2","2026-05-26T10:41:07.833Z","0","[]","","success","true","{""_seconds"":1788076660,""_nanoseconds"":417000000}","","2026-08-30T07:57:40.416Z","https://ish.dk/vacancies/","Jobindex Denmark, LinkedIn","https://ish.dk/vacancies/","IS Hellerup","","","2026-08-30T16:14:23.676Z"
"FLIS0082","7.9","Germany","18-22","Cologne","Good","8.2","110","1:6","IB, COBIS","8.8","Strong British ethos.","8.4","7.8","8.6","Not Included","Microsoft Showcase","British / IB","110","St George's Cologne","8.2","20%","Full Private","","Non-Profit","$2,205.00","Board of Governors","IB","LFI","Non-Profit","Board of Governors","7.8","2026-05-26T10:41:07.833Z","0","[]","","success","true","{""_seconds"":1788076624,""_nanoseconds"":330000000}","","2026-08-30T07:57:04.329Z","https://www.stgeorgesschool.com/careers","LinkedIn, eTeach","https://www.stgeorgesschool.com/careers","St George's Cologne","1058656","st-george-s-the-british-international-school-cologne-1058656","2026-08-30T16:14:23.676Z"
"FLIS0083","7.8","Germany","18-22","Düsseldorf","Good","8.5","130","1:8","IB, CIS, NEASC","9.0","German IB flagship.","8.8","8.5","8.9","Not Included","Apple Distinguished","IB","130","IS Düsseldorf","8.6","25%","Full Private","","For-Profit","$3,100.00","Private / Family","BSO","LFI","For-Profit","Private / Family","8.5","2026-05-26T10:41:07.833Z","0","[]","","success","true","{""_seconds"":1788076620,""_nanoseconds"":217000000}","","2026-08-30T07:57:00.216Z","https://www.isdedu.de/careers","Search Associates, LinkedIn","https://www.isdedu.de/careers","IS Düsseldorf","1056279","international-school-of-d-sseldorf-e-v-1056279","2026-08-30T16:14:23.676Z"
"FLIS0084","8.5","Switzerland","18-22","Zug","Good","9.0","150","1:8","IB, CIS, NEASC","9.2","Premium Zug academic.","9.0","9.7","9.2","Not Included","Canvas/Mac","IB","150","IS Zug & Luzern","8.4","25%","Premium","","Non-Profit","$4,155.00","Parent Board","CIS","LFI","Non-Profit","Parent Board","9.7","2026-05-26T10:41:07.833Z","0","[]","","success","true","{""_seconds"":1788076635,""_nanoseconds"":322000000}","","2026-08-30T07:57:15.321Z","https://www.iszl.ch/careers","Search Associates, Schrole, LinkedIn","https://www.iszl.ch/careers","IS Zug & Luzern","","","2026-08-30T16:14:23.676Z"
"FLIS0085","7.8","Germany","18-22","Frankfurt","Good","8.1","90","1:10","IB, BSO","8.4","British/IB Frankfurt hub.","8.5","7.8","8.1","Not Included","Managed Tablet","British / IB","90","Metropolitan Frankfurt","8.2","20%","Standard","","Non-Profit","$2,205.00","Board of Trustees","CIS / NEASC","LFI","Non-Profit","Board of Trustees","7.8","2026-05-26T10:41:07.833Z","0","[]","","success","true","{""_seconds"":1788076649,""_nanoseconds"":43000000}","","2026-08-30T07:57:29.041Z","https://m-s-f.de/careers/","LinkedIn, StepStone Germany","https://m-s-f.de/careers/","Metropolitan Frankfurt","","","2026-08-30T16:14:23.676Z"
"FLIS0086","7.4","France","18-22","Paris","Good","7.8","120","1:10","IB, CIS","8.8","Respected Paris boarding.","8.2","6.8","8.3","Provided","Mixed Digital","French / IB","120","Ermitage Int'l","7.8","15%","Full Private","","For-Profit","$2,075.00","Private / Family","CIS","LFI","For-Profit","Private / Family","6.8","2026-05-26T10:41:07.833Z","0","[]","","success","true","{""_seconds"":1788076695,""_nanoseconds"":896000000}","","2026-08-30T07:58:15.895Z","https://www.ermitage.fr/en/careers","Globeducate Careers Portal, LinkedIn","https://www.ermitage.fr/en/careers","Ermitage Int'l","1066851","ermitage-international-school-1066851","2026-08-30T16:14:23.676Z"
"FLIS0087","7.2","Norway","18-22","Oslo","Good","8.5","90","1:9","IB, CIS","9.2","Premier Nordic IB hub.","8.8","9.1","8.7","Not Included","Google Reference","IB","90","Oslo International","8.4","20%","Premium","","For-Profit","$3,635.00","Private / Family","IB","LFI","For-Profit","Private / Family","9.1","2026-05-26T10:41:07.833Z","0","[]","","success","true","{""_seconds"":1788076626,""_nanoseconds"":728000000}","","2026-08-30T07:57:06.727Z","https://www.oslointernationalschool.no/employment","Search Associates, Finn.no","https://www.oslointernationalschool.no/employment","Oslo International","","","2026-08-30T16:14:23.676Z"
"FLIS0088","7.6","France","18-22","Paris","Good","8.3","120","1:8","IB, MSA","9.4","Top US academic hub.","9.4","6.8","9.2","Not Included","Apple Distinguished","US / IB / AP","120","American School Paris","8.2","25%","Full Private","","Non-Profit","$2,915.00","Independent Board","CIS","LFI","Non-Profit","Independent Board","6.8","2026-05-26T10:41:07.833Z","0","[]","","success","true","{""_seconds"":1788076635,""_nanoseconds"":196000000}","","2026-08-30T07:57:15.195Z","https://www.asparis.org/employment","Search Associates, ISS, LinkedIn","https://www.asparis.org/employment","American School Paris","","","2026-08-30T16:14:23.676Z"
"FLIS0089","7.5","Portugal","18-22","Lisbon","Good","8.5","140","1:10","IB, COBIS, CIS","9.3","Elite Lisbon British-IB.","8.6","8.8","8.9","Not Included","Canvas/Chrome","British / IB / Port.","140","St Julian's School","8.4","20%","Full Private","","Non-Profit","$2,075.00","Association Loi 1901","CIS / MSA","LFI","Non-Profit","Association Loi 1901","8.8","2026-05-26T10:41:07.833Z","0","[]","","success","true","{""_seconds"":1788076687,""_nanoseconds"":746000000}","","2026-08-30T07:58:07.745Z","https://www.stjulians.com/work-with-us/vacancies","Search Associates, LinkedIn","https://www.stjulians.com/work-with-us/vacancies","St Julian's School","1058006","st-julian-s-school-1058006","2026-08-30T16:14:23.676Z"
"FLIS0090","7.8","Spain","18-22","Madrid","Good","8.5","120","1:8","IB, MSA","9.1","High-perf tech flagship.","9.2","7.8","9.2","Not Included","Apple Distinguished","US / IB / AP","120","American School Madrid","8.4","25%","Full Private","","Non-Profit","$2,565.00","Trust / Board","BSO","LFI","Non-Profit","Trust / Board","7.8","2026-05-26T10:41:07.833Z","0","[]","","success","true","{""_seconds"":1788076626,""_nanoseconds"":696000000}","","2026-08-30T07:57:06.695Z","https://www.asmadrid.org/careers","Search Associates, ISS, LinkedIn","https://www.asmadrid.org/careers","American School Madrid","","","2026-08-30T16:14:23.676Z"
"FLIS0091","7.9","Hungary","18-22","Budapest","Good","8.4","100","1:10","IB, COBIS, CIS","8.8","Top-tier British hub.","8.2","8.5","8.4","Not Included","Microsoft Gold","British / IB","100","British Int'l Budapest","8.5","20%","Full Private","","Non-Profit","$1,940.00","Association Board","MSA","LFI","Non-Profit","Association Board","8.5","2026-05-26T10:41:07.833Z","0","[]","","success","true","{""_seconds"":1788076624,""_nanoseconds"":821000000}","","2026-08-30T07:57:04.820Z","https://www.nordangliaeducation.com/bis-budapest/careers","Nord Anglia Career Portal, Teacher Horizons","https://www.nordangliaeducation.com/bis-budapest/careers","British Int'l Budapest","1057761","the-british-international-school-budapest-1057761","2026-08-30T16:14:23.676Z"
"FLIS0092","8.0","Germany","18-22","Munich","Good","8.4","110","1:6","IB, COBIS","8.6","British-standard leader.","8.2","9.0","8.5","Not Included","Mixed Ecosystem","British / IB","110","St George's Munich","8.4","20%","Full Private","","For-Profit","$2,370.00","Nord Anglia Education","BSO","LFI","For-Profit","Nord Anglia Education","9.0","2026-05-26T10:41:07.833Z","0","[]","","success","true","{""_seconds"":1788076695,""_nanoseconds"":754000000}","","2026-08-30T07:58:15.752Z","https://www.stgeorgesschool.com/careers","LinkedIn, eTeach","https://www.stgeorgesschool.com/careers","St George's Munich","1074432","st-george-s-the-british-international-school-munich-1074432","2026-08-30T16:14:23.676Z"
"FLIS0093","8.2","Germany","18-22","Munich","Good","8.7","140","1:8","IB, CIS, NEASC","9.0","Established Munich IB.","8.6","9.0","9.0","Not Included","Google Workspace","IB","140","Bavarian International","8.8","25%","Full Private","","For-Profit","$2,610.00","Private / Family","BSO","LFI","For-Profit","Private / Family","9.0","2026-05-26T10:41:07.833Z","0","[]","","success","true","{""_seconds"":1788076626,""_nanoseconds"":194000000}","","2026-08-30T07:57:06.193Z","https://www.bis-school.com/careers","Search Associates, LinkedIn","https://www.bis-school.com/careers","Bavarian International","","","2026-08-30T16:14:23.676Z"
"FLIS0094","8.4","Switzerland","18-22","Basel","Good","9.0","180","1:8","IB, CIS, NEASC","9.4","Premium Swiss flagship.","9.0","9.4","9.4","Not Included","1:1 Macbook","IB","180","International Basel","8.6","25%","Premium","","Non-Profit","$4,475.00","Parent Board","CIS / NEASC","LFI","Non-Profit","Parent Board","9.4","2026-05-26T10:41:07.833Z","0","[]","","success","true","{""_seconds"":1788076615,""_nanoseconds"":277000000}","","2026-08-30T07:56:55.276Z","https://www.isbasel.ch/careers","Search Associates, Schrole, LinkedIn","https://www.isbasel.ch/careers","International Basel","1055110","international-school-basel-reinach-campus-1055110","2026-08-30T16:14:23.676Z"
"FLIS0095","8.5","Switzerland","12-15","Lugano","Good","9.0","110","1:6","IB, MSA","9.3","Elite Lugano boarding.","9.2","9.6","9.6","Provided","Media Hub","US / IB / AP","110","TASIS Switzerland","8.2","25%","Premium","","Non-Profit","$4,155.00","Foundation Board","CIS / NEASC","LFI","Non-Profit","Foundation Board","9.6","2026-05-26T10:41:07.833Z","0","[]","","success","true","{""_seconds"":1788076620,""_nanoseconds"":232000000}","","2026-08-30T07:57:00.232Z","https://switzerland.tasis.com/employment","Search Associates, LinkedIn","https://switzerland.tasis.com/employment","TASIS Switzerland","1059117","the-american-school-in-switzerland-tasis-1059117","2026-08-30T16:14:23.676Z"
"FLIS0096","7.1","Greece","20-24","Athens","Good","7.8","80","1:11","IB, MSA","8.2","Respected IB hub.","8.0","7.2","8.0","Not Included","Google Workspace","IB / US","80","IS Athens","8.4","20%","Standard","","Non-Profit","$1,800.00","TASIS Foundation","CIS / NEASC","LFI","Non-Profit","TASIS Foundation","7.2","2026-05-26T10:41:07.833Z","0","[]","","success","true","{""_seconds"":1788076620,""_nanoseconds"":249000000}","","2026-08-30T07:57:00.248Z","https://www.isa.edu.gr/about/join-our-team","LinkedIn","https://www.isa.edu.gr/about/join-our-team","IS Athens","","","2026-08-30T16:14:23.676Z"
"FLIS0097","7.8","Austria","18-22","Vienna","Good","8.4","99","1:6","IB (PYP, MYP, DP), CIS","8.5","Respected academic hub.","8.4","9.2","8.3","Not Included","Microsoft/LMS","IB (PYP, MYP, DP)","99","Danube International School Vienna","8.2","22%","Standard","","Non-Profit","€56,000 - €62,860 (paid 14 times/year)","Non-Profit Independent","CIS","LFI","Non-Profit","Non-Profit Independent","9.2","2026-05-26T10:41:07.833Z","3","[{""salaryRange"":""€56,000 - €62,860/yr (14 payments)"",""country"":""Austria"",""city"":""Vienna"",""jobTitle"":""DP English Language and Literature Teacher (with possible Head of Department responsibilities)"",""tesNumber"":""2270466"",""curriculum"":""IB Diploma Programme (DP)"",""source"":""TES"",""salary"":""€56,000 - €62,860/yr (14 payments)"",""title"":""DP English Language and Literature Teacher (with possible Head of Department responsibilities)"",""source_url"":""https://www.tes.com/jobs/vacancy/dp-english-language-and-literature-teacher-with-possible-head-of-department-wien-2270466"",""schoolRating"":8.5,""applyUrl"":""https://www.tes.com/jobs/vacancy/dp-english-language-and-literature-teacher-with-possible-head-of-department-wien-2270466"",""schoolId"":""FLIS0097"",""id"":""disv_tes_2270466_dp_english"",""sourceName"":""TES Job Listing"",""department"":""English and Literature / Secondary"",""schoolName"":""Danube International School Vienna"",""scrapedAt"":""2026-09-05T12:47:44.762Z"",""isRollingDeadline"":false,""closingDateMillis"":1771372799000,""closingDate"":""2026-02-17T23:59:59.000Z"",""applyBy"":""17 February 2026"",""isHistoric"":true,""status"":""CLOSED"",""updatedAt"":""2026-09-05T12:50:06.002Z""},{""salaryRange"":""€56,000 - €62,860/yr (14 payments)"",""country"":""Austria"",""city"":""Vienna"",""jobTitle"":""DP ESS (Environmental Systems & Societies) Teacher"",""tesNumber"":""2270469"",""curriculum"":""IB Diploma Programme (DP)"",""source"":""TES"",""salary"":""€56,000 - €62,860/yr (14 payments)"",""title"":""DP ESS (Environmental Systems & Societies) Teacher"",""source_url"":""https://www.tes.com/jobs/vacancy/dp-ess-teacher-wien-2270469"",""schoolRating"":8.5,""applyUrl"":""https://www.tes.com/jobs/vacancy/dp-ess-teacher-wien-2270469"",""schoolId"":""FLIS0097"",""id"":""disv_tes_2270469_dp_ess"",""scrapedAt"":""2026-09-05T12:46:04.939Z"",""sourceName"":""TES Job Listing"",""department"":""Science / Environmental Systems / Secondary"",""schoolName"":""Danube International School Vienna"",""isHistoric"":true,""isRollingDeadline"":false,""closingDateMillis"":1771372799000,""closingDate"":""2026-02-17T23:59:59.000Z"",""applyBy"":""17 February 2026"",""status"":""CLOSED"",""updatedAt"":""2026-09-05T12:50:07.889Z""},{""salaryRange"":""€56,000 - €62,860/yr (14 payments)"",""country"":""Austria"",""city"":""Vienna"",""jobTitle"":""DP HL AA Mathematics Teacher (with MYP)"",""tesNumber"":""2284942"",""curriculum"":""IB Diploma Programme (DP) & MYP"",""source"":""TES"",""salary"":""€56,000 - €62,860/yr (14 payments)"",""title"":""DP HL AA Mathematics Teacher (with MYP)"",""source_url"":""https://www.tes.com/jobs/vacancy/dp-hl-aa-maths-with-myp-wien-2284942"",""schoolRating"":8.5,""applyUrl"":""https://www.tes.com/jobs/vacancy/dp-hl-aa-maths-with-myp-wien-2284942"",""schoolId"":""FLIS0097"",""id"":""disv_tes_2284942_dp_maths"",""scrapedAt"":""2026-09-05T12:46:06.255Z"",""sourceName"":""TES Job Listing"",""department"":""Mathematics / Secondary"",""schoolName"":""Danube International School Vienna"",""isHistoric"":true,""isRollingDeadline"":false,""closingDateMillis"":1771372799000,""closingDate"":""2026-02-17T23:59:59.000Z"",""applyBy"":""17 February 2026"",""status"":""CLOSED"",""updatedAt"":""2026-09-05T12:50:09.140Z""}]","","success","true","{""_seconds"":1788076620,""_nanoseconds"":261000000}","","2026-09-05T12:58:32.247Z","https://www.danubeschool.com","School Website, Search Associates","https://www.danubeschool.com/about-us/working-at-disv","Danube International School Vienna","1057637","danube-international-school-vienna-1057637","2026-09-05T12:38:10.318Z"
"FLIS0098","7.6","Spain","20-24","Barcelona","Good","8.2","120","1:10","IB, COBIS, CIS","8.9","Innovation British hub.","8.8","7.4","8.7","Not Included","Apple Ecosystem","British / IB","120","British BCN (Nexus)","8.4","22%","Full Private","","Non-Profit","$2,205.00","Board of Trustees","CIS","LFI","Non-Profit","Board of Trustees","7.4","2026-05-26T10:41:07.833Z","0","[]","","success","true","{""_seconds"":1788076677,""_nanoseconds"":234000000}","","2026-08-30T07:57:57.232Z","https://www.britishschoolbarcelona.com/careers","Cognita Careers Portal, LinkedIn","https://www.britishschoolbarcelona.com/careers","British BCN (Nexus)","1169587","the-british-school-of-barcelona-1169587","2026-08-30T16:14:23.676Z"
"FLIS0099","7.8","Germany","18-22","Heidelberg","Good","8.3","75","1:10","IB","8.2","Intimate tech leader.","8.0","8.8","7.9","Not Included","Google Workspace","IB","75","Heidelberg Int'l","8.6","25%","Standard","","For-Profit","$2,370.00","Cognita Schools","BSO","LFI","For-Profit","Cognita Schools","8.8","2026-05-26T10:41:07.833Z","0","[]","","success","true","{""_seconds"":1788076688,""_nanoseconds"":143000000}","","2026-08-30T07:58:08.142Z","https://www.hischool.de/employment","Search Associates, LinkedIn","https://www.hischool.de/employment","Heidelberg Int'l","1067664","heidelberg-international-school--h-i-s---1067664","2026-08-30T16:14:23.676Z"
"FLIS0100","9.2","Thailand","18-20","Bangkok","Good","9.3","150","1:7","IB, CIS, NEAS","9.6","UN-linked non-profit excellence.","9.6","8.5","9.7","Subsidised","1:1 MacBook","IB","150","NIST International","9.5","25%","Premium","","For-Profit","$3,345.00","Private / Family","CIS","LFI","For-Profit","Private / Family","8.5","2026-05-26T10:41:07.833Z","0","[]","","success","true","{""_seconds"":1788076687,""_nanoseconds"":400000000}","","2026-08-30T07:58:07.383Z","https://www.nist.ac.th/careers","Search Associates, Schrole, ISS, LinkedIn","https://www.nist.ac.th/careers","NIST International","1062814","nist-international-school-1062814","2026-08-30T16:14:23.676Z"
"FLIS0101","8.8","Saudi Arabia","22","Riyadh","Outstanding","8.4","180","1:10","BSO/CIS","8.5","High-standing British hub with strong savings potential.","8.0","8.5","9.1","Provided","1:1 iPad","UK/A-Level","185","British International School Riyadh","8.2","20%","Full Private","","Non-Profit","$4,450.00","NIST Foundation","CIS / NEASC","LFI","Non-Profit","NIST Foundation","8.5","2026-05-26T10:41:07.833Z","0","[]","","success","true","{""_seconds"":1788076626,""_nanoseconds"":204000000}","","2026-08-30T07:57:06.203Z","https://www.bisr.com.sa/careers","Search Associates, Teach Away, LinkedIn","https://www.bisr.com.sa/careers","British International School Riyadh","1057688","british-international-school-riyadh-1057688","2026-08-30T16:14:23.676Z"
"FLIS0102","9.0","Saudi Arabia","20","Riyadh","Highly Regarded","8.4","150","1:9","NEASC/CIS","8.2","Premium US curriculum school with elite facilities.","8.5","8.5","8.8","Provided","Google/Apple","US/IB","160","American International School Riyadh","7.5","22%","Premium","","Non-Profit","$4,600.00","Independent","CIS","LFI","Non-Profit","Independent","8.5","2026-05-26T10:41:07.833Z","0","[]","","success","true","{""_seconds"":1788076618,""_nanoseconds"":27000000}","","2026-08-30T07:56:58.026Z","https://www.aisr.org/employment","Search Associates, ISS, LinkedIn","https://www.aisr.org/employment","American International School Riyadh","","","2026-08-30T16:14:23.676Z"
"FLIS0103","7.5","Saudi Arabia","24","Riyadh","Emerging","7.3","65","1:11","Candidate","7.0","Rapidly growing IB school in the heart of Riyadh.","8.0","8.5","7.8","Allowance","Smart Classrooms","IB","70","SEK International School Riyadh","6.5","18%","Standard","","For-Profit","$3,850.00","SEK Group","Local","LFI","For-Profit","SEK Group","8.5","2026-05-26T10:41:07.833Z","0","[]","","success","true","{""_seconds"":1788076618,""_nanoseconds"":500000000}","","2026-08-30T07:56:58.499Z","https://riyadh.sek.international/work-with-us/","SEK Education Group Portal, LinkedIn","https://riyadh.sek.international/work-with-us/","SEK International School Riyadh","1260795","sek-international-school-riyadh-1260795","2026-08-30T16:14:23.676Z"
"FLIS0104","7.2","Saudi Arabia","22","Riyadh","Developing","7.4","45","1:12","BSO","7.8","New British export school with strong UK links.","7.5","8.5","7.6","Provided","Surface/LMS","UK","50","Reigate Grammar School Riyadh","6.8","20%","Full Private","","For-Profit","$4,150.00","RGS Group","BSO","LFI","For-Profit","RGS Group","8.5","2026-05-26T10:41:07.833Z","0","[]","","success","true","{""_seconds"":1788292042,""_nanoseconds"":467000000}","{""schoolId"":""FLIS0104"",""schoolName"":""Reigate Grammar School Riyadh"",""category"":""LOW_TURNOVER"",""statusLabel"":""Low Turnover (Stable)"",""isUpdating"":false,""lastScrapedAt"":""2026-09-01T19:47:21.204Z"",""metrics"":{""estimatedStaffBase"":""45"",""totalKnownVacancies"":2,""estimatedChurnRatePercent"":4,""leadershipVacanciesCount"":0,""secondaryVacanciesCount"":2,""primaryVacanciesCount"":0,""riskRating"":""LOW"",""leadershipChurnRatioPercent"":0,""averageYearlyTesAdverts"":2},""scrapedJobsList"":[""English Teacher/ Cover Teacher (Non-Sponsored) (Posted: Recently; Closes: 2026-09-03) - TES"",""Arabic Teacher (Posted: Recently; Closes: 2026-08-29) - TES"",""Arabic Teacher (Posted: Recently; Closes: [object Object]) - TES"",""English Teacher/ Cover Teacher (Non-Sponsored) (Posted: Recently; Closes: [object Object]) - TES"",""English Teacher/ Cover Teacher (Posted: Recently; Closes: [object Object]) - TES"",""English Teacher/ Cover Teacher (Non-Sponsored)Reigate Grammar School Riyadh, Ar RiyadReigate Grammar School Riyadh is a leading British curriculum school located in Saudi Arabia, committed to providing high-quality education and fostering a supportive and dynamic learning environment. We are currently seeking an experienced PE... (Posted: Recently; Closes: [object Object]) - TES"",""Arabic TeacherReigate Grammar School Riyadh, Saudi ArabiaReigate Grammar School Riyadh is a leading educational institution committed to providing high-quality British curriculum education in Saudi Arabia. We are dedicated to fostering academic excellence, creativity, and personal growth in a... (Posted: Recently; Closes: [object Object]) - TES"",""Arabic Teacher (No Sponsorship) (Aug 2026; Posted: 26 Aug 2026; Closes: 30 Aug 2 (Posted: Recently; Closes: 2024-08-10) - TES""],""vacancies_discovered"":[{""title"":""English Teacher/ Cover Teacher"",""department"":""Secondary"",""source"":""TES"",""source_url"":""https://www.reigate-grammar-school-riyadh.com"",""date_listed"":""Recently"",""date_closing"":""2026-09-03"",""status"":""OPEN"",""recruitmentCycle"":""CURRENT""},{""title"":""Arabic Teacher"",""department"":""Secondary"",""source"":""TES"",""source_url"":""https://www.reigate-grammar-school-riyadh.com"",""date_listed"":""Recently"",""date_closing"":null,""status"":""CLOSED"",""recruitmentCycle"":""CURRENT""}],""structured_vacancies"":[{""title"":""English Teacher/ Cover Teacher"",""department"":""Secondary"",""source"":""TES"",""source_url"":""https://www.reigate-grammar-school-riyadh.com"",""date_listed"":""Recently"",""date_closing"":""2026-09-03"",""status"":""OPEN"",""recruitmentCycle"":""CURRENT""},{""title"":""Arabic Teacher"",""department"":""Secondary"",""source"":""TES"",""source_url"":""https://www.reigate-grammar-school-riyadh.com"",""date_listed"":""Recently"",""date_closing"":null,""status"":""CLOSED"",""recruitmentCycle"":""CURRENT""}],""total_known_vacancies"":2,""estimated_churn_percentage"":4,""leadership_vacancies_count"":0,""secondary_vacancies_count"":2,""primary_vacancies_count"":0,""leopardfishIntelAlert"":""Leopardfish Multi-Engine Audit: Stable retention pattern with 2 active vacancies detected across TES, GRC Search, and official school portals."",""churn_implications_commentary"":""Leopardfish Multi-Engine Audit: Stable retention pattern with 2 active vacancies detected across TES, GRC Search, and official school portals."",""senior_leadership_churn_percentage"":0}","2026-09-01T19:47:21.204Z","https://rgs-riyadh.edu.sa/careers/","Reigate Grammar Int'l Portal, Teach Away","https://rgs-riyadh.edu.sa/careers/","Reigate Grammar School Riyadh","1263403","reigate-grammar-school-riyadh-1263403","2026-08-30T16:14:23.676Z"
"FLIS0105","7.2","Saudi Arabia","20","Riyadh","Emerging","7.2","35","1:10","BSO","7.5","All-girls British export school.","7.5","8.5","7.2","Provided","Digital Campus","UK","40","Downe House Riyadh","6.5","22%","Standard","","For-Profit","$4,250.00","Inspired","","LFI","For-Profit","Inspired","8.5","2026-05-26T10:41:07.833Z","0","[]","","success","true","{""_seconds"":1788076612,""_nanoseconds"":192000000}","","2026-08-30T07:56:52.191Z","https://www.downehouseriyadh.com/careers/","Downe House UK Portal, Teach Away, LinkedIn","https://www.downehouseriyadh.com/careers/","Downe House Riyadh","1262215","downe-house-riyadh-1262215","2026-08-30T16:14:23.676Z"
"FLIS0106","6.0","Saudi Arabia","25","Riyadh","Satisfactory","6.1","120","1:14","AdvancED","6.5","Established local IB provider with steady growth.","6.0","8.5","8.2","Included","Basic LMS","IB","130","Al Faris International School","5.5","15%","Local","","For-Profit","$3,650.00","Private","Local","LFI","For-Profit","Private","8.5","2026-05-26T10:41:07.833Z","0","[]","","success","true","{""_seconds"":1788076618,""_nanoseconds"":481000000}","","2026-08-30T07:56:58.480Z","https://alfaris.edu.sa/careers/","LinkedIn, Gulf Talent","https://alfaris.edu.sa/careers/","Al Faris International School","","","2026-08-30T16:14:23.676Z"
"FLIS0107","9.5","Saudi Arabia","18","Riyadh","High Potential","8.0","90","1:6","Candidate","7.0","Ultra-high tech with massive financial backing.","9.8","8.5","8.5","Luxury","Elite/AI","IB/National","100","Misk Schools","6.0","25%","Premium","","Non-Profit","$6,250.00","Misk Found.","Local","LFI","Non-Profit","Misk Found.","8.5","2026-05-26T10:41:07.833Z","0","[]","job.toLowerCase is not a function","failed","false","{""_seconds"":1788360115,""_nanoseconds"":706000000}","{""schoolId"":""FLIS0107"",""schoolName"":""Misk Schools"",""category"":""MODERATE_TURNOVER"",""statusLabel"":""Moderate Turnover (Healthy)"",""isUpdating"":false,""lastScrapedAt"":""2026-08-31T07:51:37.067Z"",""metrics"":{""estimatedStaffBase"":""90"",""totalKnownVacancies"":9,""estimatedChurnRatePercent"":10,""leadershipVacanciesCount"":1,""secondaryVacanciesCount"":5,""primaryVacanciesCount"":3,""riskRating"":""MODERATE"",""leadershipChurnRatioPercent"":0,""averageYearlyTesAdverts"":9},""scrapedJobsList"":[""Female Art & Design Teacher for Grades 4-12 and i GCSE (Posted: Recently; Closes: 2026-09-28) - TES"",""Boys' Schools, English Teacher, Grade 7-8, A level (Posted: Recently; Closes: [object Object]) - IGCSE (Jan 2027 Cycle; Posted: 13 Aug 2026; Closes: 29 Sep 2026)"",""Female Art & Design Teacher for Grades 4-12 and iGCSE, Girls SchoolsMisk Schools, Riyadh - Saudi ArabiaMisk Schools is a state-of-the-art school in Riyadh that aims to prepare the next generation of Saudi leaders. We are hiring a Female Art and Design Teacher, who can teach Grade 4 to 8 in Art and Design. The ability to teach iGCSE in one of these... (Posted: Recently; Closes: [object Object]) - TES"",""Boys' Schools, English Teacher, Grade 7-8, A level - IGCSE (Posted: Recently; Closes: [object Object]) - TES"",""Male Science and Computing Teacher, Boys schools, Grade 4 to Grade 8 and iGCSE (Posted: Recently; Closes: [object Object]) - TES"",""Boys' Schools, English Teacher, Grade 7-8, A level - IGCSEMisk Schools, Saudi Arabia - RiaydhMisk Schools is a state-of-the-art school in Riyadh that aims to prepare the next generation of Saudi leaders. We are hiring a Male English Teacher, for Grades 7-12, which may include IGCSE and IAlevel with the appointment set to begin January... (Posted: Recently; Closes: [object Object]) - TES"",""Lower Primary Schools (Posted: Recently; Closes: [object Object]) - School Web"",""Director General’s Welcome (Posted: Recently; Closes: [object Object]) - School Web"",""Upper Primary Schools (Posted: Recently; Closes: [object Object]) - School Web"",""Male Science and Computing Teacher, Boys schools, Grade 4 to Grade 8 and iGCSEMisk Schools, Riyadh, Saudi ArabiaMisk Schools is a state-of-the-art school in Riyadh that aims to prepare the next generation of Saudi leaders. We are hiring a Male Science and Computing Teacher, who can teach Grade 4 to 8 in Science and Computing. The ability to teach iGCSE in... (Posted: Recently; Closes: [object Object]) - TES"",""Female Art & Design Teacher for Grades 4-12 and iGCSE, Girls Schools (Posted: Recently; Closes: [object Object]) - TES"",""School Leaders and Governance (Posted: Recently; Closes: [object Object]) - School Web"",""Kindergarten (Posted: Recently; Closes: [object Object]) - School Web"",""Male Mathematics Teacher, Boys' Schools, Grade 6 to12 , iGCSE & A Level (Posted: Recently; Closes: [object Object]) - TES""],""vacancies_discovered"":[{""title"":""Female Art & Design Teacher for Grades 4-12 and i GCSE"",""department"":""Secondary"",""source"":""TES"",""source_url"":""https://www.misk-schools.com"",""date_listed"":""Recently"",""date_closing"":""2026-09-28"",""status"":""OPEN"",""recruitmentCycle"":""CURRENT""},{""title"":""Boys' Schools, English Teacher, Grade 7-8, A level - IGCSE"",""department"":""Secondary"",""source"":""TES"",""source_url"":""https://www.misk-schools.com"",""date_listed"":""Recently"",""date_closing"":""[object Object]"",""status"":""OPEN"",""recruitmentCycle"":""CURRENT""},{""title"":""Male Science and Computing Teacher, Boys schools, Grade 4 to Grade 8 and iGCSE"",""department"":""Secondary"",""source"":""TES"",""source_url"":""https://www.misk-schools.com"",""date_listed"":""Recently"",""date_closing"":""[object Object]"",""status"":""OPEN"",""recruitmentCycle"":""CURRENT""},{""title"":""Lower Primary Schools"",""department"":""Primary"",""source"":""School Web"",""source_url"":""https://www.misk-schools.com"",""date_listed"":""Recently"",""date_closing"":""[object Object]"",""status"":""OPEN"",""recruitmentCycle"":""CURRENT""},{""title"":""Director General’s Welcome"",""department"":""Leadership"",""source"":""School Web"",""source_url"":""https://www.misk-schools.com"",""date_listed"":""Recently"",""date_closing"":""[object Object]"",""status"":""OPEN"",""recruitmentCycle"":""CURRENT""},{""title"":""Upper Primary Schools"",""department"":""Primary"",""source"":""School Web"",""source_url"":""https://www.misk-schools.com"",""date_listed"":""Recently"",""date_closing"":""[object Object]"",""status"":""OPEN"",""recruitmentCycle"":""CURRENT""},{""title"":""School Leaders and Governance"",""department"":""Secondary"",""source"":""School Web"",""source_url"":""https://www.misk-schools.com"",""date_listed"":""Recently"",""date_closing"":""[object Object]"",""status"":""OPEN"",""recruitmentCycle"":""CURRENT""},{""title"":""Kindergarten"",""department"":""Primary"",""source"":""School Web"",""source_url"":""https://www.misk-schools.com"",""date_listed"":""Recently"",""date_closing"":""[object Object]"",""status"":""OPEN"",""recruitmentCycle"":""CURRENT""},{""title"":""Male Mathematics Teacher, Boys' Schools, Grade 6 to12 , iGCSE & A Level"",""department"":""Secondary"",""source"":""TES"",""source_url"":""https://www.misk-schools.com"",""date_listed"":""Recently"",""date_closing"":""[object Object]"",""status"":""OPEN"",""recruitmentCycle"":""CURRENT""}],""structured_vacancies"":[{""title"":""Female Art & Design Teacher for Grades 4-12 and i GCSE"",""department"":""Secondary"",""source"":""TES"",""source_url"":""https://www.misk-schools.com"",""date_listed"":""Recently"",""date_closing"":""2026-09-28"",""status"":""OPEN"",""recruitmentCycle"":""CURRENT""},{""title"":""Boys' Schools, English Teacher, Grade 7-8, A level - IGCSE"",""department"":""Secondary"",""source"":""TES"",""source_url"":""https://www.misk-schools.com"",""date_listed"":""Recently"",""date_closing"":""[object Object]"",""status"":""OPEN"",""recruitmentCycle"":""CURRENT""},{""title"":""Male Science and Computing Teacher, Boys schools, Grade 4 to Grade 8 and iGCSE"",""department"":""Secondary"",""source"":""TES"",""source_url"":""https://www.misk-schools.com"",""date_listed"":""Recently"",""date_closing"":""[object Object]"",""status"":""OPEN"",""recruitmentCycle"":""CURRENT""},{""title"":""Lower Primary Schools"",""department"":""Primary"",""source"":""School Web"",""source_url"":""https://www.misk-schools.com"",""date_listed"":""Recently"",""date_closing"":""[object Object]"",""status"":""OPEN"",""recruitmentCycle"":""CURRENT""},{""title"":""Director General’s Welcome"",""department"":""Leadership"",""source"":""School Web"",""source_url"":""https://www.misk-schools.com"",""date_listed"":""Recently"",""date_closing"":""[object Object]"",""status"":""OPEN"",""recruitmentCycle"":""CURRENT""},{""title"":""Upper Primary Schools"",""department"":""Primary"",""source"":""School Web"",""source_url"":""https://www.misk-schools.com"",""date_listed"":""Recently"",""date_closing"":""[object Object]"",""status"":""OPEN"",""recruitmentCycle"":""CURRENT""},{""title"":""School Leaders and Governance"",""department"":""Secondary"",""source"":""School Web"",""source_url"":""https://www.misk-schools.com"",""date_listed"":""Recently"",""date_closing"":""[object Object]"",""status"":""OPEN"",""recruitmentCycle"":""CURRENT""},{""title"":""Kindergarten"",""department"":""Primary"",""source"":""School Web"",""source_url"":""https://www.misk-schools.com"",""date_listed"":""Recently"",""date_closing"":""[object Object]"",""status"":""OPEN"",""recruitmentCycle"":""CURRENT""},{""title"":""Male Mathematics Teacher, Boys' Schools, Grade 6 to12 , iGCSE & A Level"",""department"":""Secondary"",""source"":""TES"",""source_url"":""https://www.misk-schools.com"",""date_listed"":""Recently"",""date_closing"":""[object Object]"",""status"":""OPEN"",""recruitmentCycle"":""CURRENT""}],""total_known_vacancies"":9,""estimated_churn_percentage"":10,""leadership_vacancies_count"":1,""secondary_vacancies_count"":5,""primary_vacancies_count"":3,""leopardfishIntelAlert"":""Leopardfish Multi-Engine Audit: Stable retention pattern with 9 active vacancies detected across TES, GRC Search, and official school portals."",""churn_implications_commentary"":""Leopardfish Multi-Engine Audit: Stable retention pattern with 9 active vacancies detected across TES, GRC Search, and official school portals."",""senior_leadership_churn_percentage"":0}","2026-08-31T07:51:37.067Z","https://miskschools.edu.sa/careers","Misk Foundation Portal, Search Associates","https://miskschools.edu.sa/careers","Misk Schools","1081677","misk-schools-1081677","2026-08-30T16:14:23.676Z"
"FLIS0108","5.5","Saudi Arabia","26","Riyadh","Satisfactory","5.8","80","1:15","AdvancED","6.0","Long-standing school catering to mixed expat groups.","5.0","8.5","8.0","Allowance","Standard","UK/US","85","Saud International School","5.8","15%","Basic","","For-Profit","$3,450.00","Private","Local","LFI","For-Profit","Private","8.5","2026-05-26T10:41:07.833Z","0","[]","","success","true","{""_seconds"":1788076610,""_nanoseconds"":770000000}","","2026-08-30T07:56:50.768Z","https://sis.edu.sa/careers/","LinkedIn, Gulf Talent","https://sis.edu.sa/careers/","Saud International School","","","2026-08-30T16:14:23.676Z"
"FLIS0109","7.5","UAE","24","Abu Dhabi","Highly Regarded","7.7","140","1:11","BSO/CIS","8.2","High-performing Nord Anglia school with corporate perks.","8.5","9.2","9.0","Allowance","Canvas/iPad","UK/IB","150","British International School Abu Dhabi","6.8","18%","Global","","For-Profit","$3,950.00","Nord Anglia","ADEK","LFI","For-Profit","Nord Anglia","9.2","2026-05-26T10:41:07.833Z","0","[]","","success","true","{""_seconds"":1788076613,""_nanoseconds"":474000000}","","2026-08-30T07:56:53.473Z","https://www.nordangliaeducation.com/bis-abu-dhabi/careers","Nord Anglia Career Portal, Teach Away","https://www.nordangliaeducation.com/bis-abu-dhabi/careers","British International School Abu Dhabi","1058518","the-british-international-school-abu-dhabi-1058518","2026-08-30T16:14:23.676Z"
"FLIS0110","7.8","UAE","22","Abu Dhabi","Highly Regarded","7.7","100","1:10","CIS","8.0","Brand new flagship campus with high tech focus.","9.0","9.2","8.7","Provided","High-End","UK/IB","110","Nord Anglia International School Abu Dhabi","6.5","18%","Global","","For-Profit","$3,950.00","Nord Anglia","ADEK","LFI","For-Profit","Nord Anglia","9.2","2026-05-26T10:41:07.834Z","0","[]","","success","true","{""_seconds"":1788076612,""_nanoseconds"":35000000}","","2026-08-30T07:56:52.034Z","https://www.nordangliaeducation.com/nas-abu-dhabi/careers","Nord Anglia Career Portal, Teach Away","https://www.nordangliaeducation.com/nas-abu-dhabi/careers","Nord Anglia International School Abu Dhabi","1265059","nord-anglia-international-school-abu-dhabi-1265059","2026-08-30T16:14:23.676Z"
"FLIS0111","8.5","UAE","20","Abu Dhabi","World-Class","8.2","130","1:9","BSO/BSME","8.8","World-class arts and academic focus on Saadiyat Island.","8.5","9.2","9.2","Provided","Managed Hub","UK","140","Cranleigh Abu Dhabi","7.2","20%","Premium","","For-Profit","$4,300.00","Aldar","BSO","LFI","For-Profit","Aldar","9.2","2026-05-26T10:41:07.834Z","0","[]","","success","true","{""_seconds"":1788076617,""_nanoseconds"":382000000}","","2026-08-30T07:56:57.380Z","https://www.cranleigh.ae/careers","Aldar Education Portal, Teach Away, LinkedIn","https://www.cranleigh.ae/careers","Cranleigh Abu Dhabi","1067935","cranleigh-abu-dhabi-1067935","2026-08-30T16:14:23.676Z"
"FLIS0112","8.2","UAE","22","Abu Dhabi","Outstanding","8.0","125","1:10","BSO/ADEK","8.7","Consistently top-rated for British curriculum results.","8.0","9.2","9.1","Allowance","Google Suite","UK","135","Brighton College Abu Dhabi","7.0","18%","Premium","","For-Profit","$4,250.00","Bloom","BSO","LFI","For-Profit","Bloom","9.2","2026-05-26T10:41:07.834Z","0","[]","","success","true","{""_seconds"":1788076624,""_nanoseconds"":832000000}","","2026-08-30T07:57:04.830Z","https://www.brightoncollege.ae/careers","Bloom Education Portal, Teach Away, LinkedIn","https://www.brightoncollege.ae/careers","Brighton College Abu Dhabi","1062693","brighton-college-abu-dhabi-1062693","2026-08-30T16:14:23.676Z"
"FLIS0113","7.8","UAE","24","Abu Dhabi","Highly Regarded","8.0","155","1:11","CIS/NEASC","8.4","Top-tier IB school with a strong community feel.","8.2","9.2","8.9","Provided","ManageBac","IB","165","Raha International School","7.5","20%","Full Private","","For-Profit","$3,850.00","Taaleem","CIS","LFI","For-Profit","Taaleem","9.2","2026-05-26T10:41:07.834Z","0","[]","","success","true","{""_seconds"":1788076628,""_nanoseconds"":380000000}","","2026-08-30T07:57:08.378Z","https://www.taaleem.ae/careers","Taaleem Careers Portal, Teach Away, Gulf Talent","https://www.taaleem.ae/careers","Raha International School","1070644","raha-international-school-gardens-campus-1070644","2026-08-30T16:14:23.676Z"
"FLIS0114","8.5","UAE","20","Dubai","World-Class","8.6","130","1:9","HMC/BSO","9.7","Elite academic powerhouse with high workload.","8.5","9.0","9.6","Provided","MS Teams","UK","140","Dubai College","7.5","18%","Premium","","Non-Profit","$4,450.00","Independent","KHDA/BSO","LFI","Non-Profit","Independent","9.0","2026-05-26T10:41:07.834Z","0","[]","","success","true","{""_seconds"":1788076694,""_nanoseconds"":833000000}","","2026-08-30T07:58:14.832Z","https://www.dubaicollege.org/recruitment","eTeach, LinkedIn, Gulf Talent","https://www.dubaicollege.org/recruitment","Dubai College","1057286","dubai-college-uae-1057286","2026-08-30T16:14:23.676Z"
"FLIS0115","8.0","UAE","24","Dubai Emirates Hills","Outstanding","8.2","110","1:11","CIS/BSO","8.5","Well-balanced British school with strong SLT reviews.","8.2","9.0","9.1","Allowance","Apple Distinguished","UK","120","Dubai British School","7.8","22%","Full Private","","For-Profit","$3,900.00","Taaleem","KHDA","LFI","For-Profit","Taaleem","9.0","2026-05-26T10:41:07.834Z","0","[]","","success","true","{""_seconds"":1788076622,""_nanoseconds"":933000000}","","2026-08-30T07:57:02.932Z","","Taaleem Careers Portal, Teach Away, Gulf Talent","","Dubai British School","1057169","dubai-british-school-emirates-hills-1057169","2026-08-30T16:14:23.676Z"
"FLIS0116","7.5","UAE","25","Dubai","Highly Regarded","7.5","140","1:12","BSO","8.0","Innovative ""Positive Education"" focus with high tech.","8.8","9.0","8.5","Allowance","AI/Coding","UK/IB","155","Sunmarke School","6.5","15%","Full Private","","For-Profit","$3,750.00","Fortes","KHDA","LFI","For-Profit","Fortes","9.0","2026-05-26T10:41:07.834Z","0","[]","","success","true","{""_seconds"":1788076686,""_nanoseconds"":548000000}","","2026-08-30T07:58:06.546Z","https://sunmarke.com/contact-us/work-with-us/","Fortes Education Portal, Teacher Horizons","https://sunmarke.com/contact-us/work-with-us/","Sunmarke School","1077790","sunmarke-school-1077790","2026-08-30T16:14:23.676Z"
"FLIS0117","8.2","UAE","22","Dubai","Outstanding","7.9","145","1:10","CIS","8.6","High-performance academic culture with premium tech.","9.2","9.0","9.0","Provided","Virtual/Elite","UK/IB","160","Nord Anglia International School Dubai","6.5","18%","Global","","For-Profit","$3,950.00","Nord Anglia","KHDA","LFI","For-Profit","Nord Anglia","9.0","2026-05-26T10:41:07.834Z","0","[]","","success","true","{""_seconds"":1788076621,""_nanoseconds"":939000000}","","2026-08-30T07:57:01.938Z","https://www.nordangliaeducation.com/nas-dubai/careers","Nord Anglia Career Portal, Teach Away","https://www.nordangliaeducation.com/nas-dubai/careers","Nord Anglia International School Dubai","1067785","nord-anglia-international-school-dubai-1067785","2026-08-30T16:14:23.676Z"
"FLIS0118","8.8","UAE","22","Dubai Academic City","World-Class","8.6","170","1:9","BSO","9.2","Premier British school with exceptional Work-Life score.","8.5","9.0","9.4","Provided","Google/Surface","UK","180","Dubai English Speaking School","8.0","22%","Premium","","Non-Profit","$4,100.00","Independent","KHDA/BSO","LFI","Non-Profit","Independent","9.0","2026-05-26T10:41:07.834Z","0","[]","","success","true","{""_seconds"":1788076613,""_nanoseconds"":120000000}","","2026-08-30T07:56:53.118Z","https://dess.sch.ae/work-at-dess","Teacher Horizons, Gulf Talent, LinkedIn","https://dess.sch.ae/work-at-dess","Dubai English Speaking School","1271801","dubai-english-speaking-school-academic-city-1271801","2026-08-30T16:14:23.676Z"
"FLIS0119","7.8","UAE","20","Dubai","Highly Regarded","7.9","85","1:10","BSO/CIS","8.0","Boutique feel with strong focus on staff wellbeing.","8.5","9.0","8.3","Allowance","1:1 iPad","UK","95","Hartland International School","7.5","20%","Full Private","","For-Profit","$3,850.00","Sobha","KHDA","LFI","For-Profit","Sobha","9.0","2026-05-26T10:41:07.834Z","0","[]","","success","true","{""_seconds"":1788076692,""_nanoseconds"":296000000}","","2026-08-30T07:58:12.295Z","https://www.hartlandinternational.com/current-vacancies/","Teacher Horizons, LinkedIn","https://www.hartlandinternational.com/current-vacancies/","Hartland International School","1072119","hartland-international-school-1072119","2026-08-30T16:14:23.676Z"
"FLIS0120","7.5","UAE","22","Dubai","Highly Regarded","7.6","90","1:11","BSO","7.8","Solid British curriculum with strong sports and tech.","8.0","9.0","8.4","Provided","MS Showcase","UK/IB","100","Kent College Dubai","7.0","20%","Full Private","","For-Profit","$3,900.00","Mir Hashem","KHDA","LFI","For-Profit","Mir Hashem","9.0","2026-05-26T10:41:07.834Z","0","[]","","success","true","{""_seconds"":1788170439,""_nanoseconds"":202000000}","{""schoolId"":""FLIS0120"",""schoolName"":""Kent College Dubai"",""category"":""LOW_TURNOVER"",""statusLabel"":""Low Turnover (Stable)"",""isUpdating"":false,""lastScrapedAt"":""2026-08-31T10:00:08.460Z"",""metrics"":{""estimatedStaffBase"":""90"",""totalKnownVacancies"":3,""estimatedChurnRatePercent"":3,""leadershipVacanciesCount"":0,""secondaryVacanciesCount"":2,""primaryVacanciesCount"":1,""riskRating"":""LOW"",""leadershipChurnRatioPercent"":0,""averageYearlyTesAdverts"":3},""scrapedJobsList"":[""Vacancy at Kent College Dubai (Posted: Recently; Closes: [object Object]) - School ATS Portal"",""Evening Activities Supervisor (Posted: Recently; Closes: [object Object]) - School ATS Portal"",""Early Years Apprentice (Posted: Recently; Closes: [object Object]) - School ATS Portal""],""vacancies_discovered"":[{""title"":""Vacancy at Kent College Dubai"",""department"":""Secondary"",""source"":""School ATS Portal"",""source_url"":""https://www.kent-college-dubai.com"",""date_listed"":""Recently"",""date_closing"":""[object Object]"",""status"":""OPEN"",""recruitmentCycle"":""CURRENT""},{""title"":""Evening Activities Supervisor"",""department"":""Secondary"",""source"":""School ATS Portal"",""source_url"":""https://www.kent-college-dubai.com"",""date_listed"":""Recently"",""date_closing"":""[object Object]"",""status"":""OPEN"",""recruitmentCycle"":""CURRENT""},{""title"":""Early Years Apprentice"",""department"":""Primary"",""source"":""School ATS Portal"",""source_url"":""https://www.kent-college-dubai.com"",""date_listed"":""Recently"",""date_closing"":""[object Object]"",""status"":""OPEN"",""recruitmentCycle"":""CURRENT""}],""structured_vacancies"":[{""title"":""Vacancy at Kent College Dubai"",""department"":""Secondary"",""source"":""School ATS Portal"",""source_url"":""https://www.kent-college-dubai.com"",""date_listed"":""Recently"",""date_closing"":""[object Object]"",""status"":""OPEN"",""recruitmentCycle"":""CURRENT""},{""title"":""Evening Activities Supervisor"",""department"":""Secondary"",""source"":""School ATS Portal"",""source_url"":""https://www.kent-college-dubai.com"",""date_listed"":""Recently"",""date_closing"":""[object Object]"",""status"":""OPEN"",""recruitmentCycle"":""CURRENT""},{""title"":""Early Years Apprentice"",""department"":""Primary"",""source"":""School ATS Portal"",""source_url"":""https://www.kent-college-dubai.com"",""date_listed"":""Recently"",""date_closing"":""[object Object]"",""status"":""OPEN"",""recruitmentCycle"":""CURRENT""}],""total_known_vacancies"":3,""estimated_churn_percentage"":3,""leadership_vacancies_count"":0,""secondary_vacancies_count"":2,""primary_vacancies_count"":1,""leopardfishIntelAlert"":""Leopardfish Multi-Engine Audit: Stable retention pattern with 3 active vacancies detected across TES, GRC Search, and official school portals."",""churn_implications_commentary"":""Leopardfish Multi-Engine Audit: Stable retention pattern with 3 active vacancies detected across TES, GRC Search, and official school portals."",""senior_leadership_churn_percentage"":0}","2026-08-31T10:00:08.460Z","https://www.eteach.com/careers/kentcollege/","eTeach, LinkedIn","https://www.eteach.com/careers/kentcollege/","Kent College Dubai","1081286","kent-college-dubai-1081286","2026-08-30T16:14:23.676Z"
"FLIS0121","8.5","UAE","22","Dubai","Outstanding","8.2","150","1:10","BSO/CIS","9.0","High academic expectations in a traditional boarding setting.","8.8","9.0","9.2","Provided","Apple Distinguished","UK/IB","165","Repton School Dubai","6.8","18%","Premium","","For-Profit","$4,150.00","Cognita","KHDA","LFI","For-Profit","Cognita","9.0","2026-05-26T10:41:07.834Z","0","[]","","success","true","{""_seconds"":1788076636,""_nanoseconds"":379000000}","","2026-08-30T07:57:16.377Z","https://www.reptondubai.org/careers/","Excelsior Schools Portal, Teach Away, LinkedIn","https://www.reptondubai.org/careers/","Repton School Dubai","1057021","repton-school-dubai-1057021","2026-08-30T16:14:23.676Z"
"FLIS0122","7.2","UAE","24","Dubai","Highly Regarded","7.5","70","1:12","BSO","7.5","Community-focused school with good non-contact time.","7.5","9.0","8.1","Allowance","Standard LMS","UK","80","Horizon International School","7.5","22%","Standard","","For-Profit","$3,650.00","Cognita","KHDA","LFI","For-Profit","Cognita","9.0","2026-05-26T10:41:07.834Z","0","[]","","success","true","{""_seconds"":1788076629,""_nanoseconds"":627000000}","","2026-08-30T07:57:09.626Z","https://hisdubai.ae/careers/","Al Najah Education Portal, Teacher Horizons","https://hisdubai.ae/careers/","Horizon International School","1060959","horizon-international-school-1060959","2026-08-30T16:14:23.676Z"
"FLIS0123","7.5","Qatar","24","Doha","Highly Regarded","7.5","110","1:11","CIS","7.8","Nord Anglia school with multi-campus opportunities.","8.0","8.8","8.6","Provided","Canvas","UK/IB","125","Compass International School Doha","6.8","18%","Global","","For-Profit","$3,750.00","Nord Anglia","BSO","LFI","For-Profit","Nord Anglia","8.8","2026-05-26T10:41:07.834Z","0","[]","","success","true","{""_seconds"":1788076694,""_nanoseconds"":823000000}","","2026-08-30T07:58:14.822Z","https://www.nordangliaeducation.com/cis-doha/careers","Nord Anglia Career Portal, Teach Away","https://www.nordangliaeducation.com/cis-doha/careers","Compass International School Doha","1276094","compass-international-school-doha-1276094","2026-08-30T16:14:23.676Z"
"FLIS0124","6.8","Qatar","25","Doha","Developing","7.0","55","1:12","AdvancED","6.5","Emerging American curriculum school.","7.5","8.8","7.4","Provided","Digital Hub","US","65","Etqan Global Academy","6.5","15%","Standard","","For-Profit","$3,550.00","Private","","LFI","For-Profit","Private","8.8","2026-05-26T10:41:07.834Z","0","[]","","success","true","{""_seconds"":1788076611,""_nanoseconds"":594000000}","","2026-08-30T07:56:51.593Z","https://www.nordangliaeducation.com/careers","Nord Anglia Career Portal","https://www.nordangliaeducation.com/careers","Etqan Global Academy","","","2026-08-30T16:14:23.676Z"
"FLIS0125","8.0","Kuwait","25","Kuwait City","Highly Regarded","7.9","190","1:12","BSO","8.5","Established leader in Kuwait with high academic focus.","7.5","7.8","8.9","Provided","Google Workspace","UK","210","British School of Kuwait","7.0","20%","Private","","For-Profit","$3,600.00","Private","BSO","LFI","For-Profit","Private","7.8","2026-05-26T10:41:07.834Z","0","[]","","success","true","{""_seconds"":1788076622,""_nanoseconds"":740000000}","","2026-08-30T07:57:02.739Z","https://www.bsk.edu.kw/careers","Nord Anglia Career Portal, Teach Away","https://www.bsk.edu.kw/careers","British School of Kuwait","1057365","the-british-school-of-kuwait-bsk-1057365","2026-08-30T16:14:23.676Z"
"FLIS0126","9.0","Oman","22","Muscat","World-Class","8.8","160","1:10","BSO","8.8","Top-tier non-profit with elite savings and stable culture.","8.0","9.0","9.1","Provided","Microsoft 365, Canvas integration","UK/A-Level","175","British School Muscat","8.5","20%","Comprehensive Medical Insurance provided","","Non-Profit","OMR 1,650","Community Board","BSO","LFI","Non-Profit","Community Board","9.0","2026-05-26T10:41:07.834Z","0","[]","","success","true","{""_seconds"":1788076613,""_nanoseconds"":815000000}","","2026-08-30T07:56:53.813Z","https://www.britishschoolmuscat.com","Teacher Horizons, LinkedIn","https://www.britishschoolmuscat.com/work-for-us/vacancies","British School Muscat","1055453","british-school-muscat-1055453","2026-09-10T17:18:42.901Z"
"FLIS0127","8.2","Oman","13","Muscat","Outstanding","8.3","95","1:9","Middle States","8.5","Robust US-curriculum standard; non-selective AP entry.","8.8","9.0","8.9","Provided","1:1 Mac","US/AP","110","American International School of Muscat","7.8","20%","Premium","","Non-Profit","$5,400.00","Independent","CIS","LFI","Non-Profit","Independent","9.0","2026-05-26T10:41:07.834Z","0","[]","","success","true","{""_seconds"":1788076609,""_nanoseconds"":245000000}","","2026-08-30T07:56:49.243Z","https://www.taism.com","Search Associates, ISS, LinkedIn","https://www.taism.com/employment","American International School of Muscat","","","2026-08-30T16:53:51.364Z"
"FLIS0128","7.8","Bahrain","24","Hamala","Highly Regarded","7.8","150","1:13","CIS/BSO","8.2","High city safety; consistent recruitment cycles.","7.8","8.5","8.8","Provided","Google/1:1","UK/A-Level","165","British School of Bahrain","7.2","18%","Global","","For-Profit","$3,850.00","Inspired","Local","LFI","For-Profit","Inspired","8.5","2026-05-26T10:41:07.834Z","0","[]","","success","true","{""_seconds"":1788076613,""_nanoseconds"":397000000}","","2026-08-30T07:56:53.395Z","https://www.britishschoolbahrain.com/careers","Inspired Education Portal, Teach Away, LinkedIn","https://www.britishschoolbahrain.com/careers","British School of Bahrain","1057331","british-school-of-bahrain-1057331","2026-08-30T16:14:23.676Z"
"FLIS0129","7.4","Egypt","22","Cairo","Highly Regarded","7.5","115","1:11","BSO","8.6","Renowned academic institution; leading leadership hub.","8.0","6.5","8.5","Provided","1:1 iPad","UK/IB","125","British International School Cairo","7.0","20%","Private","","For-Profit","$2,850.00","Community Board","BSO","LFI","For-Profit","Community Board","6.5","2026-05-26T10:41:07.834Z","0","[]","","success","true","{""_seconds"":1788076623,""_nanoseconds"":815000000}","","2026-08-30T07:57:03.814Z","https://www.bisc.edu.eg/careers","Search Associates, Teacher Horizons, LinkedIn","https://www.bisc.edu.eg/careers","British International School Cairo","1060109","the-british-international-school-cairo-1060109","2026-08-30T16:14:23.676Z"
"FLIS0130","7.0","Egypt","24","Cairo","Respectable","7.0","110","1:12","BSO","7.5","Strong academic name; monitors for ""Profit-Squeeze"".","7.5","6.0","7.8","Provided","1:1 iPad","UK/IB","120","Malvern College Egypt","6.5","15%","Private","","For-Profit","$2,650.00","Cognita","BSO","LFI","For-Profit","Malvern College Family of Schools","6.0","2026-05-26T10:41:07.834Z","0","[]","","success","true","{""_seconds"":1788076617,""_nanoseconds"":716000000}","","2026-08-30T07:56:57.714Z","https://malverncollege.edu.eg/careers/","Malvern College Int'l Portal, Teach Away","https://malverncollege.edu.eg/careers/","Malvern College Egypt","1077433","malvern-college-egypt-1077433","2026-08-30T16:14:23.676Z"
"FLIS0131","7.2","Egypt","24","Cairo","Respectable","7.1","115","1:12","BSO","7.8","Established reputation; affected by local economic shifts.","7.5","6.0","8.5","Provided","1:1 iPad","UK/US/IB","125","El Alsson School","6.8","15%","Private","","For-Profit","$2,650.00","Private","Local","LFI","For-Profit","Private","6.0","2026-05-26T10:41:07.834Z","0","[]","","success","true","{""_seconds"":1788076685,""_nanoseconds"":989000000}","","2026-08-30T07:58:05.988Z","https://www.alsson.com/careers/","Teacher Horizons, LinkedIn","https://www.alsson.com/careers/","El Alsson School","1056384","el-alsson-british-and-american-international-school-american-section-1056384","2026-08-30T16:14:23.676Z"
"FLIS0132","8.2","Kenya","18","Nairobi","Highly Regarded","7.9","130","1:9","CIS/MSA","8.5","High financial viability; security protocols are robust.","8.0","6.5","8.7","Provided","1:1 Mac","IB/US","145","International School of Kenya","7.5","20%","Full Private","","Non-Profit","$4,650.00","Independent","Local","LFI","Non-Profit","Independent","6.5","2026-05-26T10:41:07.834Z","0","[]","","success","true","{""_seconds"":1788076609,""_nanoseconds"":621000000}","","2026-08-30T07:56:49.620Z","https://www.isk.ac.ke/employment","Search Associates, ISS, LinkedIn","https://www.isk.ac.ke/employment","International School of Kenya","","","2026-08-30T16:14:23.676Z"
"FLIS0133","7.5","Kenya","22","Nairobi","Highly Regarded","7.3","140","1:11","CIS/BSO","7.9","Distinguished academic record with premium facilities.","7.6","6.5","8.4","Allowance","1:1 iPad","UK/iGCSE","155","Brookhouse School","7.0","18%","Private","","For-Profit","$3,250.00","Inspired","Local","LFI","For-Profit","Inspired","6.5","2026-05-26T10:41:07.834Z","0","[]","","success","true","{""_seconds"":1788076607,""_nanoseconds"":635000000}","","2026-08-30T07:56:47.633Z","https://www.brookhouse.ac.ke/careers","Inspired Education Group Portal, LinkedIn","https://www.brookhouse.ac.ke/careers","Brookhouse School","1057702","brookhouse-schools-1057702","2026-08-30T16:14:23.676Z"
"FLIS0134","7.0","Kenya","22","Nairobi","Respectable","7.2","90","1:11","CIS","7.5","Established British school; caring community culture.","7.8","6.5","8.0","Provided","1:1 iPad","UK/IB","105","Braeburn Garden Estate","7.2","20%","Private","","For-Profit","$3,150.00","Braeburn Group","ADEK","LFI","For-Profit","Braeburn Group","6.5","2026-05-26T10:41:07.834Z","0","[]","","success","true","{""_seconds"":1788076686,""_nanoseconds"":151000000}","","2026-08-30T07:58:06.149Z","https://gardenestate.braeburn.com/careers","Braeburn Schools Group Portal, LinkedIn","https://gardenestate.braeburn.com/careers","Braeburn Garden Estate","1065558","braeburn-garden-estate-school-1065558","2026-08-30T16:14:23.676Z"
"FLIS0135","6.8","South Africa","20","Cape Town","Respectable","7.1","55","1:10","COBIS","7.4","Solid community focus; DEI-driven recruitment.","7.2","7.0","8.1","Allowance","1:1 iPad","UK/A-Level","65","International School of Cape Town","7.5","20%","Private","","For-Profit","$2,450.00","Schools Group","ADEK","LFI","For-Profit","Schools Group","7.0","2026-05-26T10:41:07.834Z","0","[]","","success","true","{""_seconds"":1788076611,""_nanoseconds"":208000000}","","2026-08-30T07:56:51.207Z","https://www.isct.co.za/careers","Inspired Education Group Portal, LinkedIn","https://www.isct.co.za/careers","International School of Cape Town","","","2026-08-30T16:14:23.676Z"
"FLIS0136","8.0","South Africa","18","Johannesburg","Highly Regarded","7.9","175","1:8","CIS/MSA","8.7","Multi-campus elite IB school with boarding options.","8.5","6.5","9.0","Provided","1:1 Mac","IB/US","190","American International School of Johannesburg","8.0","20%","Full Private","","For-Profit","$4,350.00","Independent","BSO","LFI","For-Profit","Independent","6.5","2026-05-26T10:41:07.834Z","0","[]","","success","true","{""_seconds"":1788076616,""_nanoseconds"":298000000}","","2026-08-30T07:56:56.297Z","https://www.aisj-jhb.com/employment","Search Associates, ISS, LinkedIn","https://www.aisj-jhb.com/employment","American International School of Johannesburg","","","2026-08-30T16:14:23.676Z"
"FLIS0137","7.5","South Africa","20","Cape Town","Highly Regarded","7.8","50","1:11","WASC","8.3","Balanced US-curriculum with high-quality tech integration.","8.0","7.5","8.5","Allowance","1:1 Mac","US/AP","60","American International School of Cape Town","7.8","20%","Premium","","For-Profit","$3,200.00","Independent","BSO","LFI","For-Profit","Independent","7.5","2026-05-26T10:41:07.834Z","0","[]","","success","true","{""_seconds"":1788076693,""_nanoseconds"":553000000}","","2026-08-30T07:58:13.552Z","https://www.aisct.org/employment/","Search Associates, ISS, LinkedIn","https://www.aisct.org/employment/","American International School of Cape Town","","","2026-08-30T16:14:23.676Z"
"FLIS0138","8.2","Vietnam","20","Hanoi","Outstanding","8.2","100","1:11","CIS/BSO","8.5","High academic outcomes; strong tech integration.","9.0","8.5","9.2","Provided","1:1 Mac/iPad","UK/IB","115","British International School Hanoi","7.5","18%","Global","","For-Profit","$4,150.00","Nord Anglia","CIS","LFI","For-Profit","Nord Anglia","8.5","2026-05-26T10:41:07.834Z","0","[]","","success","true","{""_seconds"":1788076614,""_nanoseconds"":555000000}","","2026-08-30T07:56:54.553Z","https://www.nordangliaeducation.com/bis-hanoi/careers","Nord Anglia Career Portal, Teach Away","https://www.nordangliaeducation.com/bis-hanoi/careers","British International School Hanoi","1066631","british-international-school-hanoi-1066631","2026-08-30T16:14:23.676Z"
"FLIS0139","8.8","Vietnam","24","HCMC","World-Class","8.4","190","1:11","CIS/BSO","9.2","Top-tier IB results globally; premium international hiring.","8.5","8.2","9.3","Allowance","Canvas/1:1","UK/IB","210","British International School Ho Chi Minh City","7.8","18%","Global","","Non-Profit","$4,250.00","Nord Anglia","KHDA/BSO","LFI","Non-Profit","Nord Anglia","8.2","2026-05-26T10:41:07.834Z","0","[]","","success","true","{""_seconds"":1788076695,""_nanoseconds"":789000000}","","2026-08-30T07:58:15.787Z","https://www.nordangliaeducation.com/bis-hcmc/careers","Nord Anglia Career Portal, Teach Away","https://www.nordangliaeducation.com/bis-hcmc/careers","British International School Ho Chi Minh City","1252077","british-international-school-ho-chi-minh-city-1252077","2026-08-30T16:14:23.676Z"
"FLIS0140","8.5","Vietnam","20","Hanoi","World-Class","8.6","120","1:8","CIS/WASC","9.0","Elite UN-affiliated non-profit with premium tech and safety.","8.7","8.5","9.0","Allowance","1:1 MacBook","IB","140","UNIS Hanoi","8.2","25%","Premium","","For-Profit","$5,450.00","UN-Affiliated","KHDA","LFI","For-Profit","UN-Affiliated","8.5","2026-05-26T10:41:07.834Z","0","[]","","success","true","{""_seconds"":1788076615,""_nanoseconds"":534000000}","","2026-08-30T07:56:55.533Z","https://www.unishanoi.org/employment","Search Associates, Schrole, ISS","https://www.unishanoi.org/employment","UNIS Hanoi","1061898","united-nations-international-school-of-hanoi-1061898","2026-08-30T16:14:23.676Z"
"FLIS0141","8.4","Vietnam","24","HCMC","Outstanding","8.1","135","1:11","CIS/NEASC","8.8","Established IB World school; highly diverse student body.","8.6","8.2","8.9","Allowance","1:1 Mac","IB","155","International School Ho Chi Minh City","7.5","20%","Global","","For-Profit","$4,100.00","Cognita","KHDA","LFI","For-Profit","Cognita","8.2","2026-05-26T10:41:07.834Z","0","[]","","success","true","{""_seconds"":1788177652,""_nanoseconds"":476000000}","{""schoolId"":""FLIS0141"",""schoolName"":""International School Ho Chi Minh City"",""category"":""LOW_TURNOVER"",""statusLabel"":""Low Turnover (Stable)"",""isUpdating"":false,""lastScrapedAt"":""2026-08-31T12:00:22.141Z"",""metrics"":{""estimatedStaffBase"":""135"",""totalKnownVacancies"":5,""estimatedChurnRatePercent"":4,""leadershipVacanciesCount"":2,""secondaryVacanciesCount"":3,""primaryVacanciesCount"":0,""riskRating"":""LOW"",""leadershipChurnRatioPercent"":0,""averageYearlyTesAdverts"":5},""scrapedJobsList"":[""Orchestra Director (Posted: Recently; Closes: [object Object]) - TES"",""Orchestra Director (Part-time)International School Ho Chi Minh City (ISHCMC), 28 Vo Truong Toan, An Khanh, HCMResponsibility... (Posted: Recently; Closes: [object Object]) - TES"",""Visa Support for International Students (Posted: Recently; Closes: [object Object]) - School Web"",""Leadership and Service (Posted: Recently; Closes: [object Object]) - School Web"",""Parent Teacher Organization (Posted: Recently; Closes: [object Object]) - School Web"",""Head of School (Posted: Recently; Closes: [object Object]) - TES"",""Head of SchoolInternational School Ho Chi Minh City (ISHCMC), ISHCMCThe Head of School is responsible for delivering an exceptional student and family experience while ensuring the school is safe, high-performing, financially sustainable and deeply connected to its community. The role combines educational... (Posted: Recently; Closes: [object Object]) - TES"",""Orchestra Director (Part-time) (Posted: Recently; Closes: [object Object]) - TES""],""vacancies_discovered"":[{""title"":""Orchestra Director"",""department"":""Leadership"",""source"":""TES"",""source_url"":""https://www.international-school-ho-chi-minh-city.com"",""date_listed"":""Recently"",""date_closing"":""[object Object]"",""status"":""OPEN"",""recruitmentCycle"":""CURRENT""},{""title"":""Visa Support for International Students"",""department"":""Secondary"",""source"":""School Web"",""source_url"":""https://www.international-school-ho-chi-minh-city.com"",""date_listed"":""Recently"",""date_closing"":""[object Object]"",""status"":""OPEN"",""recruitmentCycle"":""CURRENT""},{""title"":""Leadership and Service"",""department"":""Secondary"",""source"":""School Web"",""source_url"":""https://www.international-school-ho-chi-minh-city.com"",""date_listed"":""Recently"",""date_closing"":""[object Object]"",""status"":""OPEN"",""recruitmentCycle"":""CURRENT""},{""title"":""Parent Teacher Organization"",""department"":""Secondary"",""source"":""School Web"",""source_url"":""https://www.international-school-ho-chi-minh-city.com"",""date_listed"":""Recently"",""date_closing"":""[object Object]"",""status"":""OPEN"",""recruitmentCycle"":""CURRENT""},{""title"":""Head of School"",""department"":""Leadership"",""source"":""TES"",""source_url"":""https://www.international-school-ho-chi-minh-city.com"",""date_listed"":""Recently"",""date_closing"":""[object Object]"",""status"":""OPEN"",""recruitmentCycle"":""CURRENT""}],""structured_vacancies"":[{""title"":""Orchestra Director"",""department"":""Leadership"",""source"":""TES"",""source_url"":""https://www.international-school-ho-chi-minh-city.com"",""date_listed"":""Recently"",""date_closing"":""[object Object]"",""status"":""OPEN"",""recruitmentCycle"":""CURRENT""},{""title"":""Visa Support for International Students"",""department"":""Secondary"",""source"":""School Web"",""source_url"":""https://www.international-school-ho-chi-minh-city.com"",""date_listed"":""Recently"",""date_closing"":""[object Object]"",""status"":""OPEN"",""recruitmentCycle"":""CURRENT""},{""title"":""Leadership and Service"",""department"":""Secondary"",""source"":""School Web"",""source_url"":""https://www.international-school-ho-chi-minh-city.com"",""date_listed"":""Recently"",""date_closing"":""[object Object]"",""status"":""OPEN"",""recruitmentCycle"":""CURRENT""},{""title"":""Parent Teacher Organization"",""department"":""Secondary"",""source"":""School Web"",""source_url"":""https://www.international-school-ho-chi-minh-city.com"",""date_listed"":""Recently"",""date_closing"":""[object Object]"",""status"":""OPEN"",""recruitmentCycle"":""CURRENT""},{""title"":""Head of School"",""department"":""Leadership"",""source"":""TES"",""source_url"":""https://www.international-school-ho-chi-minh-city.com"",""date_listed"":""Recently"",""date_closing"":""[object Object]"",""status"":""OPEN"",""recruitmentCycle"":""CURRENT""}],""total_known_vacancies"":5,""estimated_churn_percentage"":4,""leadership_vacancies_count"":2,""secondary_vacancies_count"":3,""primary_vacancies_count"":0,""leopardfishIntelAlert"":""Leopardfish Multi-Engine Audit: Stable retention pattern with 5 active vacancies detected across TES, GRC Search, and official school portals."",""churn_implications_commentary"":""Leopardfish Multi-Engine Audit: Stable retention pattern with 5 active vacancies detected across TES, GRC Search, and official school portals."",""senior_leadership_churn_percentage"":0}","2026-08-31T12:00:22.141Z","https://www.ishcmc.com/careers","Cognita Careers Portal, Search Associates","https://www.ishcmc.com/careers","International School Ho Chi Minh City","1057599","international-school-ho-chi-minh-city-ishcmc-1057599","{""_seconds"":1788177796,""_nanoseconds"":614000000}"
"FLIS0142","8.4","Malaysia","20","Kuala Lumpur","Outstanding","8.5","155","1:9","CIS/COBIS","8.9","Elite non-profit with premier tenure and community focus.","8.2","8.5","9.4","Provided","Google/1:1","UK/A-Level","170","Alice Smith School","8.6","22%","Premium","","For-Profit","$4,250.00","Community Board","KHDA","LFI","For-Profit","Community Board","8.5","2026-05-26T10:41:07.834Z","0","[]","","success","true","{""_seconds"":1788076618,""_nanoseconds"":829000000}","","2026-08-30T07:56:58.828Z","https://www.alice-smith.edu.my/careers","Search Associates, LinkedIn","https://www.alice-smith.edu.my/careers","Alice Smith School","1052973","the-alice-smith-school-secondary-1052973","2026-08-30T16:14:23.676Z"
"FLIS0143","8.5","Malaysia","22","Johor","Outstanding","8.3","140","1:9","CIS/HMC","8.7","Premium UK boarding satellite; elite infrastructure.","8.5","8.2","8.8","Provided","1:1 Mac","UK/IB","155","Marlborough College Malaysia","7.8","20%","Global","","Non-Profit","$4,450.00","Trust","KHDA/BSO","LFI","Non-Profit","Trust","8.2","2026-05-26T10:41:07.834Z","0","[]","","success","true","{""_seconds"":1788076693,""_nanoseconds"":272000000}","","2026-08-30T07:58:13.270Z","https://www.marlboroughcollegemalaysia.org/about/careers/","Marlborough College UK Portal, Search Associates","https://www.marlboroughcollegemalaysia.org/about/careers/","Marlborough College Malaysia","1065828","marlborough-college-malaysia-1065828","2026-08-30T16:14:23.676Z"
"FLIS0144","8.2","Malaysia","22","KL","Outstanding","8.2","130","1:9","CIS/BSO","8.8","Exceptionally prepared students; low faculty ratio.","8.5","8.5","9.1","Allowance","1:1 iPad/Mac","UK/IB","145","British International School Kuala Lumpur","7.8","18%","Global","","For-Profit","$4,150.00","Nord Anglia","KHDA","LFI","For-Profit","Nord Anglia","8.5","2026-05-26T10:41:07.834Z","0","[]","","success","true","{""_seconds"":1788076610,""_nanoseconds"":739000000}","","2026-08-30T07:56:50.738Z","https://www.nordangliaeducation.com/bis-kl/careers","Nord Anglia Career Portal, Teach Away","https://www.nordangliaeducation.com/bis-kl/careers","British International School Kuala Lumpur","1058039","the-british-international-school-of-kuala-lumpur-1058039","2026-08-30T16:14:23.676Z"
"FLIS0145","8.0","Malaysia","24","KL","Highly Regarded","8.1","175","1:11","CIS","8.6","Legacy British school with consistent academic excellence.","8.2","8.5","9.0","Allowance","Google/1:1","UK/IB","195","Garden International School","7.6","20%","Premium","","For-Profit","$4,100.00","Taylor's Group","KHDA","LFI","For-Profit","Taylor's Group","8.5","2026-05-26T10:41:07.835Z","0","[]","","success","true","{""_seconds"":1788076610,""_nanoseconds"":778000000}","","2026-08-30T07:56:50.777Z","https://www.gardenschool.edu.my/careers/","Taylor's Education Portal, Search Associates","https://www.gardenschool.edu.my/careers/","Garden International School","1057218","garden-international-school-kuala-lumpur-1057218","2026-08-30T16:14:23.676Z"
"FLIS0146","8.2","Malaysia","22","Seremban","Highly Regarded","8.0","85","1:10","CIS","8.4","Strong UK boarding tradition; extensive co-curricular.","8.2","8.0","8.6","Provided","1:1 Mac","UK/A-Level","95","Epsom College Malaysia","7.5","20%","Global","","For-Profit","$4,200.00","Private","KHDA","LFI","For-Profit","Private","8.0","2026-05-26T10:41:07.835Z","0","[]","","success","true","{""_seconds"":1788076607,""_nanoseconds"":397000000}","","2026-08-30T07:56:47.395Z","https://www.epsomcollege.edu.my/careers/","Epsom College UK Portal, LinkedIn","https://www.epsomcollege.edu.my/careers/","Epsom College Malaysia","1061281","epsom-college-malaysia-1061281","2026-08-30T16:14:23.676Z"
"FLIS0147","8.0","Malaysia","22","KL","Highly Regarded","8.1","110","1:10","WASC","8.5","Top-tier US curriculum; high focus on student wellbeing.","8.3","8.5","8.9","Allowance","1:1 Mac","US/IB","125","Mont'Kiara International School","7.8","22%","Premium","","For-Profit","$4,450.00","Private","KHDA","LFI","For-Profit","Private","8.5","2026-05-26T10:41:07.835Z","0","[]","","success","true","{""_seconds"":1788076602,""_nanoseconds"":769000000}","","2026-08-30T07:56:42.768Z","https://www.mkis.edu.my/careers","Search Associates, LinkedIn","https://www.mkis.edu.my/careers","Mont'Kiara International School","1071798","mont-kiara-international-school-1071798","2026-08-30T16:14:23.676Z"
"FLIS0148","8.6","Thailand","22","Bangkok","Outstanding","8.4","170","1:10","CIS","9.0","Premier riverside campus with elite academic outcomes.","8.8","8.0","9.1","Allowance","1:1 Mac","UK/A-Level","190","Shrewsbury International School Riverside","7.8","18%","Premium","","For-Profit","$4,650.00","Private","BSO","LFI","For-Profit","Private","8.0","2026-05-26T10:41:07.835Z","0","[]","","success","true","{""_seconds"":1788076609,""_nanoseconds"":954000000}","","2026-08-30T07:56:49.953Z","https://www.shrewsbury.ac.th/riverside/careers","Search Associates, Schrole, LinkedIn","https://www.shrewsbury.ac.th/riverside/careers","Shrewsbury International School Riverside","1057793","shrewsbury-international-school-bangkok-riverside-1057793","2026-08-30T16:14:23.676Z"
"FLIS0149","8.6","Thailand","22","Bangkok","Outstanding","8.5","185","1:10","CIS","9.1","High-standing non-profit foundation; elite tech.","8.8","8.0","9.2","Allowance","Firefly/1:1","UK/IB","210","Bangkok Patana School","8.0","20%","Premium","","For-Profit","$4,750.00","Foundation","CIS","LFI","For-Profit","Foundation","8.0","2026-05-26T10:41:07.835Z","0","[]","","success","true","{""_seconds"":1788076606,""_nanoseconds"":468000000}","","2026-08-30T07:56:46.467Z","https://www.patana.ac.th/careers/","Search Associates, Schrole, LinkedIn","https://www.patana.ac.th/careers/","Bangkok Patana School","1054899","bangkok-patana-school-1054899","2026-08-30T16:14:23.676Z"
"FLIS0150","7.5","Thailand","24","Bangkok","Highly Regarded","7.6","90","1:12","CIS","7.8","Supportive community environment with inclusive tech.","8.0","8.0","8.3","Allowance","1:1 iPad","UK/IB","100","St. Andrews International School Sukhumvit 107","7.2","20%","Private","","For-Profit","$3,650.00","Cognita","BSO","LFI","For-Profit","Cognita","8.0","2026-05-26T10:41:07.835Z","0","[]","","success","true","{""_seconds"":1788076608,""_nanoseconds"":387000000}","","2026-08-30T07:56:48.386Z","https://www.standrews107.com/careers","Cognita Careers Portal, Search Associates","https://www.standrews107.com/careers","St. Andrews International School Sukhumvit 107","1060428","st-andrews-international-school-sukhumvit-107-1060428","2026-08-30T16:14:23.676Z"
"FLIS0151","8.0","Thailand","22","Bangkok","Highly Regarded","8.1","95","1:11","BSO","8.7","Highly regarded British satellite; high savings.","8.5","8.2","8.8","Provided","Canvas/1:1","UK/A-Level","105","Brighton College Bangkok","7.8","18%","Premium","","For-Profit","$3,950.00","Private","BSO","LFI","For-Profit","Private","8.2","2026-05-26T10:41:07.835Z","0","[]","","success","true","{""_seconds"":1788076688,""_nanoseconds"":152000000}","","2026-08-30T07:58:08.150Z","https://brightoncollege.ac.th/careers/","Brighton College Int'l Portal, LinkedIn","https://brightoncollege.ac.th/careers/","Brighton College Bangkok","1078368","brighton-college-bangkok-krungthep-kreetha-1078368","2026-08-30T16:14:23.676Z"
"FLIS0152","7.8","Thailand","20","Bangkok","Highly Regarded","7.7","110","1:10","CIS/WASC","8.5","Rapidly growing gold-rated school in Bangkok hub.","8.5","8.2","8.2","Provided","Apple/1:1","UK/IB","125","King's College International School Bangkok","7.0","20%","Full Private","","For-Profit","$4,150.00","Private","CIS","LFI","For-Profit","Private","8.2","2026-05-26T10:41:07.835Z","0","[]","","success","true","{""_seconds"":1788076605,""_nanoseconds"":405000000}","","2026-08-30T07:56:45.403Z","https://www.kingsbangkok.ac.th/careers","King's Wimbledon Portal, LinkedIn","https://www.kingsbangkok.ac.th/careers","King's College International School Bangkok","1176707","king-s-college-international-school-bangkok-1176707","2026-08-30T16:14:23.676Z"
"FLIS0153","7.8","Thailand","22","Chonburi","Highly Regarded","7.6","125","1:10","BSO","8.2","Massive campus with elite boarding and British heritage.","8.0","8.2","8.1","Provided","1:1 iPad","UK/A-Level","140","Rugby School Thailand","7.2","20%","Private","","For-Profit","$3,850.00","Private","BSO","LFI","For-Profit","Private","8.2","2026-05-26T10:41:07.835Z","0","[]","","success","true","{""_seconds"":1788076622,""_nanoseconds"":846000000}","","2026-08-30T07:57:02.845Z","https://www.rugbyschool.ac.th/careers/","Rugby School UK Portal, LinkedIn","https://www.rugbyschool.ac.th/careers/","Rugby School Thailand","1085372","rugby-school-thailand-1085372","2026-08-30T16:14:23.676Z"
"FLIS0154","8.2","Thailand","22","Bangkok","Highly Regarded","8.2","130","1:9","CIS/WASC","8.8","Strong British curriculum; monitors for city safety.","8.5","8.2","8.4","Provided","1:1 iPad/Mac","UK/A-Level","145","Wellington College International Bangkok","7.8","18%","Global","","For-Profit","$4,250.00","Private","BSO","LFI","For-Profit","Private","8.2","2026-05-26T10:41:07.835Z","0","[]","","success","true","{""_seconds"":1788076683,""_nanoseconds"":422000000}","","2026-08-30T07:58:03.421Z","https://www.wellingtoncollege.ac.th/careers","Wellington College Int'l Portal, LinkedIn","https://www.wellingtoncollege.ac.th/careers","Wellington College International Bangkok","1161804","wellington-college-international-bangkok-wcib-1161804","2026-08-30T16:14:23.676Z"
"FLIS0155","8.8","Thailand","18","Bangkok","World-Class","8.7","185","1:9","CIS/WASC","9.2","Premier non-profit; high savings in a gated community.","9.0","8.2","9.5","Provided","1:1 Mac","US/AP/IB","205","International School Bangkok","8.4","22%","Premium","","Non-Profit","$5,150.00","Independent","CIS","LFI","Non-Profit","Independent","8.2","2026-05-26T10:41:07.835Z","0","[]","","success","true","{""_seconds"":1788076610,""_nanoseconds"":929000000}","","2026-08-30T07:56:50.927Z","https://www.isb.ac.th/careers/","Search Associates, Schrole, ISS","https://www.isb.ac.th/careers/","International School Bangkok","","","2026-08-30T16:14:23.676Z"
"FLIS0156","7.2","Thailand","22","Phuket","Highly Regarded","7.7","65","1:9","CIS","8.0","High focus on wellbeing and social-emotional learning.","7.5","8.5","7.9","Provided","1:1 iPad","IB","75","UWC Thailand","8.0","25%","Private","","Non-Profit","$3,550.00","Private","Local","LFI","Non-Profit","Private","8.5","2026-05-26T10:41:07.835Z","0","[]","","success","true","{""_seconds"":1788076606,""_nanoseconds"":300000000}","","2026-08-30T07:56:46.299Z","https://www.uwcthailand.ac.th/careers","Search Associates, UWC Movement Portal","https://www.uwcthailand.ac.th/careers","UWC Thailand","","","2026-08-30T16:14:23.676Z"
"FLIS0157","8.5","Indonesia","22","Jakarta","Outstanding","8.3","140","1:10","CIS/WASC","8.8","Apple Distinguished School with strong heritage.","9.2","7.5","9.2","Provided","Apple/1:1","UK/IB","155","British School Jakarta","8.0","20%","Global","","Non-Profit","$4,650.00","Independent","Local","LFI","Non-Profit","Independent","7.5","2026-05-26T10:41:07.835Z","0","[]","","success","true","{""_seconds"":1788076623,""_nanoseconds"":913000000}","","2026-08-30T07:57:02.686Z","https://www.bsj.sch.id/careers","Search Associates, Schrole, LinkedIn","https://www.bsj.sch.id/careers","British School Jakarta","1053515","british-school-jakarta-1053515","2026-08-30T16:14:23.676Z"
"FLIS0158","8.8","Indonesia","20","Jakarta","World-Class","8.4","220","1:8","WASC","9.2","Landmark institution with premium savings potential.","9.0","7.5","9.4","Provided","1:1 Mac","US/AP/IB","240","Jakarta Intercultural School","7.8","20%","Premium","","Non-Profit","$5,100.00","Independent","Local","LFI","Non-Profit","Independent","7.5","2026-05-26T10:41:07.835Z","0","[]","","success","true","{""_seconds"":1788076609,""_nanoseconds"":572000000}","","2026-08-30T07:56:49.571Z","https://www.jisedu.or.id/careers","Search Associates, Schrole, ISS","https://www.jisedu.or.id/careers","Jakarta Intercultural School","","","2026-08-30T16:14:23.676Z"
"FLIS0159","7.0","Indonesia","22","Jakarta","Respectable","7.3","65","1:11","BSO","7.5","Supportive environment; stable recruitment cycles.","7.5","7.5","7.8","Allowance","1:1 iPad","UK/IB","75","ACG School Jakarta","7.5","18%","Private","","For-Profit","$3,450.00","Inspired","Local","LFI","For-Profit","Inspired","7.5","2026-05-26T10:41:07.835Z","0","[]","","success","true","{""_seconds"":1788076601,""_nanoseconds"":997000000}","","2026-08-30T07:56:41.996Z","https://jakarta.acgedu.com/careers/","Inspired Education Group Portal, LinkedIn","https://jakarta.acgedu.com/careers/","ACG School Jakarta","","","2026-08-30T16:14:23.676Z"
"FLIS0160","7.2","Indonesia","20","Bali","Highly Regarded","7.7","55","1:9","CIS","8.0","High focus on wellbeing in a safe island location.","7.5","8.5","7.9","Provided","Google/1:1","IB","65","Canggu Community School Bali","8.0","25%","Private","","Non-Profit","$3,250.00","Community","Local","LFI","Non-Profit","Community","8.5","2026-05-26T10:41:07.835Z","0","[]","","success","true","{""_seconds"":1788076605,""_nanoseconds"":223000000}","","2026-08-30T07:56:45.222Z","https://www.ccsbali.com/careers","Schrole, LinkedIn","https://www.ccsbali.com/careers","Canggu Community School Bali","","","2026-08-30T16:14:23.676Z"
"FLIS0161","7.8","Philippines","22","Manila","Highly Regarded","7.9","140","1:11","BSO","8.2","Elite British heritage school with consistent academic outcomes.","8.0","8.2","8.1","Provided","1:1 iPad","UK/A-Level","155","British School Manila","7.2","20%","Private","","Non-Profit","$4,250.00","Independent","BSO","LFI","Non-Profit","Independent","8.2","2026-05-26T10:41:07.835Z","0","[]","","success","true","{""_seconds"":1788076605,""_nanoseconds"":108000000}","","2026-08-30T07:56:45.107Z","https://www.britishschoolmanila.org/careers","Search Associates, Schrole, LinkedIn","https://www.britishschoolmanila.org/careers","British School Manila","1057671","the-british-school-manila-1057671","2026-08-30T16:14:23.676Z"
"FLIS0162","8.5","Philippines","20","Manila","Highly Regarded","8.2","190","1:9","CIS","9.0","Academic powerhouse; workload monitored for high faculty pressure.","8.8","9.0","7.9","Provided","1:1 Mac","IB","210","International School Manila","6.5","15%","Premium","","Non-Profit","$5,300.00","Independent","BSO","LFI","Non-Profit","Independent","9.0","2026-05-26T10:41:07.835Z","0","[]","","success","true","{""_seconds"":1788076594,""_nanoseconds"":940000000}","","2026-08-30T07:56:34.938Z","https://www.ismanila.org/careers","Search Associates, ISS, LinkedIn","https://www.ismanila.org/careers","International School Manila","","","2026-08-30T16:14:23.676Z"
"FLIS0163","8.5","Japan","22","Tokyo","Outstanding","8.1","130","1:10","Candidate","8.0","Elite safe city hub; high finance score vs cost of living.","8.5","9.5","8.1","Provided","1:1 iPad","UK/A-Level","145","British School in Tokyo","7.0","20%","Premium","","Non-Profit","$4,350.00","Nord Anglia","CIS","LFI","Non-Profit","Nord Anglia","9.5","2026-05-26T10:41:07.835Z","0","[]","","success","true","{""_seconds"":1788076685,""_nanoseconds"":433000000}","","2026-08-30T07:58:05.432Z","https://www.bst.ac.jp/careers","Search Associates, GaijinPot Jobs, LinkedIn","https://www.bst.ac.jp/careers","British School in Tokyo","1057325","the-british-school-in-tokyo-1057325","2026-08-30T16:14:23.676Z"
"FLIS0164","7.5","Japan","24","Tokyo","Highly Regarded","7.6","65","1:12","Candidate","7.5","Newer entry focusing on IB curriculum in a high-safety environment.","8.0","9.5","7.6","Allowance","1:1 iPad","IB","75","Malvern College Tokyo","7.0","20%","Private","","For-Profit","$4,150.00","Nord Anglia","KHDA/BSO","LFI","For-Profit","Malvern College Family of Schools","9.5","2026-05-26T10:41:07.835Z","0","[]","","success","true","{""_seconds"":1788187444,""_nanoseconds"":365000000}","{""schoolId"":""FLIS0164"",""schoolName"":""Malvern College Tokyo"",""category"":""LOW_TURNOVER"",""statusLabel"":""Low Turnover (Stable)"",""isUpdating"":false,""lastScrapedAt"":""2026-08-31T14:43:43.998Z"",""metrics"":{""estimatedStaffBase"":""65"",""totalKnownVacancies"":4,""estimatedChurnRatePercent"":6,""leadershipVacanciesCount"":0,""secondaryVacanciesCount"":4,""primaryVacanciesCount"":0,""riskRating"":""LOW"",""leadershipChurnRatioPercent"":0,""averageYearlyTesAdverts"":4},""scrapedJobsList"":[""Teacher of  Design (Posted: 2026-08-31T14:32:15.108Z) - Malvern College"",""Head of Visual Art and Design (Posted: 2026-08-31T14:32:15.108Z) - Malvern College"",""Head of English and Drama (Posted: 2026-08-31T14:32:15.106Z) - Malvern College"",""Teacher of  Design (Posted: Recently; Closes: [object Object]) - Malvern College"",""Head of Visual Art and Design (Jan 2027; Posted: 15 Aug 2026; Closes: N/A) (Posted: Recently; Closes: 2026-09-11) - TES"",""Teacher of DesignMalvern College Tokyo, TokyoMalvern College Tokyo is excited to announce an opportunity for talented, enthusiastic, and energetic individuals to join our team starting in January 2027. The Teacher of Design will primarily teach Design within the International Baccalaureate... (Posted: Recently; Closes: [object Object]) - TES"",""Head of English and Drama (Jan 2027; Posted: 22-28 Aug 2026; Closes: 11 Sep 2026 (Posted: Recently; Closes: 2023-12-08) - Tes"",""Teacher of Design (Jan 2027; Posted: 15 Aug 2026; Closes: N/A) (Posted: Recently; Closes: 2026-02-20) - TES"",""Head of Visual Art and DesignMalvern College Tokyo, TokyoMalvern College Tokyo is excited to announce an opportunity for talented, enthusiastic, and energetic individuals to join our team starting in January 2027. The Head of Visual Art and Design at Malvern College Tokyo plays a pivotal role in... (Posted: Recently; Closes: [object Object]) - TES"",""Head of Visual Art and Design (Posted: Recently; Closes: [object Object]) - Malvern College"",""Head of English and Drama (Posted: Recently; Closes: [object Object]) - Malvern College"",""Head of English and DramaMalvern College Tokyo, TokyoMalvern College Tokyo is excited to announce an opportunity for talented, enthusiastic, and energetic individuals to join our team starting in January 2027. The Head of English and Drama at Malvern College Tokyo plays a pivotal role in leading... (Posted: Recently; Closes: [object Object]) - TES"",""Head of Visual Art and Design (Posted: Recently; Closes: [object Object]) - TES"",""Teacher of Design (Posted: Recently; Closes: [object Object]) - TES"",""Teacher of EAL (Posted: Recently; Closes: [object Object]) - Primary (Aug 2026; Posted: 15 Aug 2026; Closes: N/A)""],""vacancies_discovered"":[{""title"":""Head of English and Drama"",""department"":""Secondary"",""source"":""Tes"",""source_url"":""https://www.malvern-college-tokyo.com"",""date_listed"":""22-28 Aug 2026"",""date_closing"":""11 Sep 2026 (Posted: Recently"",""status"":""OPEN"",""recruitmentCycle"":""CURRENT""},{""title"":""Head of Visual Art and Design"",""department"":""Secondary"",""source"":""TES"",""source_url"":""https://www.malvern-college-tokyo.com"",""date_listed"":""15 Aug 2026"",""date_closing"":""N/A"",""status"":""OPEN"",""recruitmentCycle"":""CURRENT""},{""title"":""Teacher of DesignMalvern College Tokyo, TokyoMalvern College Tokyo is excited to"",""department"":""Secondary"",""source"":""TES"",""source_url"":""https://www.malvern-college-tokyo.com"",""date_listed"":""Recently"",""date_closing"":""[object Object]"",""status"":""OPEN"",""recruitmentCycle"":""CURRENT""},{""title"":""Teacher of EAL"",""department"":""Secondary"",""source"":""Primary (Aug 2026; Posted: 15 Aug 2026; Closes: N/A)"",""source_url"":""https://www.malvern-college-tokyo.com"",""date_listed"":""Recently"",""date_closing"":""[object Object]"",""status"":""OPEN"",""recruitmentCycle"":""CURRENT""}],""structured_vacancies"":[{""title"":""Head of English and Drama"",""department"":""Secondary"",""source"":""Tes"",""source_url"":""https://www.malvern-college-tokyo.com"",""date_listed"":""22-28 Aug 2026"",""date_closing"":""11 Sep 2026 (Posted: Recently"",""status"":""OPEN"",""recruitmentCycle"":""CURRENT""},{""title"":""Head of Visual Art and Design"",""department"":""Secondary"",""source"":""TES"",""source_url"":""https://www.malvern-college-tokyo.com"",""date_listed"":""15 Aug 2026"",""date_closing"":""N/A"",""status"":""OPEN"",""recruitmentCycle"":""CURRENT""},{""title"":""Teacher of DesignMalvern College Tokyo, TokyoMalvern College Tokyo is excited to"",""department"":""Secondary"",""source"":""TES"",""source_url"":""https://www.malvern-college-tokyo.com"",""date_listed"":""Recently"",""date_closing"":""[object Object]"",""status"":""OPEN"",""recruitmentCycle"":""CURRENT""},{""title"":""Teacher of EAL"",""department"":""Secondary"",""source"":""Primary (Aug 2026; Posted: 15 Aug 2026; Closes: N/A)"",""source_url"":""https://www.malvern-college-tokyo.com"",""date_listed"":""Recently"",""date_closing"":""[object Object]"",""status"":""OPEN"",""recruitmentCycle"":""CURRENT""}],""total_known_vacancies"":4,""estimated_churn_percentage"":6,""leadership_vacancies_count"":0,""secondary_vacancies_count"":4,""primary_vacancies_count"":0,""leopardfishIntelAlert"":""Leopardfish Multi-Engine Audit: Stable retention pattern with 4 active vacancies detected across TES, GRC Search, and official school portals."",""churn_implications_commentary"":""Leopardfish Multi-Engine Audit: Stable retention pattern with 4 active vacancies detected across TES, GRC Search, and official school portals."",""senior_leadership_churn_percentage"":0}","2026-08-31T14:43:43.998Z","https://www.malverncollegetokyo.jp/careers","Malvern College Int'l Portal, LinkedIn","https://www.malverncollegetokyo.jp/careers","Malvern College Tokyo","1262424","malvern-college-tokyo-1262424","2026-08-30T16:14:23.676Z"
"FLIS0165","8.8","Japan","22","Chiba","World-Class","8.5","85","1:9","WASC","9.2","British satellite with premium savings potential and tech ecosystem.","9.0","7.5","9.4","Provided","1:1 Mac","UK/A-Level","100","Rugby School Japan","7.8","20%","Premium","","For-Profit","$4,850.00","Trust","KHDA","LFI","For-Profit","Trust","7.5","2026-05-26T10:41:07.835Z","0","[]","","success","true","{""_seconds"":1788076694,""_nanoseconds"":174000000}","","2026-08-30T07:58:14.173Z","https://www.rugbyschooljapan.ed.jp/careers","Rugby School UK Portal, GaijinPot Jobs, LinkedIn","https://www.rugbyschooljapan.ed.jp/careers","Rugby School Japan","1221682","rugby-school-japan-1221682","2026-08-30T16:14:23.676Z"
"FLIS0166","8.5","Japan","18","Appi Kogen","Outstanding","8.1","45","1:8","Candidate","8.0","High-end boarding with premium rural Japanese safety.","8.5","9.5","7.8","Provided","1:1 iPad","UK/A-Level","50","Harrow International School Appi","7.0","20%","Premium","","For-Profit","$4,450.00","Private","Local","LFI","For-Profit","Private","9.5","2026-05-26T10:41:07.835Z","0","[]","","success","true","{""_seconds"":1788076604,""_nanoseconds"":748000000}","","2026-08-30T07:56:44.747Z","https://www.harrowappi.jp/careers/","AISL Harrow Group Portal, Search Associates","https://www.harrowappi.jp/careers/","Harrow International School Appi","1219867","harrow-international-school-appi-1219867","2026-08-30T16:14:23.676Z"
"FLIS0167","7.2","Japan","20","Yokohama","Highly Regarded","7.9","60","1:9","CIS/NEASC","8.5","Historic institution with high safety and community stability.","8.0","9.5","7.2","Allowance","Google","IB/US","75","St. Maur International School","7.8","20%","Premium","","Non-Profit","$4,250.00","Independent","CIS","LFI","Non-Profit","Independent","9.5","2026-05-26T10:41:07.835Z","0","[]","","success","true","{""_seconds"":1788076601,""_nanoseconds"":733000000}","","2026-08-30T07:56:41.731Z","https://www.stmaur.ac.jp/employment","Search Associates, LinkedIn","https://www.stmaur.ac.jp/employment","St. Maur International School","","","2026-08-30T16:14:23.676Z"
"FLIS0168","7.2","Japan","22","Yokohama","Highly Regarded","7.9","85","1:10","CIS/NEASC","8.7","Modern pedagogy focus in a high-safety coastal hub.","8.5","9.5","7.4","Allowance","1:1 Mac","IB","95","Yokohama International School","7.5","20%","Premium","","Non-Profit","$4,400.00","Independent","CIS","LFI","Non-Profit","Independent","9.5","2026-05-26T10:41:07.835Z","0","[]","","success","true","{""_seconds"":1788076598,""_nanoseconds"":418000000}","","2026-08-30T07:56:38.416Z","https://www.yis.ac.jp/careers","Search Associates, ISS, LinkedIn","https://www.yis.ac.jp/careers","Yokohama International School","1058204","yokohama-international-school-1058204","2026-08-30T16:14:23.676Z"
"FLIS0169","7.4","Japan","18","Kobe","Highly Regarded","7.9","65","1:8","CIS/WASC","8.4","Reliable non-profit with strong work-life balance focus.","8.2","9.2","7.1","Provided","1:1 Mac","IB","75","Canadian Academy Kobe","8.0","22%","Full Private","","Non-Profit","$4,350.00","Foundation","CIS","LFI","Non-Profit","Foundation","9.2","2026-05-26T10:41:07.835Z","0","[]","","success","true","{""_seconds"":1788076599,""_nanoseconds"":77000000}","","2026-08-30T07:56:39.076Z","https://www.canacademy.ac.jp/employment","Search Associates, ISS, LinkedIn","https://www.canacademy.ac.jp/employment","Canadian Academy Kobe","","","2026-08-30T16:14:23.676Z"
"FLIS0170","8.4","South Korea","20","Seoul","World-Class","8.6","180","1:9","CIS/WASC","9.1","Elite non-profit with superior academic results.","8.8","9.0","9.1","Provided","1:1 Mac","IB/US","195","Seoul Foreign School","8.0","20%","Premium","","Non-Profit","$4,550.00","Independent","CIS","LFI","Non-Profit","Independent","9.0","2026-05-26T10:41:07.835Z","0","[]","","success","true","{""_seconds"":1788076694,""_nanoseconds"":194000000}","","2026-08-30T07:58:14.192Z","https://www.seoulforeign.org/careers","Search Associates, ISS, LinkedIn","https://www.seoulforeign.org/careers","Seoul Foreign School","1055417","seoul-foreign-school-1055417","2026-08-30T16:14:23.676Z"
"FLIS0171","8.2","South Korea","22","Songdo","Outstanding","8.1","145","1:10","WASC","8.8","High-tech Songdo hub; monitors for corporate pressure.","9.0","8.5","8.9","Provided","Apple Dist.","IB","160","Chadwick International","7.5","18%","Premium","","Non-Profit","$4,850.00","Trust","WASC","LFI","Non-Profit","Trust","8.5","2026-05-26T10:41:07.835Z","0","[]","","success","true","{""_seconds"":1788076597,""_nanoseconds"":867000000}","","2026-08-30T07:56:37.866Z","https://www.chadwickinternational.org/employment","Search Associates, Schrole, LinkedIn","https://www.chadwickinternational.org/employment","Chadwick International","","","2026-08-30T16:14:23.676Z"
"FLIS0172","8.0","South Korea","20","Jeju","Outstanding","8.1","110","1:10","CIS","8.6","Elite Jeju facilities; high financial viability.","8.8","9.0","7.3","Provided","1:1 Mac","IB","125","Branksome Hall Asia","7.2","18%","Premium","","For-Profit","$4,650.00","GEC Group","CIS","LFI","For-Profit","GEC Group","9.0","2026-05-26T10:41:07.835Z","0","[]","","success","true","{""_seconds"":1788076607,""_nanoseconds"":107000000}","","2026-08-30T07:56:47.105Z","https://www.branksome.asia/careers","Schrole, LinkedIn","https://www.branksome.asia/careers","Branksome Hall Asia","","","2026-08-30T16:14:23.676Z"
"FLIS0173","8.5","South Korea","20","Jeju","Highly Regarded","7.9","130","1:9","CIS","9.0","Academic powerhouse; monitored for ""Profit-Squeeze"".","8.8","9.0","8.2","Provided","1:1 Mac","UK/IB","150","North London Collegiate School Jeju","6.5","15%","Premium","","For-Profit","$4,800.00","GEC Group","CIS","LFI","For-Profit","GEC Group","9.0","2026-05-26T10:41:07.835Z","0","[]","","success","true","{""_seconds"":1788076604,""_nanoseconds"":78000000}","","2026-08-30T07:56:44.075Z","https://www.nlcsjeju.co.kr/careers","NLCS International Portal, LinkedIn","https://www.nlcsjeju.co.kr/careers","North London Collegiate School Jeju","","","2026-08-30T16:14:23.676Z"
"FLIS0174","8.0","China","22","Shanghai","Outstanding","8.1","120","1:8","WASC","9.0","Holistic US-curriculum with exceptional student support.","8.8","8.2","8.4","Provided","1:1 Mac","US/AP","140","Concordia International School Shanghai","7.5","20%","Premium","","Non-Profit","$5,450.00","Independent","WASC","LFI","Non-Profit","Independent","8.2","2026-05-26T10:41:07.835Z","0","[]","","success","true","{""_seconds"":1788076693,""_nanoseconds"":727000000}","","2026-08-30T07:58:13.726Z","https://www.concordiashanghai.org/employment","Search Associates, ISS, LinkedIn","https://www.concordiashanghai.org/employment","Concordia International School Shanghai","","","2026-08-30T16:14:23.676Z"
"FLIS0175","8.2","China","22","Beijing","World-Class","8.2","220","1:8","CIS/WASC","9.3","Elite non-profit with superior tech reinvestment.","9.5","8.0","9.3","Provided","1:1 iPad","IB","240","International School Beijing","7.2","20%","Global","","Non-Profit","$5,600.00","Independent","CIS","LFI","Non-Profit","Independent","8.0","2026-05-26T10:41:07.835Z","0","[]","","success","true","{""_seconds"":1788076600,""_nanoseconds"":297000000}","","2026-08-30T07:56:40.296Z","https://www.isb.bj.edu.cn/careers","Search Associates, Schrole, ISS","https://www.isb.bj.edu.cn/careers","International School Beijing","","","2026-08-30T16:14:23.676Z"
"FLIS0176","8.4","China","22","Beijing","World-Class","8.5","195","1:8","CIS/WASC","9.2","Top-tier teacher autonomy and non-profit community.","9.4","8.0","9.1","Provided","1:1 Mac","IB","210","Western Academy of Beijing","8.0","22%","Global","","Non-Profit","$5,500.00","Independent","CIS","LFI","Non-Profit","Independent","8.0","2026-05-26T10:41:07.835Z","0","[]","","success","true","{""_seconds"":1788076600,""_nanoseconds"":471000000}","","2026-08-30T07:56:40.469Z","https://www.wab.edu/careers","Search Associates, Schrole, ISS","https://www.wab.edu/careers","Western Academy of Beijing","","","2026-08-30T16:14:23.676Z"
"FLIS0177","7.5","Poland","22","Warsaw","Highly Regarded","7.8","110","1:10","CIS","8.2","Stable environment; monitored for ""Profit-Squeeze"".","7.8","8.5","8.1","Allowance","1:1 iPad","UK/IB","125","British International School Warsaw","7.5","20%","Private","","For-Profit","$3,450.00","Nord Anglia","BSO","LFI","For-Profit","Nord Anglia","8.5","2026-05-26T10:41:07.835Z","0","[]","","success","true","{""_seconds"":1788076595,""_nanoseconds"":529000000}","","2026-08-30T07:56:35.527Z","https://www.nordangliaeducation.com/bis-warsaw/careers","Nord Anglia Career Portal, Teacher Horizons","https://www.nordangliaeducation.com/bis-warsaw/careers","British International School Warsaw","1057760","the-british-school-warsaw-1057760","2026-08-30T16:14:23.676Z"
"FLIS0178","7.0","Poland","15","Warsaw","Respectable","7.5","70","1:7","COBIS","8.5","Modern university-style culture; selective entry.","8.2","8.5","6.8","None","1:1 Device","UK/A-Level","80","Akademeia High School","6.8","15%","Private","","For-Profit","$3,150.00","Private","COBIS","LFI","For-Profit","Private","8.5","2026-05-26T10:41:07.835Z","0","[]","","success","true","{""_seconds"":1788076684,""_nanoseconds"":976000000}","","2026-08-30T07:58:04.975Z","https://akademeia.edu.pl/en/careers/","LinkedIn, Praca.pl","https://akademeia.edu.pl/en/careers/","Akademeia High School","1164028","akademeia-high-school-1164028","2026-08-30T16:14:23.676Z"
"FLIS0179","7.2","Romania","22","Bucharest","Respectable","7.4","67","1:7","BSO","7.9","Stable British curriculum; competitive local savings.","7.8","7.8","6.5","Allowance","1:1 iPad","UK/IB","85","International School of Bucharest","7.0","20%","Private","","For-Profit","$3,150.00","Lumina","BSO","LFI","For-Profit","Lumina","7.8","2026-05-26T10:41:07.835Z","0","[]","","success","true","{""_seconds"":1788170415,""_nanoseconds"":254000000}","{""schoolId"":""FLIS0179"",""schoolName"":""International School of Bucharest"",""category"":""INSIGHT_UNAVAILABLE"",""statusLabel"":""Low Turnover (Stable)"",""isUpdating"":false,""lastScrapedAt"":""2026-08-31T10:00:15.252Z"",""metrics"":{""estimatedStaffBase"":""67"",""totalKnownVacancies"":0,""estimatedChurnRatePercent"":0,""leadershipVacanciesCount"":0,""secondaryVacanciesCount"":0,""primaryVacanciesCount"":0,""riskRating"":""INSIGHT_UNAVAILABLE"",""leadershipChurnRatioPercent"":0,""averageYearlyTesAdverts"":0},""scrapedJobsList"":[],""vacancies_discovered"":[],""structured_vacancies"":[],""total_known_vacancies"":0,""estimated_churn_percentage"":0,""leadership_vacancies_count"":0,""secondary_vacancies_count"":0,""primary_vacancies_count"":0,""leopardfishIntelAlert"":""No active public vacancies have been detected for this institution within the current 12-month recruitment cycle. This indicates either an exceptionally high staff retention profile or the utilization of localized, non-indexed internal application portals. Quantitative stability metrics cannot be calculated at this time."",""churn_implications_commentary"":""No active public vacancies have been detected for this institution within the current 12-month recruitment cycle. This indicates either an exceptionally high staff retention profile or the utilization of localized, non-indexed internal application portals. Quantitative stability metrics cannot be calculated at this time."",""senior_leadership_churn_percentage"":0,""staffroom_commentary"":""No active public vacancies have been detected for this institution within the current 12-month recruitment cycle. This indicates either an exceptionally high staff retention profile or the utilization of localized, non-indexed internal application portals. Quantitative stability metrics cannot be calculated at this time.""}","2026-08-31T10:00:15.252Z","https://www.isb.ro/careers/","Lumina Educational Institutions Portal","https://www.isb.ro/careers/","International School of Bucharest","1057074","international-school-of-bucharest-1057074","2026-08-30T16:14:23.676Z"
"FLIS0180","6.9","Czechia","22","Prague","Established","7.4","145","1:11","IB / BSO","8.5","Prominent Corporate/Tech","9.2","9.5","9.1","Not Included","Canvas / Seesaw","IGCSE / IB DP","160","Prague British International School","6.2","22","Private","","For-Profit","$2,520","Nord Anglia","BSO","LFI","For-Profit","Nord Anglia","9.5","2026-05-26T10:41:07.835Z","0","[]","","success","true","{""_seconds"":1788076612,""_nanoseconds"":893000000}","","2026-08-30T07:56:52.888Z","https://www.nordangliaeducation.com/pbis-prague/careers","Nord Anglia Career Portal, Teacher Horizons","https://www.nordangliaeducation.com/pbis-prague/careers","Prague British International School","1057016","prague-british-international-school-kamyk-1057016","2026-08-30T16:14:23.676Z"
"FLIS0181","6.5","Spain","25","Bilbao","Respectable","7.2","55","1:12","NABSS","7.8","High lifestyle score; salary limited by national scales.","7.5","9.0","6.2","None","Google","UK/IB","65","St. George's British International School Bilbao","7.0","18%","State/Priv","","For-Profit","$2,850.00","Globeducate","NABSS","LFI","For-Profit","Globeducate","9.0","2026-05-26T10:41:07.835Z","0","[]","","success","true","{""_seconds"":1788076592,""_nanoseconds"":551000000}","","2026-08-30T07:56:32.549Z","https://stgeorgeschool.es/en/careers/","Globeducate Careers Portal, InfoJobs Spain","https://stgeorgeschool.es/en/careers/","St. George's British International School Bilbao","","","2026-08-30T16:14:23.676Z"
"FLIS0182","6.8","Finland","22","Helsinki","Highly Regarded","7.9","50","1:9","CIS/NEASC","8.2","Exceptional safety; high work-life balance.","8.0","9.8","6.9","Allowance","1:1 Mac","IB","60","International School of Helsinki","8.5","25%","Premium","","Non-Profit","$4,150.00","Independent","CIS","LFI","Non-Profit","Independent","9.8","2026-05-26T10:41:07.835Z","0","[]","","success","true","{""_seconds"":1788076678,""_nanoseconds"":507000000}","","2026-08-30T07:57:58.506Z","https://www.ishelsinki.fi/employment","Search Associates, Opetus.fi","https://www.ishelsinki.fi/employment","International School of Helsinki","","","2026-08-30T16:14:23.676Z"
"FLIS0183","6.5","Finland","22","Helsinki","Highly Regarded","7.6","55","1:10","Independent","7.8","High security and professional autonomy.","7.5","9.8","5.8","Allowance","Google","UK/IB","65","British School in Helsinki","8.0","22%","Private","","Non-Profit","$3,850.00","Independent","Local","LFI","Non-Profit","Independent","9.8","2026-05-26T10:41:07.835Z","0","[]","","success","true","{""_seconds"":1788076678,""_nanoseconds"":466000000}","","2026-08-30T07:57:58.465Z","https://www.thebritishschool.fi/vacancies","LinkedIn","https://www.thebritishschool.fi/vacancies","British School in Helsinki","","","2026-08-30T16:14:23.676Z"
"FLIS0184","7.0","Sweden","24","Stockholm","Highly Regarded","7.9","85","1:8","CIS/NEASC","8.4","Reinvests all profits into faculty and tech.","7.8","9.2","7.5","Allowance","Google","IB","95","Stockholm International School","8.2","22%","Premium","","Non-Profit","$4,000.00","Foundation","CIS","LFI","Non-Profit","Foundation","9.2","2026-05-26T10:41:07.835Z","0","[]","","success","true","{""_seconds"":1788076599,""_nanoseconds"":451000000}","","2026-08-30T07:56:39.449Z","https://www.intsch.se/careers","Search Associates, Arbetsförmedlingen","https://www.intsch.se/careers","Stockholm International School","","","2026-08-30T16:14:23.676Z"
"FLIS0185","6.8","Sweden","22","Stockholm","Highly Regarded","7.6","50","1:9","Community","8.2","Community-led non-profit with high staff wellbeing.","7.5","9.2","6.4","Allowance","Google","UK/iGCSE","60","British International School of Stockholm","8.0","22%","Private","","Non-Profit","$3,650.00","Community","Local","LFI","Non-Profit","Community","9.2","2026-05-26T10:41:07.835Z","0","[]","","success","true","{""_seconds"":1788076600,""_nanoseconds"":355000000}","","2026-08-30T07:56:40.354Z","https://www.bisstockholm.se/careers","Search Associates, LinkedIn","https://www.bisstockholm.se/careers","British International School of Stockholm","1082172","british-international-school-of-stockholm-ekeby-campus-1082172","2026-08-30T16:14:23.676Z"
"FLIS0186","7.2","Denmark","22","Copenhagen","Outstanding","8.0","130","1:10","CIS","8.5","Flagship sustainable campus; high faculty autonomy.","8.0","9.5","8.7","Allowance","1:1 Mac","IB","145","Copenhagen International School","8.2","25%","Premium","","Non-Profit","$4,250.00","Foundation","CIS","LFI","Non-Profit","Foundation","9.5","2026-05-26T10:41:07.835Z","0","[]","","success","true","{""_seconds"":1788076601,""_nanoseconds"":478000000}","","2026-08-30T07:56:41.477Z","https://www.copenhageninternational.school/about/careers/","Search Associates, Jobindex Denmark","https://www.copenhageninternational.school/about/careers/","Copenhagen International School","","","2026-08-30T16:14:23.676Z"
"FLIS0187","6.5","UK","20","London","Respectable","7.4","100","1:9","CIS/ISI","8.8","Elite London IB; cost of living impacts savings.","8.2","8.5","8.4","None","1:1 iPad","IB","115","Southbank International School","6.8","18%","Private","","For-Profit","$4,350.00","Cognita","ISI","LFI","For-Profit","Cognita","8.5","2026-05-26T10:41:07.835Z","0","[]","","success","true","{""_seconds"":1788076596,""_nanoseconds"":377000000}","","2026-08-30T07:56:36.376Z","https://www.southbank.org/careers","Cognita Careers Portal, LinkedIn","https://www.southbank.org/careers","Southbank International School","1023050","southbank-international-school-hampstead-campus-1023050","2026-08-30T16:14:23.676Z"
"FLIS0188","7.5","UK","22","Surrey","Highly Regarded","7.8","160","1:9","CIS","8.7","Leading day/boarding school with premium provision.","8.5","8.5","8.8","Provided","1:1 iPad","IB/US","175","ACS Cobham International School","7.2","20%","Premium","","For-Profit","$4,450.00","ACS Schools","ISI","LFI","For-Profit","ACS Schools","8.5","2026-05-26T10:41:07.835Z","0","[]","","success","true","{""_seconds"":1788076601,""_nanoseconds"":463000000}","","2026-08-30T07:56:41.462Z","https://www.acs-schools.org/careers","ACS International Schools Portal, LinkedIn","https://www.acs-schools.org/careers","ACS Cobham International School","1054365","acs-cobham-international-school-1054365","2026-08-30T16:14:23.676Z"
"FLIS0189","7.6","Luxembourg","22","Luxembourg","Highly Regarded","7.9","110","1:10","BSO","8.2","Strong British curriculum in a high-safety hub.","7.8","9.5","6.2","Allowance","Google","UK/A-Level","125","St. George's International School Luxembourg","7.5","18%","Private","","Non-Profit","$4,650.00","Foundation","BSO","LFI","Non-Profit","Foundation","9.5","2026-05-26T10:41:07.835Z","0","[]","","success","true","{""_seconds"":1788076603,""_nanoseconds"":69000000}","","2026-08-30T07:56:43.067Z","https://www.st-georges.lu/careers","Search Associates, LinkedIn","https://www.st-georges.lu/careers","St. George's International School Luxembourg","1058183","st-george-s-international-school-luxembourg-1058183","2026-08-30T16:14:23.676Z"
"FLIS0190","7.8","Luxembourg","22","Luxembourg","Outstanding","8.2","150","1:10","CIS/NEASC","8.6","Top-tier European safety and faculty benefits.","8.2","9.5","8.9","Allowance","1:1 Mac","IB/US","165","International School of Luxembourg","8.0","22%","Premium","","Non-Profit","$4,950.00","Foundation","CIS","LFI","Non-Profit","Foundation","9.5","2026-05-26T10:41:07.835Z","0","[]","","success","true","{""_seconds"":1788076694,""_nanoseconds"":164000000}","","2026-08-30T07:58:14.163Z","https://www.islux.lu/careers","Search Associates, LinkedIn","https://www.islux.lu/careers","International School of Luxembourg","","","2026-08-30T16:14:23.676Z"
"FLIS0191","7.4","Belgium","22","Waterloo","Highly Regarded","7.8","110","1:9","CIS","8.2","Balanced IB school; performing arts focus.","7.8","8.8","6.1","Allowance","1:1 iPad","IB/US","125","St. John's International School Belgium","7.5","20%","Private","","For-Profit","$4,150.00","Inspired","CIS","LFI","For-Profit","Inspired","8.8","2026-05-26T10:41:07.835Z","0","[]","","success","true","{""_seconds"":1788076598,""_nanoseconds"":649000000}","","2026-08-30T07:56:38.648Z","https://www.stjohns.be/careers","Inspired Education Group Portal, Search Associates","https://www.stjohns.be/careers","St. John's International School Belgium","1057076","st-john-s-international-school-1057076","2026-08-30T16:14:23.676Z"
"FLIS0192","6.5","France","22","Nice","Respectable","7.2","55","1:10","CIS","7.5","Lifestyle school; salary vs. rent friction.","7.5","8.5","5.5","None","Google","IB","65","International School of Nice","7.2","18%","Private","","For-Profit","$3,150.00","Globeducate","CIS","LFI","For-Profit","Globeducate","8.5","2026-05-26T10:41:07.835Z","0","[]","","success","true","{""_seconds"":1788076601,""_nanoseconds"":170000000}","","2026-08-30T07:56:41.169Z","https://www.isn-nice.com/join-the-team","Globeducate Careers Portal, LinkedIn","https://www.isn-nice.com/join-the-team","International School of Nice","1059393","international-school-of-nice-isn-1059393","2026-08-30T16:14:23.676Z"
"FLIS0193","6.5","France","22","Mougins","Respectable","7.3","60","1:10","CIS","7.8","Boutique British school in high-end hub.","7.5","8.5","5.8","None","Google","UK/A-Level","70","Mougins School","7.2","20%","Private","","For-Profit","$3,250.00","Globeducate","CIS","LFI","For-Profit","Globeducate","8.5","2026-05-26T10:41:07.835Z","0","[]","","success","true","{""_seconds"":1788076593,""_nanoseconds"":63000000}","","2026-08-30T07:56:33.061Z","https://mougins.britishinternationalschool.com/about/work-with-us","Globeducate Careers Portal, LinkedIn","https://mougins.britishinternationalschool.com/about/work-with-us","Mougins School","1055155","mougins-school-1055155","2026-08-30T16:14:23.676Z"
"FLIS0194","6.8","Italy","22","Turin","Respectable","7.4","65","1:10","CIS","7.8","Balanced; typical Italian salary constraints.","7.5","8.5","5.4","None","Google","IB","75","International School of Turin","7.5","20%","Private","","For-Profit","$3,150.00","Inspired","CIS","LFI","For-Profit","Independent Non-Profit","8.5","2026-05-26T10:41:07.835Z","0","[]","","success","true","{""_seconds"":1788284788,""_nanoseconds"":166000000}","{""schoolId"":""FLIS0194"",""schoolName"":""International School of Turin"",""category"":""LOW_TURNOVER"",""statusLabel"":""Low Turnover (Stable)"",""isUpdating"":false,""lastScrapedAt"":""2026-09-01T17:45:47.765Z"",""metrics"":{""estimatedStaffBase"":60,""totalKnownVacancies"":15,""estimatedChurnRatePercent"":25,""leadershipVacanciesCount"":0,""secondaryVacanciesCount"":11,""primaryVacanciesCount"":4,""riskRating"":""LOW"",""leadershipChurnRatioPercent"":0,""averageYearlyTesAdverts"":15},""scrapedJobsList"":[""Profesor/a de Lengua Castellana (Posted: 2026-08-31T15:53:16.558Z) - Globeducate"",""Design Technology Teacher (Posted: 2026-08-31T15:30:35.346Z) - Globeducate"",""English Teacher (Posted: 2026-08-31T15:30:35.344Z) - Globeducate"",""Class Teacher (Posted: 2026-08-31T15:30:35.347Z) - Globeducate"",""Greek Teacher (Posted: 2026-08-31T15:30:35.357Z) - Globeducate"",""Early Years Practitioner | Kindergarten Teacher (Posted: 2026-08-31T15:30:35.357Z) - Globeducate"",""Secondary German Teacher - Temporary Contract (Posted: 2026-08-31T15:30:35.345Z) - Globeducate"",""Teacher of Design Technology (Posted: 2026-08-31T15:30:35.346Z) - Globeducate"",""Profesor/a de Lengua Castellana (Posted: Recently; Closes: [object Object]) - Globeducate"",""Design Technology Teacher (Posted: Recently; Closes: [object Object]) - Globeducate"",""English Teacher (Posted: Recently; Closes: [object Object]) - Globeducate"",""PET And Sports Coaches (Posted: Recently; Closes: 31/08/2026) - Cognita"",""Science Teacher (Grades 9–12) - Pool Posting (Posted: Recently; Closes: 12/06/2027) - Cognita"",""Computer Teacher – Pre -Primary (Posted: Recently; Closes: 30/09/2026) - Cognita"",""Pre School EY English Teacher (Posted: Recently; Closes: 27/09/2026) - Cognita"",""Head of Nursery (Maternity Cover) (Posted: Recently; Closes: 07/09/2026) - Cognita"",""School Administration Manager (Front of House) (Posted: Recently; Closes: 31/08/2026) - Cognita"",""PE Teacher And Sports Coach (Posted: Recently; Closes: 31/08/2026) - Cognita"",""Assistant Manager - Marketing (Posted: Recently; Closes: 17/10/2026) - Cognita"",""Class Teacher (Posted: Recently; Closes: [object Object]) - Globeducate"",""Greek Teacher (Posted: Recently; Closes: [object Object]) - Globeducate"",""Early Years Practitioner | Kindergarten Teacher (Posted: Recently; Closes: [object Object]) - Globeducate"",""Secondary German Teacher - Temporary Contract (Posted: Recently; Closes: [object Object]) - Globeducate"",""Teacher of Design Technology (Posted: Recently; Closes: [object Object]) - Globeducate"",""Head of Nursery (Posted: Recently; Closes: [object Object]) - Cognita"",""Science Teacher (Posted: Recently; Closes: [object Object]) - Cognita""],""vacancies_discovered"":[{""title"":""Profesor/a de Lengua Castellana"",""department"":""Secondary"",""source"":""Globeducate"",""source_url"":""https://www.international-school-of-turin.com"",""date_listed"":""2026-08-31T15:53:16.558Z"",""date_closing"":null,""status"":""OPEN"",""recruitmentCycle"":""CURRENT""},{""title"":""Greek Teacher"",""department"":""Secondary"",""source"":""Globeducate"",""source_url"":""https://www.international-school-of-turin.com"",""date_listed"":""2026-08-31T15:30:35.357Z"",""date_closing"":null,""status"":""OPEN"",""recruitmentCycle"":""CURRENT""},{""title"":""Early Years Practitioner | Kindergarten Teacher"",""department"":""Primary"",""source"":""Globeducate"",""source_url"":""https://www.international-school-of-turin.com"",""date_listed"":""2026-08-31T15:30:35.357Z"",""date_closing"":null,""status"":""OPEN"",""recruitmentCycle"":""CURRENT""},{""title"":""Class Teacher"",""department"":""Primary"",""source"":""Globeducate"",""source_url"":""https://www.international-school-of-turin.com"",""date_listed"":""2026-08-31T15:30:35.347Z"",""date_closing"":null,""status"":""OPEN"",""recruitmentCycle"":""CURRENT""},{""title"":""Design Technology Teacher"",""department"":""Secondary"",""source"":""Globeducate"",""source_url"":""https://www.international-school-of-turin.com"",""date_listed"":""2026-08-31T15:30:35.346Z"",""date_closing"":null,""status"":""OPEN"",""recruitmentCycle"":""CURRENT""},{""title"":""Teacher of Design Technology"",""department"":""Secondary"",""source"":""Globeducate"",""source_url"":""https://www.international-school-of-turin.com"",""date_listed"":""2026-08-31T15:30:35.346Z"",""date_closing"":null,""status"":""OPEN"",""recruitmentCycle"":""CURRENT""},{""title"":""Secondary German Teacher - Temporary Contract"",""department"":""Secondary"",""source"":""Globeducate"",""source_url"":""https://www.international-school-of-turin.com"",""date_listed"":""2026-08-31T15:30:35.345Z"",""date_closing"":null,""status"":""OPEN"",""recruitmentCycle"":""CURRENT""},{""title"":""English Teacher"",""department"":""Secondary"",""source"":""Globeducate"",""source_url"":""https://www.international-school-of-turin.com"",""date_listed"":""2026-08-31T15:30:35.344Z"",""date_closing"":null,""status"":""OPEN"",""recruitmentCycle"":""CURRENT""},{""title"":""PET And Sports Coaches"",""department"":""Secondary"",""source"":""Cognita"",""source_url"":""https://www.international-school-of-turin.com"",""date_listed"":""Recently"",""date_closing"":""31/08/2026"",""status"":""OPEN"",""recruitmentCycle"":""CURRENT""},{""title"":""Science Teacher"",""department"":""Secondary"",""source"":""Cognita"",""source_url"":""https://www.international-school-of-turin.com"",""date_listed"":""Recently"",""date_closing"":""12/06/2027"",""status"":""OPEN"",""recruitmentCycle"":""CURRENT""},{""title"":""Computer Teacher – Pre -Primary"",""department"":""Primary"",""source"":""Cognita"",""source_url"":""https://www.international-school-of-turin.com"",""date_listed"":""Recently"",""date_closing"":""30/09/2026"",""status"":""OPEN"",""recruitmentCycle"":""CURRENT""},{""title"":""School Administration Manager"",""department"":""Secondary"",""source"":""Cognita"",""source_url"":""https://www.international-school-of-turin.com"",""date_listed"":""Recently"",""date_closing"":""31/08/2026"",""status"":""OPEN"",""recruitmentCycle"":""CURRENT""},{""title"":""PE Teacher And Sports Coach"",""department"":""Secondary"",""source"":""Cognita"",""source_url"":""https://www.international-school-of-turin.com"",""date_listed"":""Recently"",""date_closing"":""31/08/2026"",""status"":""OPEN"",""recruitmentCycle"":""CURRENT""},{""title"":""Assistant Manager - Marketing"",""department"":""Secondary"",""source"":""Cognita"",""source_url"":""https://www.international-school-of-turin.com"",""date_listed"":""Recently"",""date_closing"":""17/10/2026"",""status"":""OPEN"",""recruitmentCycle"":""CURRENT""},{""title"":""Head of Nursery"",""department"":""Primary"",""source"":""Cognita"",""source_url"":""https://www.international-school-of-turin.com"",""date_listed"":""Recently"",""date_closing"":null,""status"":""CLOSED"",""recruitmentCycle"":""CURRENT""}],""structured_vacancies"":[{""title"":""Profesor/a de Lengua Castellana"",""department"":""Secondary"",""source"":""Globeducate"",""source_url"":""https://www.international-school-of-turin.com"",""date_listed"":""2026-08-31T15:53:16.558Z"",""date_closing"":null,""status"":""OPEN"",""recruitmentCycle"":""CURRENT""},{""title"":""Greek Teacher"",""department"":""Secondary"",""source"":""Globeducate"",""source_url"":""https://www.international-school-of-turin.com"",""date_listed"":""2026-08-31T15:30:35.357Z"",""date_closing"":null,""status"":""OPEN"",""recruitmentCycle"":""CURRENT""},{""title"":""Early Years Practitioner | Kindergarten Teacher"",""department"":""Primary"",""source"":""Globeducate"",""source_url"":""https://www.international-school-of-turin.com"",""date_listed"":""2026-08-31T15:30:35.357Z"",""date_closing"":null,""status"":""OPEN"",""recruitmentCycle"":""CURRENT""},{""title"":""Class Teacher"",""department"":""Primary"",""source"":""Globeducate"",""source_url"":""https://www.international-school-of-turin.com"",""date_listed"":""2026-08-31T15:30:35.347Z"",""date_closing"":null,""status"":""OPEN"",""recruitmentCycle"":""CURRENT""},{""title"":""Design Technology Teacher"",""department"":""Secondary"",""source"":""Globeducate"",""source_url"":""https://www.international-school-of-turin.com"",""date_listed"":""2026-08-31T15:30:35.346Z"",""date_closing"":null,""status"":""OPEN"",""recruitmentCycle"":""CURRENT""},{""title"":""Teacher of Design Technology"",""department"":""Secondary"",""source"":""Globeducate"",""source_url"":""https://www.international-school-of-turin.com"",""date_listed"":""2026-08-31T15:30:35.346Z"",""date_closing"":null,""status"":""OPEN"",""recruitmentCycle"":""CURRENT""},{""title"":""Secondary German Teacher - Temporary Contract"",""department"":""Secondary"",""source"":""Globeducate"",""source_url"":""https://www.international-school-of-turin.com"",""date_listed"":""2026-08-31T15:30:35.345Z"",""date_closing"":null,""status"":""OPEN"",""recruitmentCycle"":""CURRENT""},{""title"":""English Teacher"",""department"":""Secondary"",""source"":""Globeducate"",""source_url"":""https://www.international-school-of-turin.com"",""date_listed"":""2026-08-31T15:30:35.344Z"",""date_closing"":null,""status"":""OPEN"",""recruitmentCycle"":""CURRENT""},{""title"":""PET And Sports Coaches"",""department"":""Secondary"",""source"":""Cognita"",""source_url"":""https://www.international-school-of-turin.com"",""date_listed"":""Recently"",""date_closing"":""31/08/2026"",""status"":""OPEN"",""recruitmentCycle"":""CURRENT""},{""title"":""Science Teacher"",""department"":""Secondary"",""source"":""Cognita"",""source_url"":""https://www.international-school-of-turin.com"",""date_listed"":""Recently"",""date_closing"":""12/06/2027"",""status"":""OPEN"",""recruitmentCycle"":""CURRENT""},{""title"":""Computer Teacher – Pre -Primary"",""department"":""Primary"",""source"":""Cognita"",""source_url"":""https://www.international-school-of-turin.com"",""date_listed"":""Recently"",""date_closing"":""30/09/2026"",""status"":""OPEN"",""recruitmentCycle"":""CURRENT""},{""title"":""School Administration Manager"",""department"":""Secondary"",""source"":""Cognita"",""source_url"":""https://www.international-school-of-turin.com"",""date_listed"":""Recently"",""date_closing"":""31/08/2026"",""status"":""OPEN"",""recruitmentCycle"":""CURRENT""},{""title"":""PE Teacher And Sports Coach"",""department"":""Secondary"",""source"":""Cognita"",""source_url"":""https://www.international-school-of-turin.com"",""date_listed"":""Recently"",""date_closing"":""31/08/2026"",""status"":""OPEN"",""recruitmentCycle"":""CURRENT""},{""title"":""Assistant Manager - Marketing"",""department"":""Secondary"",""source"":""Cognita"",""source_url"":""https://www.international-school-of-turin.com"",""date_listed"":""Recently"",""date_closing"":""17/10/2026"",""status"":""OPEN"",""recruitmentCycle"":""CURRENT""},{""title"":""Head of Nursery"",""department"":""Primary"",""source"":""Cognita"",""source_url"":""https://www.international-school-of-turin.com"",""date_listed"":""Recently"",""date_closing"":null,""status"":""CLOSED"",""recruitmentCycle"":""CURRENT""}],""total_known_vacancies"":15,""estimated_churn_percentage"":25,""leadership_vacancies_count"":0,""secondary_vacancies_count"":11,""primary_vacancies_count"":4,""leopardfishIntelAlert"":""Leopardfish Multi-Engine Audit: Stable retention pattern with 15 active vacancies detected across TES, GRC Search, and official school portals."",""churn_implications_commentary"":""Leopardfish Multi-Engine Audit: Stable retention pattern with 15 active vacancies detected across TES, GRC Search, and official school portals."",""senior_leadership_churn_percentage"":0}","2026-09-01T17:45:47.765Z","https://www.istorin.it/careers","TES, TeacherHorizons, Direct","https://www.istorin.it/careers","International School of Turin","","","{""_seconds"":1788178945,""_nanoseconds"":41000000}"
"FLIS0195","6.8","Italy","22","Genoa","Respectable","7.3","55","1:11","CIS","7.5","Community-focused school in maritime city.","7.5","8.5","5.2","None","Google","IB","65","International School of Genoa","7.5","20%","Private","","For-Profit","$3,050.00","Inspired","CIS","LFI","For-Profit","Independent Non-Profit","8.5","2026-05-26T10:41:07.835Z","0","[]","","success","true","{""_seconds"":1788076591,""_nanoseconds"":531000000}","","2026-08-30T07:56:31.530Z","https://www.isgenoa.it/careers","CIS Directory, Direct Career Page","https://www.isgenoa.it/careers","International School of Genoa","","","{""_seconds"":1788178945,""_nanoseconds"":824000000}"
"FLIS0196","8.0","Brazil","20","Sao Paulo","Highly Regarded","7.9","140","1:9","BSO/CIS","8.9","Prestigious non-profit with elite provision.","8.2","6.5","8.8","Provided","1:1 iPad","UK/IB","155","St. Paul's School Brazil","7.8","20%","Full Private","","Non-Profit","$4,200.00","Trust","BSO","LFI","Non-Profit","Trust","6.5","2026-05-26T10:41:07.835Z","0","[]","","success","true","{""_seconds"":1788076591,""_nanoseconds"":515000000}","","2026-08-30T07:56:31.514Z","https://www.stpauls.br/careers","Search Associates, LinkedIn","https://www.stpauls.br/careers","St. Paul's School Brazil","1057345","st-paul-s-school-1057345","2026-08-30T16:14:23.676Z"
"FLIS0197","7.8","Brazil","22","Rio","Highly Regarded","7.5","135","1:10","BSO","8.5","Academic leader; monitors for city safety risks.","8.0","6.0","8.1","Allowance","1:1 Device","UK/IB","150","British School Rio de Janeiro","7.5","20%","Private","","Non-Profit","$4,050.00","Independent","BSO","LFI","Non-Profit","Independent","6.0","2026-05-26T10:41:07.835Z","0","[]","","success","true","{""_seconds"":1788076593,""_nanoseconds"":358000000}","","2026-08-30T07:56:33.355Z","https://www.britishschool.g12.br/careers","Search Associates, LinkedIn","https://www.britishschool.g12.br/careers","British School Rio de Janeiro","1059187","the-british-school-rio-de-janeiro-botafogo-campus-1059187","2026-08-30T16:14:23.676Z"
"FLIS0198","8.2","Brazil","20","Sao Paulo","Highly Regarded","7.9","177","1:9","NEASC","8.8","American non-profit; exceptional tenure/savings.","8.5","6.5","9.0","Provided","1:1 Mac","US/IB","190","Graded School Sao Paulo","8.0","20%","Full Private","","Non-Profit","$4,650.00","Independent","NEASC","LFI","Non-Profit","Independent","6.5","2026-05-26T10:41:07.835Z","0","[]","","success","true","{""_seconds"":1788076594,""_nanoseconds"":964000000}","","2026-08-30T07:56:34.963Z","https://www.graded.br/employment","Search Associates, ISS","https://www.graded.br/employment","Graded School Sao Paulo","","","2026-08-30T16:14:23.677Z"
"FLIS0199","6.8","Argentina","25","B. Aires","Respectable","7.3","110","1:11","CIS","8.2","Bilingual legacy; economic volatility impacts.","7.8","6.5","6.4","None","Google","UK/IB","125","Northlands School Argentina","7.5","18%","State/Priv","","Non-Profit","$3,150.00","Foundation","CIS","LFI","Non-Profit","Foundation","6.5","2026-05-26T10:41:07.835Z","0","[]","","success","true","{""_seconds"":1788173383,""_nanoseconds"":973000000}","{""schoolId"":""FLIS0199"",""schoolName"":""Northlands School Argentina"",""category"":""INSIGHT_UNAVAILABLE"",""statusLabel"":""Low Turnover (Stable)"",""isUpdating"":false,""lastScrapedAt"":""2026-08-31T10:49:43.964Z"",""metrics"":{""estimatedStaffBase"":""110"",""totalKnownVacancies"":0,""estimatedChurnRatePercent"":0,""leadershipVacanciesCount"":0,""secondaryVacanciesCount"":0,""primaryVacanciesCount"":0,""riskRating"":""INSIGHT_UNAVAILABLE"",""leadershipChurnRatioPercent"":0,""averageYearlyTesAdverts"":0},""scrapedJobsList"":[],""vacancies_discovered"":[],""structured_vacancies"":[],""total_known_vacancies"":0,""estimated_churn_percentage"":0,""leadership_vacancies_count"":0,""secondary_vacancies_count"":0,""primary_vacancies_count"":0,""leopardfishIntelAlert"":""No active public vacancies have been detected for this institution within the current 12-month recruitment cycle. This indicates either an exceptionally high staff retention profile or the utilization of localized, non-indexed internal application portals. Quantitative stability metrics cannot be calculated at this time."",""churn_implications_commentary"":""No active public vacancies have been detected for this institution within the current 12-month recruitment cycle. This indicates either an exceptionally high staff retention profile or the utilization of localized, non-indexed internal application portals. Quantitative stability metrics cannot be calculated at this time."",""senior_leadership_churn_percentage"":0,""staffroom_commentary"":""No active public vacancies have been detected for this institution within the current 12-month recruitment cycle. This indicates either an exceptionally high staff retention profile or the utilization of localized, non-indexed internal application portals. Quantitative stability metrics cannot be calculated at this time.""}","2026-08-31T10:49:43.964Z","https://www.northlands.edu.ar/en/job-opportunities/","Search Associates, LinkedIn","https://www.northlands.edu.ar/en/job-opportunities/","Northlands School Argentina","","","2026-08-30T16:14:23.677Z"
"FLIS0200","7.8","Peru","22","Lima","Highly Regarded","7.7","160","1:11","CIS","8.5","Leading bilingual; strong non-profit heritage.","8.0","7.0","8.4","Allowance","1:1 iPad","UK/IB","175","Markham College Peru","7.5","20%","Private","","Non-Profit","$3,650.00","Trust","CIS","LFI","Non-Profit","Trust","7.0","2026-05-26T10:41:07.835Z","0","[]","","success","true","{""_seconds"":1788076591,""_nanoseconds"":145000000}","","2026-08-30T07:56:31.144Z","https://www.markham.edu.pe/careers","Search Associates, LinkedIn","https://www.markham.edu.pe/careers","Markham College Peru","1057093","markham-college-1057093","2026-08-30T16:14:23.677Z"
"FLIS0201","8.4","Oman","Avg 20; Max 22","Muscat","Highly Regarded","8.6","140","1:7","CIS, NEASC, IBO","8.6","Elite British International","8.2","9.3","9.0","Provided","Google Suite, Seesaw, 1:1 Device Program","IB (PYP, MYP, DP)","140","Sultans School","8.8","20%","Excellent health and dental","","Not-for-profit / Charity","$50k - $70k USD (Net)","Association of Parents - Board","CIS / NEASC Accreditation","LFI","Not-for-profit / Charity","Association of Parents - Board","9.3","2026-05-26T10:41:07.835Z","0","[]","","success","true","{""_seconds"":1788076591,""_nanoseconds"":813000000}","","2026-08-30T07:56:31.811Z","https://sultansschool.org","Teacher Horizons, LinkedIn","https://sultansschool.org/careers/","Sultans School","1054897","the-sultan-s-school-1054897","2026-08-30T16:53:51.948Z"
"FLIS0202","7.5","Czechia","20","Prague","Leading","8.0","95","1:10","IB / BSO","8.6","Highly Regarded British","8.4","9.5","8.2","Not Included","G-Suite / MB","IGCSE / IB DP","105","Parklane International School","7.4","20","VZP+","","For-Profit","$2,490","Private","BSO","Verified","For-Profit","Private","9.5","2026-05-26T10:41:07.835Z","0","[]","","success","true","{""_seconds"":1788188809,""_nanoseconds"":804000000}","{""schoolId"":""FLIS0202"",""schoolName"":""Parklane International School"",""category"":""MODERATE_TURNOVER"",""statusLabel"":""Moderate Turnover (Healthy)"",""isUpdating"":false,""lastScrapedAt"":""2026-08-31T15:06:46.497Z"",""metrics"":{""estimatedStaffBase"":""95"",""totalKnownVacancies"":10,""estimatedChurnRatePercent"":11,""leadershipVacanciesCount"":1,""secondaryVacanciesCount"":6,""primaryVacanciesCount"":3,""riskRating"":""MODERATE"",""leadershipChurnRatioPercent"":0,""averageYearlyTesAdverts"":10},""scrapedJobsList"":[""Early Years / Preschool Practitioner (Posted: Recently; Closes: [object Object]) - Schrole"",""Head of Middle School (Posted: Recently; Closes: [object Object]) - TES"",""Key Stage One Primary School Class Teacher (Posted: Recently; Closes: [object Object]) - TES"",""KS3 / IGCSE Mathematics Teacher (Posted: Recently; Closes: [object Object]) - TES"",""Primary PE Specialist Teacher (Posted: Recently; Closes: [object Object]) - TES"",""Secondary English as an Additional Language (Posted: Recently; Closes: [object Object]) - TES"",""Teacher of Art & Design (Posted: Recently; Closes: [object Object]) - TES"",""Teacher of English (Posted: Recently; Closes: [object Object]) - TES Jobs Archive"",""Teacher of Science (Posted: Recently; Closes: [object Object]) - TES"",""University and Careers Advisor (Posted: Recently; Closes: [object Object]) - TES""],""vacancies_discovered"":[{""title"":""Early Years / Preschool Practitioner"",""department"":""Primary"",""source"":""Schrole"",""source_url"":""https://www.parklane-is.cz"",""date_listed"":""Recently"",""date_closing"":""[object Object]"",""status"":""OPEN"",""recruitmentCycle"":""CURRENT""},{""title"":""Head of Middle School"",""department"":""Leadership"",""source"":""TES"",""source_url"":""https://www.parklane-is.cz"",""date_listed"":""Recently"",""date_closing"":""[object Object]"",""status"":""OPEN"",""recruitmentCycle"":""CURRENT""},{""title"":""Key Stage One Primary School Class Teacher"",""department"":""Primary"",""source"":""TES"",""source_url"":""https://www.parklane-is.cz"",""date_listed"":""Recently"",""date_closing"":""[object Object]"",""status"":""OPEN"",""recruitmentCycle"":""CURRENT""},{""title"":""KS3 / IGCSE Mathematics Teacher"",""department"":""Secondary"",""source"":""TES"",""source_url"":""https://www.parklane-is.cz"",""date_listed"":""Recently"",""date_closing"":""[object Object]"",""status"":""OPEN"",""recruitmentCycle"":""CURRENT""},{""title"":""Primary PE Specialist Teacher"",""department"":""Primary"",""source"":""TES"",""source_url"":""https://www.parklane-is.cz"",""date_listed"":""Recently"",""date_closing"":""[object Object]"",""status"":""OPEN"",""recruitmentCycle"":""CURRENT""},{""title"":""Secondary English as an Additional Language"",""department"":""Secondary"",""source"":""TES"",""source_url"":""https://www.parklane-is.cz"",""date_listed"":""Recently"",""date_closing"":""[object Object]"",""status"":""OPEN"",""recruitmentCycle"":""CURRENT""},{""title"":""Teacher of Art & Design"",""department"":""Secondary"",""source"":""TES"",""source_url"":""https://www.parklane-is.cz"",""date_listed"":""Recently"",""date_closing"":""[object Object]"",""status"":""OPEN"",""recruitmentCycle"":""CURRENT""},{""title"":""Teacher of Science"",""department"":""Secondary"",""source"":""TES"",""source_url"":""https://www.parklane-is.cz"",""date_listed"":""Recently"",""date_closing"":""[object Object]"",""status"":""OPEN"",""recruitmentCycle"":""CURRENT""},{""title"":""University and Careers Advisor"",""department"":""Secondary"",""source"":""TES"",""source_url"":""https://www.parklane-is.cz"",""date_listed"":""Recently"",""date_closing"":""[object Object]"",""status"":""OPEN"",""recruitmentCycle"":""CURRENT""},{""title"":""Teacher of English"",""department"":""Secondary"",""source"":""TES Jobs Archive"",""source_url"":""https://www.parklane-is.cz"",""date_listed"":""Recently"",""date_closing"":null,""status"":""CLOSED"",""recruitmentCycle"":""CURRENT""}],""structured_vacancies"":[{""title"":""Early Years / Preschool Practitioner"",""department"":""Primary"",""source"":""Schrole"",""source_url"":""https://www.parklane-is.cz"",""date_listed"":""Recently"",""date_closing"":""[object Object]"",""status"":""OPEN"",""recruitmentCycle"":""CURRENT""},{""title"":""Head of Middle School"",""department"":""Leadership"",""source"":""TES"",""source_url"":""https://www.parklane-is.cz"",""date_listed"":""Recently"",""date_closing"":""[object Object]"",""status"":""OPEN"",""recruitmentCycle"":""CURRENT""},{""title"":""Key Stage One Primary School Class Teacher"",""department"":""Primary"",""source"":""TES"",""source_url"":""https://www.parklane-is.cz"",""date_listed"":""Recently"",""date_closing"":""[object Object]"",""status"":""OPEN"",""recruitmentCycle"":""CURRENT""},{""title"":""KS3 / IGCSE Mathematics Teacher"",""department"":""Secondary"",""source"":""TES"",""source_url"":""https://www.parklane-is.cz"",""date_listed"":""Recently"",""date_closing"":""[object Object]"",""status"":""OPEN"",""recruitmentCycle"":""CURRENT""},{""title"":""Primary PE Specialist Teacher"",""department"":""Primary"",""source"":""TES"",""source_url"":""https://www.parklane-is.cz"",""date_listed"":""Recently"",""date_closing"":""[object Object]"",""status"":""OPEN"",""recruitmentCycle"":""CURRENT""},{""title"":""Secondary English as an Additional Language"",""department"":""Secondary"",""source"":""TES"",""source_url"":""https://www.parklane-is.cz"",""date_listed"":""Recently"",""date_closing"":""[object Object]"",""status"":""OPEN"",""recruitmentCycle"":""CURRENT""},{""title"":""Teacher of Art & Design"",""department"":""Secondary"",""source"":""TES"",""source_url"":""https://www.parklane-is.cz"",""date_listed"":""Recently"",""date_closing"":""[object Object]"",""status"":""OPEN"",""recruitmentCycle"":""CURRENT""},{""title"":""Teacher of Science"",""department"":""Secondary"",""source"":""TES"",""source_url"":""https://www.parklane-is.cz"",""date_listed"":""Recently"",""date_closing"":""[object Object]"",""status"":""OPEN"",""recruitmentCycle"":""CURRENT""},{""title"":""University and Careers Advisor"",""department"":""Secondary"",""source"":""TES"",""source_url"":""https://www.parklane-is.cz"",""date_listed"":""Recently"",""date_closing"":""[object Object]"",""status"":""OPEN"",""recruitmentCycle"":""CURRENT""},{""title"":""Teacher of English"",""department"":""Secondary"",""source"":""TES Jobs Archive"",""source_url"":""https://www.parklane-is.cz"",""date_listed"":""Recently"",""date_closing"":null,""status"":""CLOSED"",""recruitmentCycle"":""CURRENT""}],""total_known_vacancies"":10,""estimated_churn_percentage"":11,""leadership_vacancies_count"":1,""secondary_vacancies_count"":6,""primary_vacancies_count"":3,""leopardfishIntelAlert"":""Parklane seems to have a pretty settled teaching staff at the moment, though there's a bit of movement in the leadership team with a couple of new headship and senior appointments over the last year. Across the rest of the school, we've spotted about seven secondary roles and two primary classroom positions advertised. With eleven vacancies in total, that's about a 13.8% turnover rate, which is completely normal for an international school as standard two-year contracts come to an end. It looks like they're mostly using TES to find their new classroom teachers."",""churn_implications_commentary"":""Parklane seems to have a pretty settled teaching staff at the moment, though there's a bit of movement in the leadership team with a couple of new headship and senior appointments over the last year. Across the rest of the school, we've spotted about seven secondary roles and two primary classroom positions advertised. With eleven vacancies in total, that's about a 13.8% turnover rate, which is completely normal for an international school as standard two-year contracts come to an end. It looks like they're mostly using TES to find their new classroom teachers."",""senior_leadership_churn_percentage"":0}","2026-08-31T15:06:46.497Z","https://www.parklane-is.com/careers","Teacher Horizons, Prace.cz, LinkedIn","https://www.parklane-is.com/careers","Parklane International School","1071241","park-lane-international-school-1071241","2026-08-30T16:14:23.677Z"
"FLIS0203","7.8","Oman","Avg 22; Max 24","Muscat","Highly Regarded","8.2","110","1:9","CIS, BSME","8.1","High-End International","7.5","9.3","8.5","Comfortable furnished housing provided","HPL (High Performance Learning), Smart boards","Cambridge (iGCSE), Omani Ministry, IBDP","110","American British Academy","8.5","20%","Comprehensive private medical","","Private / Not-for-Profit model","$40k - $58k USD (Net)","Royal Patronage","CIS / Ministry of Education","LFI","Private / Not-for-Profit model","Royal Patronage","9.3","2026-05-26T10:41:07.836Z","0","[]","","success","true","{""_seconds"":1788076589,""_nanoseconds"":169000000}","","2026-08-30T07:56:29.166Z","https://www.abaoman.org","Search Associates, Schrole, Teacher Horizons, CIS / ISS","https://www.abaoman.org/community/careers","American British Academy","","","2026-08-30T16:53:52.149Z"
"FLIS0204","5.5","Austria","12","St. Gilgen","7.5","7.5","55","1:5","CIS","8.1","IB World School in St. Gilgen operating under the Cognita Group in partnership with the local non-profit foundation (St. Gilgen International School Privatstiftung).","8.3","","9.5","Full Room & Board for Boarding Staff / Allowances for Select Day Hires","Mixed LMS","IB","55","St. Gilgen International School","7.4","20%","Full coverage under Austrian statutory health insurance (ÖGK), accident insurance, and public pension contributions.","","","$3,833","Private / Cognita Group","Cognita","","Private / Cognita Group","Private / Cognita Group","8.3","2026-05-26T10:41:49.009Z","0","[]","","success","true","{""_seconds"":1788076599,""_nanoseconds"":832000000}","","2026-08-30T07:56:39.830Z","","Search Associates, Schrole, LinkedIn, Karriere.at","","St. Gilgen International School","1057170","st-gilgen-international-school-1057170","2026-08-30T16:19:07.622Z"
"FLIS0205","7.2","Austria","16","Vienna","7.8","7.8","38","1:9","IB DP, ACSI, MSA, Öffentlichkeitsrecht","7.9","US curriculum school in Vienna, Non-Profit, with 1:9 ratio and Mixed LMS.","7.8","","9.4","Housing Assistance & Relocation Recruiter Support","Mixed LMS","US Common Core & IB DP","45","International Christian School of Vienna","8.0","20%","Yes","","Non-Profit","$4,000","","ACSI / MSA","","Non-Profit","Non-Profit Independent Christian Board","7.9","2026-05-26T10:41:49.009Z","2","[{""title"":""Athletic Director"",""url"":""https://www.icsv.at/employment/vacancies/athletic-director"",""type"":""Full-Time / Part-Time"",""schoolYear"":""2027-2028"",""postedDate"":""2026-09-05T13:14:51.064Z""},{""title"":""Physical Education Teacher"",""url"":""https://www.icsv.at/employment/vacancies/physical-education"",""type"":""Full-Time / Part-Time"",""schoolYear"":""2027-2028"",""postedDate"":""2026-09-05T13:14:51.065Z""}]","","success","true","{""_seconds"":1788076694,""_nanoseconds"":98000000}","","2026-08-30T07:58:14.097Z","https://www.icsv.at","Schrole, Teacher Horizons, LinkedIn, ACSI Jobs","https://www.icsv.at/vacancies","International Christian School of Vienna","","","2026-09-05T13:14:51.065Z"
"FLIS0206","6.8","Austria","18","Velden","7.4","7.6","32","1:8","IB World","7.5","IB curriculum school in Velden, Non-Profit, with 1:8 ratio and Mixed LMS.","7.5","","9.2","No","Mixed LMS","IB","38","International School Carinthia","7.9","22%","Yes","","","$3,875","","Association","","Yes","Non-Profit","8.2","2026-05-26T10:41:49.009Z","0","[]","","success","true","{""_seconds"":1788076692,""_nanoseconds"":214000000}","","2026-08-30T07:58:12.213Z","https://isc.ac.at/we-are-isc/career/","Karriere.at, LinkedIn, Search Associates","https://isc.ac.at/we-are-isc/career/","International School Carinthia","","","2026-08-30T16:19:07.622Z"
"FLIS0207","8.5","Austria","20","Innsbruck","7.8","7.8","80","1:10","IB","7.4","IB curriculum school in Innsbruck, Public, with 1:10 ratio and Mixed LMS.","7.2","","8.7","No","Mixed LMS","IB","85","International School Innsbruck","8.1","25%","Yes","","","$4,250","","State","","Yes","Public","7.9","2026-05-26T10:41:49.009Z","0","[]","","success","true","{""_seconds"":1788076591,""_nanoseconds"":96000000}","","2026-08-30T07:56:31.095Z","","Karriere.at, Tirol.gv.at Job Portal, LinkedIn","","International School Innsbruck","","","2026-08-30T16:19:07.622Z"
"FLIS0208","8.5","Austria","18","St. Pölten","7.6","7.6","22","1:11","IB","7.2","IB curriculum school in St. Pölten, Public, with 1:11 ratio and Mixed LMS.","7.0","","8.5","Yes","Mixed LMS","IB","26","Lower Austrian International School","7.8","24%","Yes","","","$4,208","","State","","Yes","Public","7.4","2026-05-26T10:41:49.009Z","0","[]","","success","true","{""_seconds"":1788076584,""_nanoseconds"":684000000}","","2026-08-30T07:56:24.682Z","","Karriere.at, LinkedIn","","Lower Austrian International School","","","2026-08-30T16:19:07.622Z"
"FLIS0209","8.8","Austria","15","Linz","8.2","8.1","42","1:11","IB","8.2","IB curriculum school in Linz, Public, with 1:11 ratio and Mixed LMS.","7.9","","9.5","No","Mixed LMS","IB","48","Linz International School Auhof (LISA)","8.0","25%","Yes","","","$4,208","","State","","Yes","Public","7.7","2026-05-26T10:41:49.009Z","0","[]","","success","true","{""_seconds"":1788076584,""_nanoseconds"":258000000}","","2026-08-30T07:56:24.256Z","https://lisa.europagym.at/careers-lisa/","Karriere.at, Oberösterreich Bildungsdirektion Portal","https://lisa.europagym.at/careers-lisa/","Linz International School Auhof (LISA)","","","2026-08-30T16:19:07.622Z"
"FLIS0210","8.6","Austria","18","Salzburg","8.1","8.1","35","1:10","IB","8.0","IB curriculum school in Salzburg, Public, with 1:10 ratio and Mixed LMS.","7.6","","9.3","No","Mixed LMS","IB","40","SALIS - Salzburg International School","8.1","25%","Yes","","","$4,208","","State","","Yes","Public","8.1","2026-05-26T10:41:49.009Z","0","[]","","success","true","{""_seconds"":1788076587,""_nanoseconds"":795000000}","","2026-08-30T07:56:27.793Z","","Karriere.at, LinkedIn","","SALIS - Salzburg International School","","","2026-08-30T16:19:07.622Z"
"FLIS0212","5.2","Austria","12","Krumbach","7","7.3","20","1:5","IB World","7.8","UK curriculum school in Krumbach, For-Profit, with 1:5 ratio and Mixed LMS.","8.2","","9.1","Yes","Mixed LMS","UK, IBDP","25","Schloss Krumbach International School","6.9","18%","Yes","","","$3,666","","Private","","Yes","For-Profit","8.5","2026-05-26T10:41:49.009Z","0","[]","","success","true","{""_seconds"":1788076590,""_nanoseconds"":267000000}","","2026-08-30T07:56:30.266Z","https://join.com/companies/krumbach","Join.com, Karriere.at, LinkedIn","https://join.com/companies/krumbach","Schloss Krumbach International School","","","2026-08-30T16:19:07.622Z"
"FLIS0213","7.0","Austria","21","Vienna","8.2","8.1","145","1:9","IB World","8.8","IB curriculum school in Vienna, Non-Profit, with 1:9 ratio and Mixed LMS.","8.8","","9.7","€1,000 Arrival Stipend + Interest-Free Setup Loan","Mixed LMS","IB","162","Vienna International School","8.2","23%","Full coverage under Austrian statutory health insurance (ÖGK), accident insurance, and public pension contributions (Deductions ~40%-45% gross).","","Non-Profit","€67,200 - €94,794 gross/yr (14-Month Payroll Scale)","Non-Profit Independent (UN / IAEA / CTBTO Associated)","Association","","Non-Profit","Non-Profit Independent (UN / IAEA / CTBTO Associated)","7.9","2026-05-26T10:41:49.009Z","0","[]","","success","true","{""_seconds"":1788076590,""_nanoseconds"":175000000}","","2026-08-30T07:56:30.173Z","https://www.vis.ac.at/work-at-vis/current-vacancies","Schrole, Search Associates, School Website, UN Job List","https://www.vis.ac.at/work-at-vis/current-vacancies","Vienna International School","1270224","vienna-international-school-1270224","2026-08-30T16:19:07.622Z"
"FLIS0214","7.5","Bahrain","25","Manama","7.6","7.6","85","1:12","Ministry","7.6","US / IB curriculum school in Manama, For-Profit, with 1:12 ratio and Google LMS.","7.4","","9.2","Yes","Google LMS","UK/ IB","92","Arabian Pearl Gulf School","7.0","15%","Yes","","","$2,833","","Private","","Yes","For-Profit","8.5","2026-05-26T10:41:49.009Z","0","[]","","success","true","{""_seconds"":1788076586,""_nanoseconds"":4000000}","","2026-08-30T07:56:26.002Z","","LinkedIn, Gulf Talent","","Arabian Pearl Gulf School","","","2026-08-30T16:19:07.622Z"
"FLIS0215","8.8","Bahrain","20","Manama","8.3","8.3","75","1:9","CIS","8.4","US / IB curriculum school in Manama, For-Profit, with 1:9 ratio and Google LMS.","8.6","","9.5","Yes","Google LMS","US / IB","82","American School of Bahrain","7.3","20%","Yes","","","$4,000","","Esol Education","","Yes","For-Profit","8.5","2026-05-26T10:41:49.009Z","0","[]","","success","true","{""_seconds"":1788076585,""_nanoseconds"":478000000}","","2026-08-30T07:56:25.475Z","","Emerge Education Portal, Search Associates, LinkedIn, Gulf Talent","","American School of Bahrain","","","2026-08-30T16:19:07.622Z"
"FLIS0216","8.5","Bahrain","22","Juffair","8.1","8.1","110","1:9","Ministry","8.2","US / IB curriculum school in Juffair, Non-Profit, with 1:9 ratio and Microsoft LMS.","8.0","","9.4","No","Microsoft LMS","US / IB","120","Bahrain Bayan School","7.5","20%","Yes","","","$3,666","","Board","","Yes","Non-Profit","8.5","2026-05-26T10:41:49.009Z","0","[]","","success","true","{""_seconds"":1788076683,""_nanoseconds"":442000000}","","2026-08-30T07:58:03.440Z","https://www.bayanschool.edu.bh/page/view/92","Search Associates, Schrole, LinkedIn, Gulf Talent","https://www.bayanschool.edu.bh/page/view/92","Bahrain Bayan School","1075886","bahrain-bayan-school-1075886","2026-08-30T16:19:07.622Z"
"FLIS0217","7.8","Costa Rica","18","San José","Highly Regarded","8.2","45","1:8","CIS","8.2","US curriculum school in Riffa, Non-Profit, with 1:8 ratio and Google LMS.","8.2","","9.3","Provided","Google LMS","IB","50","UWC Costa Rica","7.6","22%","Yes","","","$3,800.00","","Board","","Yes","UWC","8.5","2026-08-31T14:50:39.123Z","0","[]","","success","true","{""_seconds"":1788327327,""_nanoseconds"":733000000}","{""schoolId"":""FLIS0217"",""schoolName"":""UWC Costa Rica"",""category"":""ELEVATED_TURNOVER"",""statusLabel"":""Elevated Turnover (Caution)"",""isUpdating"":false,""lastScrapedAt"":""2026-09-02T05:35:27.453Z"",""metrics"":{""estimatedStaffBase"":""45"",""totalKnownVacancies"":9,""estimatedChurnRatePercent"":20,""leadershipVacanciesCount"":1,""secondaryVacanciesCount"":8,""primaryVacanciesCount"":0,""riskRating"":""ELEVATED"",""leadershipChurnRatioPercent"":0,""averageYearlyTesAdverts"":9},""scrapedJobsList"":[""IB English A (Literature and Language & Literature) (Posted: 2026-08-31T14:50:49.921Z) - UWC"",""IB English B and Language Support Teacher (Posted: 2026-08-31T14:50:49.919Z) - UWC"",""Academic Leadership Team (Posted: Recently; Closes: [object Object]) - School Web"",""IB English A (Literature and Language & Literature) (Posted: Recently; Closes: [object Object]) - UWC"",""IB Chemistry Teacher (Secondary) (Posted: Recently; Closes: [object Object]) - School Web"",""IB English Teacher (Secondary) (Posted: Recently; Closes: [object Object]) - School Web"",""Head of School Welcome (Posted: Recently; Closes: [object Object]) - School Web"",""IB Arabic Teacher (Secondary) (Posted: Recently; Closes: [object Object]) - School Web"",""IB Math Teacher (Secondary) (Posted: Recently; Closes: [object Object]) - School Web"",""IB English B and Language Support Teacher (Posted: Recently; Closes: [object Object]) - UWC"",""IB Arabic Teacher (Posted: Recently; Closes: [object Object]) - School Web"",""IB Chemistry Teacher (Posted: Recently; Closes: [object Object]) - School Web"",""IB English A (Posted: Recently; Closes: [object Object]) - UWC"",""IB English Teacher (Posted: Recently; Closes: [object Object]) - School Web"",""IB Math Teacher (Posted: Recently; Closes: [object Object]) - School Web"",""PYP Homeroom Teacher (Posted: Recently; Closes: [object Object]) - School Web""],""vacancies_discovered"":[{""title"":""IB English A"",""department"":""Secondary"",""source"":""UWC"",""source_url"":""https://www.uwc-costa-rica.com"",""date_listed"":""2026-08-31T14:50:49.921Z"",""date_closing"":null,""status"":""OPEN"",""recruitmentCycle"":""CURRENT""},{""title"":""IB English B and Language Support Teacher"",""department"":""Secondary"",""source"":""UWC"",""source_url"":""https://www.uwc-costa-rica.com"",""date_listed"":""2026-08-31T14:50:49.919Z"",""date_closing"":null,""status"":""OPEN"",""recruitmentCycle"":""CURRENT""},{""title"":""Academic Leadership Team"",""department"":""Secondary"",""source"":""School Web"",""source_url"":""https://www.uwc-costa-rica.com"",""date_listed"":""Recently"",""date_closing"":""[object Object]"",""status"":""OPEN"",""recruitmentCycle"":""CURRENT""},{""title"":""IB Chemistry Teacher"",""department"":""Secondary"",""source"":""School Web"",""source_url"":""https://www.uwc-costa-rica.com"",""date_listed"":""Recently"",""date_closing"":""[object Object]"",""status"":""OPEN"",""recruitmentCycle"":""CURRENT""},{""title"":""IB English Teacher"",""department"":""Secondary"",""source"":""School Web"",""source_url"":""https://www.uwc-costa-rica.com"",""date_listed"":""Recently"",""date_closing"":""[object Object]"",""status"":""OPEN"",""recruitmentCycle"":""CURRENT""},{""title"":""Head of School Welcome"",""department"":""Leadership"",""source"":""School Web"",""source_url"":""https://www.uwc-costa-rica.com"",""date_listed"":""Recently"",""date_closing"":""[object Object]"",""status"":""OPEN"",""recruitmentCycle"":""CURRENT""},{""title"":""IB Arabic Teacher"",""department"":""Secondary"",""source"":""School Web"",""source_url"":""https://www.uwc-costa-rica.com"",""date_listed"":""Recently"",""date_closing"":""[object Object]"",""status"":""OPEN"",""recruitmentCycle"":""CURRENT""},{""title"":""IB Math Teacher"",""department"":""Secondary"",""source"":""School Web"",""source_url"":""https://www.uwc-costa-rica.com"",""date_listed"":""Recently"",""date_closing"":""[object Object]"",""status"":""OPEN"",""recruitmentCycle"":""CURRENT""},{""title"":""PYP Homeroom Teacher"",""department"":""Secondary"",""source"":""School Web"",""source_url"":""https://www.uwc-costa-rica.com"",""date_listed"":""Recently"",""date_closing"":""[object Object]"",""status"":""OPEN"",""recruitmentCycle"":""CURRENT""}],""structured_vacancies"":[{""title"":""IB English A"",""department"":""Secondary"",""source"":""UWC"",""source_url"":""https://www.uwc-costa-rica.com"",""date_listed"":""2026-08-31T14:50:49.921Z"",""date_closing"":null,""status"":""OPEN"",""recruitmentCycle"":""CURRENT""},{""title"":""IB English B and Language Support Teacher"",""department"":""Secondary"",""source"":""UWC"",""source_url"":""https://www.uwc-costa-rica.com"",""date_listed"":""2026-08-31T14:50:49.919Z"",""date_closing"":null,""status"":""OPEN"",""recruitmentCycle"":""CURRENT""},{""title"":""Academic Leadership Team"",""department"":""Secondary"",""source"":""School Web"",""source_url"":""https://www.uwc-costa-rica.com"",""date_listed"":""Recently"",""date_closing"":""[object Object]"",""status"":""OPEN"",""recruitmentCycle"":""CURRENT""},{""title"":""IB Chemistry Teacher"",""department"":""Secondary"",""source"":""School Web"",""source_url"":""https://www.uwc-costa-rica.com"",""date_listed"":""Recently"",""date_closing"":""[object Object]"",""status"":""OPEN"",""recruitmentCycle"":""CURRENT""},{""title"":""IB English Teacher"",""department"":""Secondary"",""source"":""School Web"",""source_url"":""https://www.uwc-costa-rica.com"",""date_listed"":""Recently"",""date_closing"":""[object Object]"",""status"":""OPEN"",""recruitmentCycle"":""CURRENT""},{""title"":""Head of School Welcome"",""department"":""Leadership"",""source"":""School Web"",""source_url"":""https://www.uwc-costa-rica.com"",""date_listed"":""Recently"",""date_closing"":""[object Object]"",""status"":""OPEN"",""recruitmentCycle"":""CURRENT""},{""title"":""IB Arabic Teacher"",""department"":""Secondary"",""source"":""School Web"",""source_url"":""https://www.uwc-costa-rica.com"",""date_listed"":""Recently"",""date_closing"":""[object Object]"",""status"":""OPEN"",""recruitmentCycle"":""CURRENT""},{""title"":""IB Math Teacher"",""department"":""Secondary"",""source"":""School Web"",""source_url"":""https://www.uwc-costa-rica.com"",""date_listed"":""Recently"",""date_closing"":""[object Object]"",""status"":""OPEN"",""recruitmentCycle"":""CURRENT""},{""title"":""PYP Homeroom Teacher"",""department"":""Secondary"",""source"":""School Web"",""source_url"":""https://www.uwc-costa-rica.com"",""date_listed"":""Recently"",""date_closing"":""[object Object]"",""status"":""OPEN"",""recruitmentCycle"":""CURRENT""}],""total_known_vacancies"":9,""estimated_churn_percentage"":20,""leadership_vacancies_count"":1,""secondary_vacancies_count"":8,""primary_vacancies_count"":0,""leopardfishIntelAlert"":""Leopardfish Multi-Engine Audit: 9 active vacancies detected across TES, GRC Search, and official school portals (20% estimated annual staff turnover)."",""churn_implications_commentary"":""Leopardfish Multi-Engine Audit: 9 active vacancies detected across TES, GRC Search, and official school portals (20% estimated annual staff turnover)."",""senior_leadership_churn_percentage"":0}","2026-09-02T05:35:27.453Z","https://uwccostarica.org","Search Associates, Schrole, ISS, LinkedIn","https://www.rvis.edu.bh/careers","UWC Costa Rica","1075656","riffa-views-international-school-1075656","2026-08-30T16:19:07.622Z"
"FLIS0218","8.0","Bahrain","22","Riffa","7.9","7.9","95","1:10","CIS","8.0","IB curriculum school in Riffa, For-Profit, with 1:10 ratio and Google LMS.","7.8","","9.2","Yes","Google LMS","IB","105","Naseem International School","7.2","18%","Yes","","","$3,166","","Private","","Yes","For-Profit","8.5","2026-05-26T10:41:49.009Z","0","[]","","success","true","{""_seconds"":1788076582,""_nanoseconds"":534000000}","","2026-08-30T07:56:22.533Z","","Teacher Horizons, LinkedIn, Gulf Talent","","Naseem International School","","","2026-08-30T16:19:07.622Z"
"FLIS0219","7.9","Malaysia","25","Shah Alam","Highly Regarded","7.4","155","1:13","Ministry","8.1","US curriculum school in Salmabad, For-Profit, with 1:13 ratio and Mixed LMS.","7.2","","9.1","Provided","Mixed LMS","British / IB","155","Tenby International School Setia Eco Park","7.0","15%","Yes","","","$3,400.00","","Britus Education","","Yes","International Schools Partnership","8.8","2026-05-26T10:41:49.009Z","0","[]","","success","true","{""_seconds"":1788360142,""_nanoseconds"":106000000}","{""schoolId"":""FLIS0219"",""schoolName"":""Tenby International School Setia Eco Park"",""category"":""MODERATE_TURNOVER"",""statusLabel"":""Moderate Turnover (Healthy)"",""isUpdating"":false,""lastScrapedAt"":""2026-09-02T14:42:21.781Z"",""metrics"":{""estimatedStaffBase"":""155"",""totalKnownVacancies"":17,""estimatedChurnRatePercent"":11,""leadershipVacanciesCount"":0,""secondaryVacanciesCount"":15,""primaryVacanciesCount"":2,""riskRating"":""MODERATE"",""leadershipChurnRatioPercent"":0,""averageYearlyTesAdverts"":17},""scrapedJobsList"":[""Design and Technology Teacher (Posted: 2026-08-31T15:06:29.998Z) - ISP"",""EAL Teacher (Posted: 2026-08-31T15:06:29.987Z) - ISP"",""Head of Art (Posted: 2026-08-31T15:06:30.000Z) - ISP"",""Primary Teacher (Posted: 2026-08-31T15:06:29.984Z) - ISP"",""Mathematics Teacher (Posted: 2026-08-31T15:06:29.989Z) - ISP"",""Humanities Teacher (Posted: 2026-08-31T15:06:30.000Z) - ISP"",""ICT Cover Teacher (Posted: 2026-08-31T15:06:29.980Z) - ISP"",""English Teacher (Posted: 2026-08-31T15:06:29.991Z) - ISP"",""Science Teacher (Maternity Cover) (Posted: 2026-08-31T15:06:30.001Z) - ISP"",""Economics Teacher (Posted: 2026-08-31T15:06:29.979Z) - ISP"",""Maths Teacher (National) (Posted: 2026-08-31T15:06:29.999Z) - ISP"",""Intern (Posted: 2026-08-31T15:06:30.000Z) - ISP"",""ART TEACHER (Posted: 2026-08-31T15:06:29.995Z) - ISP"",""Teacher (Posted: 2026-08-31T15:06:29.985Z) - ISP"",""Head of Physical Education (Primary) (Posted: 2026-08-31T15:06:29.989Z) - ISP"",""Head of Design Technology (Posted: 2026-08-31T15:06:29.989Z) - ISP"",""Head of Primary (Posted: 2026-08-31T15:06:30.000Z) - ISP"",""English Teacher IGCSE (Posted: 2026-08-31T15:06:29.991Z) - ISP"",""SEN Teacher (Posted: 2026-08-31T15:06:29.988Z) - ISP"",""Head of Mathematics (Posted: 2026-08-31T15:06:30.000Z) - ISP"",""Design and Technology Teacher (Posted: Recently; Closes: [object Object]) - ISP"",""EAL Teacher (Posted: Recently; Closes: [object Object]) - ISP"",""Head of Art (Posted: Recently; Closes: [object Object]) - ISP"",""Primary Teacher (Posted: Recently; Closes: [object Object]) - ISP"",""Mathematics Teacher (Posted: Recently; Closes: [object Object]) - ISP"",""Humanities Teacher (Posted: Recently; Closes: [object Object]) - ISP"",""ICT Cover Teacher (Posted: Recently; Closes: [object Object]) - ISP"",""English Teacher (Posted: Recently; Closes: [object Object]) - ISP"",""Science Teacher (Maternity Cover) (Posted: Recently; Closes: [object Object]) - ISP"",""Economics Teacher (Posted: Recently; Closes: [object Object]) - ISP"",""Maths Teacher (National) (Posted: Recently; Closes: [object Object]) - ISP"",""Intern (Posted: Recently; Closes: [object Object]) - ISP"",""ART TEACHER (Posted: Recently; Closes: [object Object]) - ISP"",""Teacher (Posted: Recently; Closes: [object Object]) - ISP"",""Head of Physical Education (Primary) (Posted: Recently; Closes: [object Object]) - ISP"",""Head of Design Technology (Posted: Recently; Closes: [object Object]) - ISP"",""Head of Primary (Posted: Recently; Closes: [object Object]) - ISP"",""English Teacher IGCSE (Posted: Recently; Closes: [object Object]) - ISP"",""SEN Teacher (Posted: Recently; Closes: [object Object]) - ISP"",""Head of Mathematics (Posted: Recently; Closes: [object Object]) - ISP"",""Head of Physical Education (Posted: Recently; Closes: [object Object]) - ISP"",""Science Teacher (Posted: Recently; Closes: [object Object]) - ISP""],""vacancies_discovered"":[{""title"":""Science Teacher"",""department"":""Secondary"",""source"":""ISP"",""source_url"":""https://www.tenby-international-school-setia-eco-park.com"",""date_listed"":""2026-08-31T15:06:30.001Z"",""date_closing"":null,""status"":""OPEN"",""recruitmentCycle"":""CURRENT""},{""title"":""Head of Art"",""department"":""Secondary"",""source"":""ISP"",""source_url"":""https://www.tenby-international-school-setia-eco-park.com"",""date_listed"":""2026-08-31T15:06:30.000Z"",""date_closing"":null,""status"":""OPEN"",""recruitmentCycle"":""CURRENT""},{""title"":""Humanities Teacher"",""department"":""Secondary"",""source"":""ISP"",""source_url"":""https://www.tenby-international-school-setia-eco-park.com"",""date_listed"":""2026-08-31T15:06:30.000Z"",""date_closing"":null,""status"":""OPEN"",""recruitmentCycle"":""CURRENT""},{""title"":""Intern"",""department"":""Secondary"",""source"":""ISP"",""source_url"":""https://www.tenby-international-school-setia-eco-park.com"",""date_listed"":""2026-08-31T15:06:30.000Z"",""date_closing"":null,""status"":""OPEN"",""recruitmentCycle"":""CURRENT""},{""title"":""Head of Primary"",""department"":""Primary"",""source"":""ISP"",""source_url"":""https://www.tenby-international-school-setia-eco-park.com"",""date_listed"":""2026-08-31T15:06:30.000Z"",""date_closing"":null,""status"":""OPEN"",""recruitmentCycle"":""CURRENT""},{""title"":""Head of Mathematics"",""department"":""Secondary"",""source"":""ISP"",""source_url"":""https://www.tenby-international-school-setia-eco-park.com"",""date_listed"":""2026-08-31T15:06:30.000Z"",""date_closing"":null,""status"":""OPEN"",""recruitmentCycle"":""CURRENT""},{""title"":""Design and Technology Teacher"",""department"":""Secondary"",""source"":""ISP"",""source_url"":""https://www.tenby-international-school-setia-eco-park.com"",""date_listed"":""2026-08-31T15:06:29.998Z"",""date_closing"":null,""status"":""OPEN"",""recruitmentCycle"":""CURRENT""},{""title"":""ART TEACHER"",""department"":""Secondary"",""source"":""ISP"",""source_url"":""https://www.tenby-international-school-setia-eco-park.com"",""date_listed"":""2026-08-31T15:06:29.995Z"",""date_closing"":null,""status"":""OPEN"",""recruitmentCycle"":""CURRENT""},{""title"":""English Teacher"",""department"":""Secondary"",""source"":""ISP"",""source_url"":""https://www.tenby-international-school-setia-eco-park.com"",""date_listed"":""2026-08-31T15:06:29.991Z"",""date_closing"":null,""status"":""OPEN"",""recruitmentCycle"":""CURRENT""},{""title"":""Mathematics Teacher"",""department"":""Secondary"",""source"":""ISP"",""source_url"":""https://www.tenby-international-school-setia-eco-park.com"",""date_listed"":""2026-08-31T15:06:29.989Z"",""date_closing"":null,""status"":""OPEN"",""recruitmentCycle"":""CURRENT""},{""title"":""Head of Physical Education"",""department"":""Secondary"",""source"":""ISP"",""source_url"":""https://www.tenby-international-school-setia-eco-park.com"",""date_listed"":""2026-08-31T15:06:29.989Z"",""date_closing"":null,""status"":""OPEN"",""recruitmentCycle"":""CURRENT""},{""title"":""Head of Design Technology"",""department"":""Secondary"",""source"":""ISP"",""source_url"":""https://www.tenby-international-school-setia-eco-park.com"",""date_listed"":""2026-08-31T15:06:29.989Z"",""date_closing"":null,""status"":""OPEN"",""recruitmentCycle"":""CURRENT""},{""title"":""SEN Teacher"",""department"":""Secondary"",""source"":""ISP"",""source_url"":""https://www.tenby-international-school-setia-eco-park.com"",""date_listed"":""2026-08-31T15:06:29.988Z"",""date_closing"":null,""status"":""OPEN"",""recruitmentCycle"":""CURRENT""},{""title"":""EAL Teacher"",""department"":""Secondary"",""source"":""ISP"",""source_url"":""https://www.tenby-international-school-setia-eco-park.com"",""date_listed"":""2026-08-31T15:06:29.987Z"",""date_closing"":null,""status"":""OPEN"",""recruitmentCycle"":""CURRENT""},{""title"":""Primary Teacher"",""department"":""Primary"",""source"":""ISP"",""source_url"":""https://www.tenby-international-school-setia-eco-park.com"",""date_listed"":""2026-08-31T15:06:29.984Z"",""date_closing"":null,""status"":""OPEN"",""recruitmentCycle"":""CURRENT""},{""title"":""ICT Cover Teacher"",""department"":""Secondary"",""source"":""ISP"",""source_url"":""https://www.tenby-international-school-setia-eco-park.com"",""date_listed"":""2026-08-31T15:06:29.980Z"",""date_closing"":null,""status"":""OPEN"",""recruitmentCycle"":""CURRENT""},{""title"":""Economics Teacher"",""department"":""Secondary"",""source"":""ISP"",""source_url"":""https://www.tenby-international-school-setia-eco-park.com"",""date_listed"":""2026-08-31T15:06:29.979Z"",""date_closing"":null,""status"":""OPEN"",""recruitmentCycle"":""CURRENT""}],""structured_vacancies"":[{""title"":""Science Teacher"",""department"":""Secondary"",""source"":""ISP"",""source_url"":""https://www.tenby-international-school-setia-eco-park.com"",""date_listed"":""2026-08-31T15:06:30.001Z"",""date_closing"":null,""status"":""OPEN"",""recruitmentCycle"":""CURRENT""},{""title"":""Head of Art"",""department"":""Secondary"",""source"":""ISP"",""source_url"":""https://www.tenby-international-school-setia-eco-park.com"",""date_listed"":""2026-08-31T15:06:30.000Z"",""date_closing"":null,""status"":""OPEN"",""recruitmentCycle"":""CURRENT""},{""title"":""Humanities Teacher"",""department"":""Secondary"",""source"":""ISP"",""source_url"":""https://www.tenby-international-school-setia-eco-park.com"",""date_listed"":""2026-08-31T15:06:30.000Z"",""date_closing"":null,""status"":""OPEN"",""recruitmentCycle"":""CURRENT""},{""title"":""Intern"",""department"":""Secondary"",""source"":""ISP"",""source_url"":""https://www.tenby-international-school-setia-eco-park.com"",""date_listed"":""2026-08-31T15:06:30.000Z"",""date_closing"":null,""status"":""OPEN"",""recruitmentCycle"":""CURRENT""},{""title"":""Head of Primary"",""department"":""Primary"",""source"":""ISP"",""source_url"":""https://www.tenby-international-school-setia-eco-park.com"",""date_listed"":""2026-08-31T15:06:30.000Z"",""date_closing"":null,""status"":""OPEN"",""recruitmentCycle"":""CURRENT""},{""title"":""Head of Mathematics"",""department"":""Secondary"",""source"":""ISP"",""source_url"":""https://www.tenby-international-school-setia-eco-park.com"",""date_listed"":""2026-08-31T15:06:30.000Z"",""date_closing"":null,""status"":""OPEN"",""recruitmentCycle"":""CURRENT""},{""title"":""Design and Technology Teacher"",""department"":""Secondary"",""source"":""ISP"",""source_url"":""https://www.tenby-international-school-setia-eco-park.com"",""date_listed"":""2026-08-31T15:06:29.998Z"",""date_closing"":null,""status"":""OPEN"",""recruitmentCycle"":""CURRENT""},{""title"":""ART TEACHER"",""department"":""Secondary"",""source"":""ISP"",""source_url"":""https://www.tenby-international-school-setia-eco-park.com"",""date_listed"":""2026-08-31T15:06:29.995Z"",""date_closing"":null,""status"":""OPEN"",""recruitmentCycle"":""CURRENT""},{""title"":""English Teacher"",""department"":""Secondary"",""source"":""ISP"",""source_url"":""https://www.tenby-international-school-setia-eco-park.com"",""date_listed"":""2026-08-31T15:06:29.991Z"",""date_closing"":null,""status"":""OPEN"",""recruitmentCycle"":""CURRENT""},{""title"":""Mathematics Teacher"",""department"":""Secondary"",""source"":""ISP"",""source_url"":""https://www.tenby-international-school-setia-eco-park.com"",""date_listed"":""2026-08-31T15:06:29.989Z"",""date_closing"":null,""status"":""OPEN"",""recruitmentCycle"":""CURRENT""},{""title"":""Head of Physical Education"",""department"":""Secondary"",""source"":""ISP"",""source_url"":""https://www.tenby-international-school-setia-eco-park.com"",""date_listed"":""2026-08-31T15:06:29.989Z"",""date_closing"":null,""status"":""OPEN"",""recruitmentCycle"":""CURRENT""},{""title"":""Head of Design Technology"",""department"":""Secondary"",""source"":""ISP"",""source_url"":""https://www.tenby-international-school-setia-eco-park.com"",""date_listed"":""2026-08-31T15:06:29.989Z"",""date_closing"":null,""status"":""OPEN"",""recruitmentCycle"":""CURRENT""},{""title"":""SEN Teacher"",""department"":""Secondary"",""source"":""ISP"",""source_url"":""https://www.tenby-international-school-setia-eco-park.com"",""date_listed"":""2026-08-31T15:06:29.988Z"",""date_closing"":null,""status"":""OPEN"",""recruitmentCycle"":""CURRENT""},{""title"":""EAL Teacher"",""department"":""Secondary"",""source"":""ISP"",""source_url"":""https://www.tenby-international-school-setia-eco-park.com"",""date_listed"":""2026-08-31T15:06:29.987Z"",""date_closing"":null,""status"":""OPEN"",""recruitmentCycle"":""CURRENT""},{""title"":""Primary Teacher"",""department"":""Primary"",""source"":""ISP"",""source_url"":""https://www.tenby-international-school-setia-eco-park.com"",""date_listed"":""2026-08-31T15:06:29.984Z"",""date_closing"":null,""status"":""OPEN"",""recruitmentCycle"":""CURRENT""},{""title"":""ICT Cover Teacher"",""department"":""Secondary"",""source"":""ISP"",""source_url"":""https://www.tenby-international-school-setia-eco-park.com"",""date_listed"":""2026-08-31T15:06:29.980Z"",""date_closing"":null,""status"":""OPEN"",""recruitmentCycle"":""CURRENT""},{""title"":""Economics Teacher"",""department"":""Secondary"",""source"":""ISP"",""source_url"":""https://www.tenby-international-school-setia-eco-park.com"",""date_listed"":""2026-08-31T15:06:29.979Z"",""date_closing"":null,""status"":""OPEN"",""recruitmentCycle"":""CURRENT""}],""total_known_vacancies"":17,""estimated_churn_percentage"":11,""leadership_vacancies_count"":0,""secondary_vacancies_count"":15,""primary_vacancies_count"":2,""leopardfishIntelAlert"":""Leopardfish Multi-Engine Audit: Stable retention pattern with 17 active vacancies detected across TES, GRC Search, and official school portals."",""churn_implications_commentary"":""Leopardfish Multi-Engine Audit: Stable retention pattern with 17 active vacancies detected across TES, GRC Search, and official school portals."",""senior_leadership_churn_percentage"":0}","2026-09-02T14:42:21.781Z","https://tenby.edu.sg","Britus Educational Portal, Gulf Talent, LinkedIn","","Tenby International School Setia Eco Park","","","2026-08-30T16:19:07.622Z"
"FLIS0220","8.0","United Arab Emirates","22","Dubai","Highly Regarded","7.6","55","1:10","Ministry","8.0","UK curriculum school in Manama, For-Profit, with 1:10 ratio and Microsoft LMS.","7.5","","9.0","Provided","Microsoft LMS","American","62","Nibras International School","7.1","16%","Yes","","","$4,500.00","","Private","","Yes","International Schools Partnership","9.8","2026-05-26T10:41:49.010Z","0","[]","","success","true","{""_seconds"":1788076586,""_nanoseconds"":572000000}","","2026-08-30T07:56:26.570Z","https://nisdubai.ae","Teach Away, LinkedIn, Gulf Talent","https://mns-bahrain.com/career.php","Nibras International School","1178513","multinational-school-bahrain-1178513","2026-08-30T16:19:07.622Z"
"FLIS0221","8.0","Italy","22","Milan","Highly Regarded","8.0","60","1:10","BISA","8.2","UK curriculum school in Manama, For-Profit, with 1:10 ratio and Google LMS.","7.8","","9.4","Provided","Google LMS","IB","68","ICS Milan International School","7.6","20%","Yes","","","$3,900.00","","Inspired","","Yes","Globeducate","8.9","2026-05-26T10:41:49.010Z","0","[]","","success","true","{""_seconds"":1788291316,""_nanoseconds"":490000000}","{""schoolId"":""FLIS0221"",""schoolName"":""ICS Milan International School"",""category"":""LOW_TURNOVER"",""statusLabel"":""Low Turnover (Stable)"",""isUpdating"":false,""lastScrapedAt"":""2026-09-01T19:35:15.049Z"",""metrics"":{""estimatedStaffBase"":""60"",""totalKnownVacancies"":5,""estimatedChurnRatePercent"":8,""leadershipVacanciesCount"":0,""secondaryVacanciesCount"":3,""primaryVacanciesCount"":2,""riskRating"":""LOW"",""leadershipChurnRatioPercent"":0,""averageYearlyTesAdverts"":5},""scrapedJobsList"":[""Early Years Teacher (Posted: 2026-09-01T17:49:24.466Z) - Globeducate"",""Physics Teacher | September or January start (Posted: 2026-09-01T17:49:24.466Z) - Globeducate"",""Primary Teacher (August 2026)Nadeen School, DilmuniaJob overview Nadeen School, rated Outstanding by BQA and BSO, is a British premium school with a state-of-the-art campus that fosters excellence in education. We are seeking a passionate and dedicated Primary Teacher to join our dynamic team. The... (Posted: Recently; Closes: [object Object]) - TES"",""Secondary PE Teacher (August 2026)Nadeen School, BahrainJob overview Nadeen School, rated Outstanding by BQA and BSO, is a British premium school with a state-of-the-art campus that fosters excellence in education. We are seeking a passionate and dedicated Secondary PE Teacher to join our dynamic... (Posted: Recently; Closes: [object Object]) - TES"",""Secondary PE Teacher (August 2026) (Posted: Recently; Closes: [object Object]) - TES"",""Primary Teacher (Posted: Recently; Closes: [object Object]) - TES"",""Secondary PE Teacher (August 2026)Nadeen School, BahrainJob overview Nadeen School, rated Outstanding by BQA and BSO, is a British premium school with a state-of-the-art campus that fosters excellence in education. We are seeking a passionate and dedicated Secondary PE Teacher to join our dynamic... (Posted: Recently; Closes: 2026-09-06) - TES"",""FS Teacher - available immediately (Posted: Recently; Closes: [object Object]) - TES"",""Secondary PE Teacher (Posted: Recently; Closes: [object Object]) - TES"",""FS Teacher - available immediatelyNadeen School, DilmuniaJob overview Nadeen School, rated Outstanding by BQA and BSO, is a British premium school with a state-of-the-art campus that fosters excellence in education. We are seeking a passionate and dedicated FS Teacher to join our dynamic team. The... (Posted: Recently; Closes: [object Object]) - TES"",""Primary Teacher (August 2026) (Posted: Recently; Closes: [object Object]) - TES"",""Early Years Teacher (Posted: Recently; Closes: [object Object]) - Globeducate"",""Physics Teacher | September or January start (Posted: Recently; Closes: [object Object]) - Globeducate""],""vacancies_discovered"":[{""title"":""Early Years Teacher"",""department"":""Primary"",""source"":""Globeducate"",""source_url"":""https://www.ics-milan-international-school.com"",""date_listed"":""2026-09-01T17:49:24.466Z"",""date_closing"":null,""status"":""OPEN"",""recruitmentCycle"":""CURRENT""},{""title"":""Physics Teacher | September or January start"",""department"":""Secondary"",""source"":""Globeducate"",""source_url"":""https://www.ics-milan-international-school.com"",""date_listed"":""2026-09-01T17:49:24.466Z"",""date_closing"":null,""status"":""OPEN"",""recruitmentCycle"":""CURRENT""},{""title"":""Primary Teacher"",""department"":""Primary"",""source"":""TES"",""source_url"":""https://www.ics-milan-international-school.com"",""date_listed"":""August 2026"",""date_closing"":null,""status"":""OPEN"",""recruitmentCycle"":""CURRENT""},{""title"":""Secondary PE Teacher"",""department"":""Secondary"",""source"":""TES"",""source_url"":""https://www.ics-milan-international-school.com"",""date_listed"":""August 2026"",""date_closing"":null,""status"":""OPEN"",""recruitmentCycle"":""CURRENT""},{""title"":""FS Teacher - available immediately"",""department"":""Secondary"",""source"":""TES"",""source_url"":""https://www.ics-milan-international-school.com"",""date_listed"":""Recently"",""date_closing"":""[object Object]"",""status"":""OPEN"",""recruitmentCycle"":""CURRENT""}],""structured_vacancies"":[{""title"":""Early Years Teacher"",""department"":""Primary"",""source"":""Globeducate"",""source_url"":""https://www.ics-milan-international-school.com"",""date_listed"":""2026-09-01T17:49:24.466Z"",""date_closing"":null,""status"":""OPEN"",""recruitmentCycle"":""CURRENT""},{""title"":""Physics Teacher | September or January start"",""department"":""Secondary"",""source"":""Globeducate"",""source_url"":""https://www.ics-milan-international-school.com"",""date_listed"":""2026-09-01T17:49:24.466Z"",""date_closing"":null,""status"":""OPEN"",""recruitmentCycle"":""CURRENT""},{""title"":""Primary Teacher"",""department"":""Primary"",""source"":""TES"",""source_url"":""https://www.ics-milan-international-school.com"",""date_listed"":""August 2026"",""date_closing"":null,""status"":""OPEN"",""recruitmentCycle"":""CURRENT""},{""title"":""Secondary PE Teacher"",""department"":""Secondary"",""source"":""TES"",""source_url"":""https://www.ics-milan-international-school.com"",""date_listed"":""August 2026"",""date_closing"":null,""status"":""OPEN"",""recruitmentCycle"":""CURRENT""},{""title"":""FS Teacher - available immediately"",""department"":""Secondary"",""source"":""TES"",""source_url"":""https://www.ics-milan-international-school.com"",""date_listed"":""Recently"",""date_closing"":""[object Object]"",""status"":""OPEN"",""recruitmentCycle"":""CURRENT""}],""total_known_vacancies"":5,""estimated_churn_percentage"":8,""leadership_vacancies_count"":0,""secondary_vacancies_count"":3,""primary_vacancies_count"":2,""leopardfishIntelAlert"":""Leopardfish Multi-Engine Audit: Stable retention pattern with 5 active vacancies detected across TES, GRC Search, and official school portals."",""churn_implications_commentary"":""Leopardfish Multi-Engine Audit: Stable retention pattern with 5 active vacancies detected across TES, GRC Search, and official school portals."",""senior_leadership_churn_percentage"":0}","2026-09-01T19:35:15.049Z","https://icsmilan.com","Teacher Horizons, LinkedIn, Gulf Talent","https://nadeenschool.com/join-our-family/#join_team","ICS Milan International School","1062752","nadeen-school-1062752","2026-08-30T16:19:07.622Z"
"FLIS0222","8.1","Spain","26","Barcelona","Highly Regarded","7.3","40","1:14","Ministry","8.3","UK curriculum school in Juffair, For-Profit, with 1:14 ratio and Microsoft LMS.","7.0","","8.8","Provided","Microsoft LMS","IB / Spanish","45","Agora Sant Cugat International School","6.8","14%","Yes","","","$3,600.00","","Private","","Yes","Globeducate","9.2","2026-05-26T10:41:49.010Z","0","[]","","success","true","{""_seconds"":1788076581,""_nanoseconds"":491000000}","","2026-08-30T07:56:21.489Z","https://agorasantcugat.edu.es","Gulf Talent, LinkedIn","","Agora Sant Cugat International School","","","2026-08-30T16:19:07.623Z"
"FLIS0223","7.9","Portugal","20","Lagoa","Highly Regarded","8.0","75","1:9","CIS","8.0","UK / IB curriculum school in Riffa, Non-Profit, with 1:9 ratio and Microsoft LMS.","7.6","","9.3","Provided","Microsoft LMS","British","82","Nobel Algarve British International School","7.4","20%","Yes","","","$3,400.00","","Board","","Yes","Globeducate","9.5","2026-05-26T10:41:49.010Z","0","[]","","success","true","{""_seconds"":1788076580,""_nanoseconds"":767000000}","","2026-08-30T07:56:20.765Z","https://nobelalgarve.com","LinkedIn, Gulf Talent","","Nobel Algarve British International School","","","2026-08-30T16:19:07.623Z"
"FLIS0224","9.0","Bahrain","23","Isa Town","8.4","8.4","155","1:10","BSME","8.7","UK curriculum school in Isa Town, Non-Profit, with 1:10 ratio and Mixed LMS.","8.5","","9.7","No","Mixed LMS","UK","170","St Christopher's School","7.5","20%","Yes","","","$4,333","","Association","","Yes","Non-Profit","8.5","2026-05-26T10:41:49.010Z","0","[]","","success","true","{""_seconds"":1788164344,""_nanoseconds"":789000000}","{""schoolId"":""FLIS0224"",""schoolName"":""St Christopher's School"",""category"":""LOW_TURNOVER"",""statusLabel"":""Low Turnover (Stable)"",""isUpdating"":false,""lastScrapedAt"":""2026-08-31T08:19:03.360Z"",""metrics"":{""estimatedStaffBase"":""155"",""totalKnownVacancies"":1,""estimatedChurnRatePercent"":1,""leadershipVacanciesCount"":0,""secondaryVacanciesCount"":1,""primaryVacanciesCount"":0,""riskRating"":""LOW"",""leadershipChurnRatioPercent"":0,""averageYearlyTesAdverts"":1},""scrapedJobsList"":[""Vacancy at St Christopher's School (Posted: Recently; Closes: [object Object]) - School ATS Portal""],""vacancies_discovered"":[{""title"":""Vacancy at St Christopher's School"",""department"":""Secondary"",""source"":""School ATS Portal"",""source_url"":""https://www.st-christophers-school.com"",""date_listed"":""Recently"",""date_closing"":""[object Object]"",""status"":""OPEN"",""recruitmentCycle"":""CURRENT""}],""structured_vacancies"":[{""title"":""Vacancy at St Christopher's School"",""department"":""Secondary"",""source"":""School ATS Portal"",""source_url"":""https://www.st-christophers-school.com"",""date_listed"":""Recently"",""date_closing"":""[object Object]"",""status"":""OPEN"",""recruitmentCycle"":""CURRENT""}],""total_known_vacancies"":1,""estimated_churn_percentage"":1,""leadership_vacancies_count"":0,""secondary_vacancies_count"":1,""primary_vacancies_count"":0,""leopardfishIntelAlert"":""Leopardfish Multi-Engine Audit: Stable retention pattern with 1 active vacancies detected across TES, GRC Search, and official school portals."",""churn_implications_commentary"":""Leopardfish Multi-Engine Audit: Stable retention pattern with 1 active vacancies detected across TES, GRC Search, and official school portals."",""senior_leadership_churn_percentage"":0}","2026-08-31T08:19:03.360Z","https://st-chris.schoolrecruiter.com/","SchoolRecruiter Portal, Search Associates, LinkedIn","https://st-chris.schoolrecruiter.com/","St Christopher's School","1170107","st-christopher-s-school-primary-1170107","2026-08-30T16:19:07.623Z"
"FLIS0225","8.2","Belgium","18","Ekeren","8.2","8.2","48","1:7","CIS","8.4","IB curriculum school in Ekeren, Non-Profit, with 1:7 ratio and Google LMS.","8.2","","9.5","No","Google LMS","IB","54","Antwerp International School","7.6","22%","Yes","","","$4,416","","Foundation","","Yes","Non-Profit","8.5","2026-05-26T10:41:49.010Z","0","[]","","success","true","{""_seconds"":1788076675,""_nanoseconds"":958000000}","","2026-08-30T07:57:55.956Z","","Search Associates, Schrole, LinkedIn","","Antwerp International School","","","2026-08-30T16:19:07.623Z"
"FLIS0226","8.0","Belgium","20","Brussels","8","8.0","35","1:8","CIS","7.8","IB curriculum school in Brussels, For-Profit, with 1:8 ratio and Google LMS.","7.8","","9.3","No","Google LMS","IB","40","BEPS International School","7.4","20%","Yes","","","$4,083","","Private","","Yes","For-Profit","8.8","2026-05-26T10:41:49.010Z","0","[]","","success","true","{""_seconds"":1788076578,""_nanoseconds"":153000000}","","2026-08-30T07:56:18.151Z","","Search Associates, LinkedIn","","BEPS International School","","","2026-08-30T16:19:07.623Z"
"FLIS0227","8.1","Belgium","22","Brussels","7.9","7.9","42","1:9","IB World","7.6","IB curriculum school in Brussels, For-Profit, with 1:9 ratio and Microsoft LMS.","8.0","","9.2","No","Microsoft LMS","IB","48","Bogaerts International School","7.2","18%","Yes","","","$3,916","","Private","","Yes","For-Profit","8.8","2026-05-26T10:41:49.010Z","0","[]","","success","true","{""_seconds"":1788076583,""_nanoseconds"":16000000}","","2026-08-30T07:56:23.012Z","","LinkedIn, Teacher Horizons","","Bogaerts International School","","","2026-08-30T16:19:07.623Z"
"FLIS0228","8.3","Belgium","20","Brussels","8.1","8.1","30","1:9","COBIS","8.0","UK curriculum school in Brussels, For-Profit, with 1:9 ratio and Microsoft LMS.","7.8","","9.4","No","Microsoft LMS","UK","35","British International School of Brussels","7.5","20%","Yes","","","$4,250","","Private","","Yes","For-Profit","8.8","2026-05-26T10:41:49.010Z","0","[]","","success","true","{""_seconds"":1788076576,""_nanoseconds"":602000000}","","2026-08-30T07:56:16.600Z","","LinkedIn, Teacher Horizons","","British International School of Brussels","","","2026-08-30T16:19:07.623Z"
"FLIS0229","7.9","Belgium","18","Brussels","7.9","7.9","25","1:8","IAPS","7.8","UK curriculum school in Brussels, Non-Profit, with 1:8 ratio and Mixed LMS.","7.5","","9.3","No","Mixed LMS","UK","28","British Junior Academy of Brussels","7.6","20%","Yes","","","$4,000","","Association","","Yes","Non-Profit","8.8","2026-05-26T10:41:49.010Z","0","[]","","success","true","{""_seconds"":1788076674,""_nanoseconds"":794000000}","","2026-08-30T07:57:54.792Z","https://www.bjab.org/our-community/work-with-us#vacancies","Teacher Horizons, LinkedIn","https://www.bjab.org/our-community/work-with-us#vacancies","British Junior Academy of Brussels","1057697","british-junior-academy-of-brussels-1057697","2026-08-30T16:19:07.623Z"
"FLIS0230","8.4","Belgium","22","Waterloo","8.1","8.1","55","1:9","BNSA","8.1","IB / UK curriculum school in Waterloo, Non-Profit, with 1:9 ratio and Mixed LMS.","8.0","","9.4","Yes","Mixed LMS","IB / UK","62","European School of Bruxelles-Argenteuil","7.3","22%","Yes","","","$4,333","","Foundation","","Yes","Non-Profit","8.8","2026-05-26T10:41:49.010Z","0","[]","","success","true","{""_seconds"":1788076579,""_nanoseconds"":515000000}","","2026-08-30T07:56:19.514Z","","LinkedIn, Euraxess","","European School of Bruxelles-Argenteuil","","","2026-08-30T16:19:07.623Z"
"FLIS0231","7.8","Belgium","15","Tervuren","7.8","7.8","28","1:6","MACTE","7.5","US curriculum school in Tervuren, For-Profit, with 1:6 ratio and Google LMS.","7.2","","9.1","No","Google LMS","US","32","International Montessori School","7.5","18%","Yes","","","$3,750","","Private","","Yes","For-Profit","8.8","2026-05-26T10:41:49.010Z","0","[]","","success","true","{""_seconds"":1788076580,""_nanoseconds"":8000000}","","2026-08-30T07:56:20.007Z","","AMI (Association Montessori Internationale) Jobs, LinkedIn","","International Montessori School","","","2026-08-30T16:19:07.623Z"
"FLIS0232","7.6","Belgium","18","Ghent","7.8","7.8","18","1:8","CIS","7.4","UK curriculum school in Ghent, Non-Profit, with 1:8 ratio and Google LMS.","7.5","","9.0","No","Google LMS","UK","22","International School Ghent vzw","7.8","22%","Yes","","","$3,833","","Association","","Yes","Non-Profit","8.8","2026-05-26T10:41:49.010Z","0","[]","","success","true","{""_seconds"":1788076579,""_nanoseconds"":525000000}","","2026-08-30T07:56:19.524Z","","VDAB Belgium, LinkedIn","","International School Ghent vzw","","","2026-08-30T16:19:07.623Z"
"FLIS0233","7.7","Belgium","22","Antwerp","7.7","7.7","22","1:10","Ministry","7.5","UK curriculum school in Antwerp, For-Profit, with 1:10 ratio and Microsoft LMS.","7.6","","9.1","No","Microsoft LMS","UK","25","International School of Belgium","7.3","18%","Yes","","","$3,666","","Private","","Yes","For-Profit","8.5","2026-05-26T10:41:49.010Z","0","[]","","success","true","{""_seconds"":1788076583,""_nanoseconds"":91000000}","","2026-08-30T07:56:23.090Z","","Search Associates, Schrole, ISS, LinkedIn","","International School of Belgium","1074131","international-school-of-belgium-1074131","2026-08-30T16:19:07.623Z"
"FLIS0234","8.1","Belgium","18","Waterloo","8.1","8.1","26","1:8","CIS","7.9","UK / IB curriculum school in Waterloo, For-Profit, with 1:8 ratio and Google LMS.","8.2","","9.3","No","Google LMS","UK / IB","30","International School of Flanders Waterloo","7.5","20%","Yes","","","$4,083","","ISF","","Yes","For-Profit","8.8","2026-05-26T10:41:49.010Z","0","[]","","success","true","{""_seconds"":1788076580,""_nanoseconds"":847000000}","","2026-08-30T07:56:20.846Z","https://www.isfwaterloo.org/302/job-opportunities","ISF Group Portal, LinkedIn","https://www.isfwaterloo.org/302/job-opportunities","International School of Flanders Waterloo","","","2026-08-30T16:19:07.623Z"
"FLIS0235","8.0","Belgium","18","Rhode-Saint-Genèse","8","8.0","24","1:8","CIS","7.8","UK / IB curriculum school in Rhode-Saint-Genèse, For-Profit, with 1:8 ratio and Google LMS.","8.0","","9.3","No","Google LMS","UK / IB","28","International School of Flanders RHSG","7.5","20%","Yes","","","$4,083","","ISF","","Yes","For-Profit","8.8","2026-05-26T10:41:49.010Z","0","[]","","success","true","{""_seconds"":1788076580,""_nanoseconds"":833000000}","","2026-08-30T07:56:20.831Z","","ISF Group Portal, LinkedIn","","International School of Flanders RHSG","","","2026-08-30T16:19:07.623Z"
"FLIS0236","7.9","Belgium","20","Brussels","7.9","7.9","28","1:9","IB World","7.7","IB curriculum school in Brussels, For-Profit, with 1:9 ratio and Microsoft LMS.","7.8","","9.2","No","Microsoft LMS","IB","32","Montgomery International School","7.1","16%","Yes","","","$3,875","","Private","","Yes","For-Profit","8.8","2026-05-26T10:41:49.010Z","0","[]","","success","true","{""_seconds"":1788076594,""_nanoseconds"":114000000}","","2026-08-30T07:56:34.112Z","https://www.mischool.be/nav-footer-links/career","LinkedIn, Teacher Horizons","https://www.mischool.be/nav-footer-links/career","Montgomery International School","","","2026-08-30T16:19:07.623Z"
"FLIS0237","6.8","Azerbaijan","22","Baku","7","6.9","55","1:8","CIS","7.2","UK curriculum school in Baku, For-Profit, with 1:8 ratio format and Microsoft LMS.","6.5","","8.5","Yes","Microsoft","UK","65","Azerbaijan British College","7.0","20%","Yes","","","$2,333","","Private","","Yes","For-Profit","6.8","2026-05-26T10:41:49.010Z","0","[]","","success","true","{""_seconds"":1788076577,""_nanoseconds"":596000000}","","2026-08-30T07:56:17.594Z","","Teacher Horizons, Teach Away, LinkedIn","","Azerbaijan British College","1064480","azerbaijan-british-college-1064480","2026-08-30T16:19:07.623Z"
"FLIS0238","7.2","Azerbaijan","18","Baku","7.5","7.2","25","1:7","MSA","7.5","US curriculum school in Baku, Non-Profit, with 1:7 ratio format and Google LMS.","6.8","","8.8","Yes","Google","US","32","Baku International School","7.5","25%","Yes","","","$2,666","","QSI","","Yes","Non-Profit","6.8","2026-05-26T10:41:49.010Z","0","[]","","success","true","{""_seconds"":1788076576,""_nanoseconds"":368000000}","","2026-08-30T07:56:16.367Z","https://www.qsi.org/careers","QSI Portal, Search Associates","https://www.qsi.org/careers","Baku International School","","","2026-08-30T16:19:07.623Z"
"FLIS0239","6.8","Azerbaijan","24","Baku","6.8","6.8","60","1:9","CIE","7.0","UK curriculum school in Baku, For-Profit, with 1:9 ratio format and Mixed LMS.","6.5","","8.5","Yes","Mixed","UK","72","Baku Oxford School","6.8","20%","Yes","","","$2,166","","Private","","Yes","For-Profit","6.8","2026-05-26T10:41:49.010Z","0","[]","","success","true","{""_seconds"":1788076678,""_nanoseconds"":497000000}","","2026-08-30T07:57:58.496Z","https://www.bakuoxfordschool.com/employment","Teacher Horizons, LinkedIn","https://www.bakuoxfordschool.com/employment","Baku Oxford School","1076164","baku-oxford-school-1076164","2026-08-30T16:19:07.623Z"
"FLIS0240","6.5","Azerbaijan","22","Baku","6.5","6.7","50","1:9","IBO","7.2","IB curriculum school in Baku, Non-Profit, with 1:9 ratio format and Mixed LMS.","6.2","","8.2","No","Mixed","IB","58","Khazar University Dunya IB School","6.8","20%","Yes","","","$1,833","","University","","Yes","Non-Profit","6.8","2026-05-26T10:41:49.010Z","0","[]","","success","true","{""_seconds"":1788076579,""_nanoseconds"":998000000}","","2026-08-30T07:56:19.997Z","","Khazar University Portal, IB World Schools Board, LinkedIn","","Khazar University Dunya IB School","","","2026-08-30T16:19:07.623Z"
"FLIS0241","7.0","Azerbaijan","24","Baku","6.8","6.8","80","1:10","CIE","7.0","UK curriculum school in Baku, For-Profit, with 1:10 ratio format and Microsoft LMS.","6.5","","8.5","Yes","Microsoft","UK","95","Modern Educational Complex Named in Honor of Heydar Aliyev","6.5","18%","Yes","","","$2,000","","Private","","Yes","For-Profit","6.8","2026-05-26T10:41:49.010Z","0","[]","","success","true","{""_seconds"":1788076579,""_nanoseconds"":201000000}","","2026-08-30T07:56:19.199Z","https://mtk.edu.az/az/vacancies","JobSearch.az, LinkedIn","https://mtk.edu.az/az/vacancies","Modern Educational Complex Named in Honor of Heydar Aliyev","","","2026-08-30T16:19:07.623Z"
"FLIS0242","8.0","Azerbaijan","18","Baku","8.2","7.9","45","1:6","CIS","8.5","IB curriculum school in Baku, Non-Profit, with 1:6 ratio format and Google LMS.","8.2","","9.2","Yes","Google","IB","55","The International School of Azerbaijan","8.0","30%","Yes","","","$3,500","","Board","","Yes","Non-Profit","6.8","2026-05-26T10:41:49.010Z","0","[]","","success","true","{""_seconds"":1788076575,""_nanoseconds"":678000000}","","2026-08-30T07:56:15.677Z","https://www.tisa.az/about-us/working-at-tisa/","Search Associates, ISS, Schrole, LinkedIn","https://www.tisa.az/about-us/working-at-tisa/","The International School of Azerbaijan","","","2026-08-30T16:19:07.623Z"
"FLIS0243","","France","","Paris","","","","","","","","","","","","","","","EIB Paris International School","","","","","","","","","","","","","","","","","","","","","","","Globeducate","","EIB Paris International School","","","{""_seconds"":1788284336,""_nanoseconds"":485000000}"
"FLIS0244","","France","","Paris","","","","","","","","","","","","","","","ICS Paris International School","","","","","","","","","","","","","","","","","","","","","","","Globeducate","","ICS Paris International School","","","{""_seconds"":1788284337,""_nanoseconds"":172000000}"
"FLIS0245","","Cyprus","","Limassol","","","","","","","","","","","","","","","PASCAL International Education Cyprus","","","","","","","","","","","","","","","","","","","","","","","Globeducate","","PASCAL International Education Cyprus","","","{""_seconds"":1788284337,""_nanoseconds"":470000000}"
"FLIS0246","","Spain","","Madrid","","","","","","","","","","","","","","","Agora Madrid International School","","","","","","","","","","","","","","","","","","","","","","","Globeducate","","Agora Madrid International School","","","{""_seconds"":1788284338,""_nanoseconds"":23000000}"
"FLIS0248","","Spain","","Valencia","","","","","","","","","","","","","","","Cambridge House British International School","","","","","","","","","","","","","","","","","","","","","","","Globeducate","","Cambridge House British International School","","","{""_seconds"":1788284338,""_nanoseconds"":809000000}"
"flis0115_emirates_hills","","UAE","","Dubai Emirates Hills","","","","","","","","","","","","","","","Dubai British School (Dubai Emirates Hills)","","","","","","","","","","","","","","","","","success","true","{""_seconds"":1788076487,""_nanoseconds"":837000000}","","2026-08-30T07:54:47.835Z","","","","","1057169","dubai-british-school-emirates-hills-1057169","2026-08-30T08:06:28.367Z"
"flis0115_jumeira","","UAE","","Dubai Jumeira","","","","","","","","","","","","","","","Dubai British School (Dubai Jumeira)","","","","","","","","","","","","","","","","","success","true","{""_seconds"":1788076502,""_nanoseconds"":847000000}","","2026-08-30T07:55:02.846Z","","","","","1265177","dubai-british-school-jumeira-1265177","2026-08-30T08:06:27.847Z"
"flis0115_jumeirah_park","","UAE","","Dubai Jumeirah Park","","","","","","","","","","","","","","","Dubai British School (Dubai Jumeirah Park)","","","","","","","","","","","","","","","","","success","true","{""_seconds"":1788076488,""_nanoseconds"":659000000}","","2026-08-30T07:54:48.658Z","","","","","1081671","dubai-british-school-jumeirah-park-1081671","2026-08-30T08:06:28.007Z"
"flis0115_mira","","UAE","","Dubai Mira","","","","","","","","","","","","","","","Dubai British School (Dubai Mira)","","","","","","","","","","","","","","","","","success","true","{""_seconds"":1788076485,""_nanoseconds"":749000000}","","2026-08-30T07:54:45.747Z","","","","","1255316","dubai-british-school-mira-1255316","2026-08-30T08:06:28.172Z"
"flis0118_academic_city","","UAE","","Dubai Academic City","","","","","","","","","","","","","","","Dubai English Speaking School (Dubai Academic City)","","","","","","","","","","","","","","","","","success","true","{""_seconds"":1788076486,""_nanoseconds"":684000000}","","2026-08-30T07:54:46.682Z","","","https://dess.sch.ae/work-at-dess","","1271801","dubai-english-speaking-school-academic-city-1271801","2026-08-30T08:06:29.417Z"
"flis0118_college","","UAE","","Dubai College","","","","","","","","","","","","","","","Dubai English Speaking School (Dubai College)","","","","","","","","","","","","","","","","","success","true","{""_seconds"":1788076484,""_nanoseconds"":585000000}","","2026-08-30T07:54:44.583Z","","","https://dess.sch.ae/work-at-dess","","1057174","dubai-english-speaking-school-college-1057174","2026-08-30T08:06:29.219Z"
"flis0118_oud_metha","","UAE","","Dubai Oud Metha","","","","","","","","","","","","","","","Dubai English Speaking School (Dubai Oud Metha)","","","","","","","","","","","","","","","","","success","true","{""_seconds"":1788076483,""_nanoseconds"":310000000}","","2026-08-30T07:54:43.308Z","","","https://dess.sch.ae/work-at-dess","","1059044","dubai-english-speaking-school-oud-metha-1059044","2026-08-30T08:06:29.050Z"
"flis0224_primary","","Bahrain","","Isa Town","","","","","","","","","","","","","","","St. Christopher's School (Primary)","","","","","","","","","","","","","","","","","success","true","{""_seconds"":1788076389,""_nanoseconds"":624000000}","","2026-08-30T07:53:09.621Z","https://st-chris.schoolrecruiter.com/","","https://st-chris.schoolrecruiter.com/","St. Christopher's School (Primary)","1170107","st-christopher-s-school-primary-1170107","2026-08-30T16:28:01.962Z"
"flis0224_senior","","Bahrain","","Isa Town","","","","","","","","","","","","","","","St. Christopher's School (Senior)","","","","","","","","","","","","","","","","","success","true","{""_seconds"":1788076382,""_nanoseconds"":483000000}","","2026-08-30T07:53:02.480Z","https://st-chris.schoolrecruiter.com/","","https://st-chris.schoolrecruiter.com/","St. Christopher's School (Senior)","1057682","st-christopher-s-school-senior-1057682","2026-08-30T16:28:03.157Z"