id,financescore,country,classsize,city,rating,totalscore,staffstudentratio,approvals,academicscore,summary,techscore,citySafety,confidence,housingprovision,techecosystem,curriculum,staffcount,schoolname,worklifescore,noncontacttime,healthcoverage,image,salaryRange,inspect,validated,ownership,citysafety,lastSync,scrapedJobsCount,scrapedJobsList,revalidationError,revalidationStatus,isRevalidating,agency,careersPageUrl,name,tesOrganizationId,tesEmployerSlug,techEcosystemTags,housingBenefit,lastCountersSyncedAt,openJobsCount,schoolId,profitStatus,careersUrl,numericalstaff,profit status,isLocked,lastSweptDate,lastSweptAtMillis,isCampusStub,revalidationCompletedAt,cachedStability,lastScrapedAt,currency,salary_source_year,net_salary,salary_benchmark_category,salary_confidence,last_benchmark_update,salary_scale_5yr_net,website,updatedAt
"FLIS0001","9.0","Hong Kong","18-20","Hong Kong","Good","9.1","1:8","IB, ZfA, BIS","9.8","Premium Peak leader.","9.2","9.1","9.8","Subsidised","1:1 iPad/Laptop","German/British","180","German Swiss Int'l","8.2","20%","Premium","","$4,150.00","Inspect / Accreditation","LFI","Ownership","9.1","2026-05-26T10:41:07.830Z","0","[]",,"success","true","Search Associates, Schrole, LinkedIn","https://www.gsis.edu.hk/en/about-us/careers/job-openings","German Swiss Int'l","1057613","german-swiss-international-school-1057613","{""devices"":[""Apple iPad""],""suite"":[""Apple Ecosystem""],""lms"":[]}","Subsidised","1789148314021","0","FLIS0001","Profit Status","https://www.gsis.edu.hk/en/about-us/careers/job-openings","180","Profit Status","true","2026-09-21T11:46:49.972Z","1789991209972","false","{""_seconds"":1790190134,""_nanoseconds"":341000000}","{""schoolId"":""FLIS0001"",""schoolName"":""German Swiss Int'l"",""category"":""INSIGHT_UNAVAILABLE"",""statusLabel"":""Low Turnover (Stable)"",""isUpdating"":false,""lastScrapedAt"":""2026-09-23T19:02:14.313Z"",""metrics"":{""estimatedStaffBase"":80,""totalKnownVacancies"":0,""estimatedChurnRatePercent"":0,""leadershipVacanciesCount"":0,""secondaryVacanciesCount"":0,""primaryVacanciesCount"":0,""riskRating"":""INSIGHT_UNAVAILABLE"",""leadershipChurnRatioPercent"":0,""averageYearlyTesAdverts"":0},""scrapedJobsList"":[],""vacancies_discovered"":[],""structured_vacancies"":[],""total_known_vacancies"":0,""estimated_churn_percentage"":0,""leadership_vacancies_count"":0,""secondary_vacancies_count"":0,""primary_vacancies_count"":0,""leopardfishIntelAlert"":""No active public vacancies have been detected for this institution within the current 12-month recruitment cycle. This indicates either an exceptionally high staff retention profile or the utilization of localized, non-indexed internal application portals. Quantitative stability metrics cannot be calculated at this time."",""churn_implications_commentary"":""No active public vacancies have been detected for this institution within the current 12-month recruitment cycle. This indicates either an exceptionally high staff retention profile or the utilization of localized, non-indexed internal application portals. Quantitative stability metrics cannot be calculated at this time."",""senior_leadership_churn_percentage"":0,""staffroom_commentary"":""No active public vacancies have been detected for this institution within the current 12-month recruitment cycle. This indicates either an exceptionally high staff retention profile or the utilization of localized, non-indexed internal application portals. Quantitative stability metrics cannot be calculated at this time.""}","2026-09-23T19:02:14.313Z","HKD","2025/2026","52500","STRONG_MARKET_EVIDENCE","High","2026-09-25T08:09:37.268Z","52500","https://www.gsis.edu.hk","2026-09-25T12:18:17.167Z"
"FLIS0002","8.5","Hong Kong","22-26","Hong Kong","Good","8.7","1:12","IB","9.9","Elite academic powerhouse.","8.8","9.1","9.6","Subsidised","Microsoft/Canvas","HKDSE/IB","150","St. Paul's Co-ed","7.4","15%","Full Private",,"$3,720.00","BSO / ZffA","LFI","Community / Association","9.1","2026-05-26T10:41:07.831Z","0","[]",,"success","true","Direct HK Gov Portal, LinkedIn, JobsDB Hong Kong","https://www.spcc.edu.hk/jobs-and-tenders","St. Paul's Co-ed",,,"{""devices"":[""Microsoft PC""],""suite"":[""Microsoft 365""],""lms"":[""Canvas""]}","Subsidised","2026-09-26T06:49:31.214Z","1","FLIS0002","Non-Profit","https://www.spcc.edu.hk/jobs-and-tenders","150","Non-Profit","true","2026-09-21T11:50:34.455Z","1789991434455","false","{""_nanoseconds"":823000000,""_seconds"":1788076692}",,"2026-08-30T07:58:12.821Z","HKD","2025/2026","43500","MODELLED_ESTIMATE","Medium","2026-09-25T08:09:37.269Z","43500","https://www.spcc.edu.hk","2026-09-25T12:18:17.167Z"
"FLIS0003","8.2","Japan","16-22","Tokyo","Good","8.8","1:6","IB, CIS","9.7","Tokyo's top academic IB.","8.4","9.3","9.1","Subsidised","Google Workspace","IB","110","K. International","8.5","25%","Standard",,"$3,150.00","HK EDB","LFI","Anglican Church (HK)","9.3","2026-05-26T10:41:07.831Z","0","[]",,"success","true","Search Associates, Schrole, GaijinPot Jobs, IB World Board","https://www.kist.ed.jp/careers","K. International",,"k-international-school-tokyo-1076077","{""devices"":[],""suite"":[""Google Workspace""],""lms"":[]}","Subsidised","2026-09-26T06:49:31.214Z","1","FLIS0003","Non-Profit","https://www.kist.ed.jp/careers","110","Non-Profit","true",,,"false","{""_seconds"":1790271958,""_nanoseconds"":344000000}","{""schoolId"":""FLIS0003"",""schoolName"":""K. International"",""category"":""LOW_TURNOVER"",""statusLabel"":""Low Turnover (Stable)"",""isUpdating"":false,""lastScrapedAt"":""2026-09-24T17:44:59.046Z"",""metrics"":{""estimatedStaffBase"":110,""totalKnownVacancies"":2,""estimatedChurnRatePercent"":2,""leadershipVacanciesCount"":0,""secondaryVacanciesCount"":0,""primaryVacanciesCount"":2,""riskRating"":""LOW"",""leadershipChurnRatioPercent"":0,""averageYearlyTesAdverts"":2},""scrapedJobsList"":[""Kindergarten Teacher Jianggan District Hangzhou (Posted: Recently; Closes: [object Object]) - TES"",""Humanities Teacher Primary School Jianggan District Hangzhou (Posted: Recently; Closes: [object Object]) - TES""],""vacancies_discovered"":[{""title"":""Kindergarten Teacher Jianggan District Hangzhou"",""department"":""Primary"",""source"":""TES"",""source_url"":""https://www.k-international.com"",""date_listed"":""Recently"",""date_closing"":""[object Object]"",""status"":""OPEN"",""recruitmentCycle"":""CURRENT""},{""title"":""Humanities Teacher Primary School Jianggan District Hangzhou"",""department"":""Primary"",""source"":""TES"",""source_url"":""https://www.k-international.com"",""date_listed"":""Recently"",""date_closing"":""[object Object]"",""status"":""OPEN"",""recruitmentCycle"":""CURRENT""}],""structured_vacancies"":[{""title"":""Kindergarten Teacher Jianggan District Hangzhou"",""department"":""Primary"",""source"":""TES"",""source_url"":""https://www.k-international.com"",""date_listed"":""Recently"",""date_closing"":""[object Object]"",""status"":""OPEN"",""recruitmentCycle"":""CURRENT""},{""title"":""Humanities Teacher Primary School Jianggan District Hangzhou"",""department"":""Primary"",""source"":""TES"",""source_url"":""https://www.k-international.com"",""date_listed"":""Recently"",""date_closing"":""[object Object]"",""status"":""OPEN"",""recruitmentCycle"":""CURRENT""}],""total_known_vacancies"":2,""estimated_churn_percentage"":2,""leadership_vacancies_count"":0,""secondary_vacancies_count"":0,""primary_vacancies_count"":2,""leopardfishIntelAlert"":""Leopardfish Multi-Engine Audit: Stable retention pattern with 2 active vacancies detected across TES, GRC Search, and official school portals."",""churn_implications_commentary"":""Leopardfish Multi-Engine Audit: Stable retention pattern with 2 active vacancies detected across TES, GRC Search, and official school portals."",""senior_leadership_churn_percentage"":0}","2026-09-24T17:44:59.046Z","JPY","2025/2026","437500","STRONG_MARKET_EVIDENCE","High","2026-09-25T11:09:16.556Z","437500","https://www.kist.ed.jp","2026-09-25T12:18:17.167Z"
"FLIS0004","8.4","Hong Kong","25","Hong Kong","Good","8.4","1:15","IB","9.4","High-performing tradition.","8.0","9.1","8.9","Subsidised","Hybrid/DSE Focus","HKDSE/IB","160","Diocesan Boys'","7.2","15%","Full Private",,"$3,550.00","WASC","LFI","Independent Board","9.1","2026-05-26T10:41:07.831Z","0","[]",,"success","true","Direct HK Gov Portal, LinkedIn, JobsDB Hong Kong","https://www.dbs.edu.hk/index.php?s=dbs&m=jobopenings","Diocesan Boys'",,,,"Subsidised","1790193420261","0","FLIS0004","Non-Profit","https://www.dbs.edu.hk/index.php?s=dbs&m=jobopenings","160","Non-Profit","true","2026-09-21T12:19:05.554Z","1789993145554","false","{""_nanoseconds"":809000000,""_seconds"":1788076684}",,"2026-08-30T07:58:04.808Z","HKD","2025/2026","42000","MODELLED_ESTIMATE","Medium","2026-09-25T08:09:37.269Z","42000","https://www.dbs.edu.hk/index.php?s=dbs&m=jobopenings","2026-09-25T12:18:17.167Z"
"FLIS0005","9.4","Singapore","20-22","Singapore","Good","9.6","1:10","IB, CIS","9.6","Global holistic leader.","9.6","9.6","9.7","Subsidised","High-Tech Hubs","IB / UWC","600","UWC South East Asia","9.7","25%","Premium",,"$4,280.00","HK EDB","LFI","Anglican Church (HK)","9.6","2026-05-26T10:41:07.831Z","0","[]",,"success","true","Search Associates, Schrole, UWC Movement Portal, LinkedIn","https://www.uwcsea.edu.sg/uwcsea-careers","UWC South East Asia","1061278","uwc-south-east-asia-1057094",,"Subsidised","2026-09-26T06:49:31.214Z","10","FLIS0005","Non-Profit","https://www.uwcsea.edu.sg/uwcsea-careers","600","Non-Profit","true","2026-09-21T13:19:30.625Z","1789996770625","false","{""_nanoseconds"":551000000,""_seconds"":1788076649}",,"2026-08-30T07:57:29.549Z","SGD","2025/2026","8750","VERIFIED_SCALE","High","2026-09-25T07:25:58.676Z","8750","https://www.uwcsea.edu.sg/uwcsea-careers","2026-09-25T12:18:17.167Z"
"FLIS0006","8.0","Jordan","18-22","Amman","Good","8.1","1:11","IB, CIS","8.2","Innovation leader in Jordan.","8.4","7.4","8.6","Provided","Managed Tablet","IB","140","Amman Academy","8.5","20%","Full Private",,"$2,640.00","CIS","LFI","UWC Foundation","7.4","2026-05-26T10:41:07.831Z","0","[]",,"success","true","Nord Anglia Career Portal, Jobkey Jordan","https://www.nordangliaeducation.com/amman-academy/careers","Amman Academy",,,"{""devices"":[""Apple iPad""],""suite"":[],""lms"":[]}","Provided","1790415498142","1","FLIS0006","Non-Profit","https://www.nordangliaeducation.com/amman-academy/careers","140","Non-Profit","true","2026-09-26T06:40:45.957Z","1790404845957","false","{""_nanoseconds"":492000000,""_seconds"":1788076653}",,"2026-08-30T07:57:33.491Z","JOD","2025/2026","1600","MODELLED_ESTIMATE","Medium","2026-09-25T08:09:37.269Z","1600","https://www.nordangliaeducation.com","2026-09-25T12:18:17.167Z"
"FLIS0007","8.2","China","20","Shanghai","Good","8.4","1:12","IB, NCCT","9.1","Selective academic hub.","8.0","8.8","8.4","Provided","Standard Lab","US / IB","250","Shanghai High Int'l","7.8","18%","Full Private",,"$3,450.00","CIS","LFI","Private / Family","8.8","2026-05-26T10:41:07.831Z","0","[]",,"success","true","Search Associates, eChinaCareers, LinkedIn","https://www.shsid.org/ABOUT_US/Career_at_SHSID.htm","Shanghai High Int'l",,,,"Provided","1790415498143","0","FLIS0007","For-Profit","https://www.shsid.org/ABOUT_US/Career_at_SHSID.htm","250","For-Profit","true","2026-09-21T11:52:22.542Z","1789991542542","false","{""_nanoseconds"":942000000,""_seconds"":1788076648}",,"2026-08-30T07:57:28.941Z","CNY","2025/2026","30000","STRONG_MARKET_EVIDENCE","High","2026-09-25T08:09:37.269Z","30000","https://www.shsid.org/ABOUT_US/Career_at_SHSID.htm","2026-09-25T12:18:17.167Z"
"FLIS0008","8.5","India","20","Mumbai","Good","8.5","1:10","IB, CIS","9.4","India's premier IB hub.","9.0","6.8","9.3","Subsidised","Smart Classroom","IGCSE / IB","170","Dhirubhai Ambani","8.8","22%","Standard",,"$2,660.00","WASC","LFI","Government (State-owned)","6.8","2026-05-26T10:41:07.831Z","0","[]",,"success","true","Naukri.com, LinkedIn, Search Associates","https://www.dais.edu.in/careers.html","Dhirubhai Ambani",,,,"Subsidised","1790193420261","4","FLIS0008","Non-Profit","https://www.dais.edu.in/careers.html","170","Non-Profit","true","2026-09-21T11:52:37.699Z","1789991557699","false","{""_nanoseconds"":96000000,""_seconds"":1788077500}",,"2026-08-30T08:11:39.139Z","INR","2025/2026","160000","MODELLED_ESTIMATE","Medium","2026-09-25T08:09:37.269Z","160000","https://www.dais.edu.in","2026-09-25T12:18:17.167Z"
"FLIS0009","9.2","Singapore","18-22","Singapore","Good","9.5","1:10","IB, BSO","9.6","Elite British flagship.","9.5","9.6","9.6","Subsidised","British Tech-Std","British / IB","300","Tanglin Trust","9.4","25%","Full Private",,"$3,995.00","CIS / NEASC","LFI","Reliance Industries","9.6","2026-05-26T10:41:07.831Z","0","[]",,"success","true","Search Associates, Schrole, LinkedIn, JobStreet Singapore","https://www.tts.edu.sg/working-with-us/current-vacancies","Tanglin Trust","1057206","tanglin-trust-school-1057206",,"Subsidised","2026-09-26T06:10:30.811Z","0","FLIS0009","Non-Profit","https://www.tts.edu.sg/working-with-us/current-vacancies","300","Non-Profit","true","2026-09-21T11:52:39.825Z","1789991559825","false","{""_nanoseconds"":595000000,""_seconds"":1788076652}",,"2026-08-30T07:57:32.594Z","SGD","2025/2026","8500","VERIFIED_SCALE","High","2026-09-25T07:25:58.677Z","8500","https://www.tts.edu.sg","2026-09-25T12:18:17.167Z"
"FLIS0010","7.8","Hong Kong","24","Hong Kong","Good","8.0","1:14","IB","8.5","Local-Int'l HK hybrid.","7.8","9.1","8.2","Subsidised","Local/HK Integrated","HKDSE/IB","120","G.T. (Ellen Yeung)","7.0","15%","Standard",,"$3,340.00","BSO","LFI","Tanglin Trust Ltd","9.1","2026-05-26T10:41:07.831Z","0","[]",,"success","true","JobsDB Hong Kong, LinkedIn","https://www.gtcollege.edu.hk/recruitment","G.T. (Ellen Yeung)",,,,"Subsidised","2026-09-26T06:49:31.214Z","1","FLIS0010","Non-Profit","https://www.gtcollege.edu.hk/recruitment","120","Non-Profit","true",,,"false","{""_nanoseconds"":475000000,""_seconds"":1788076644}",,"2026-08-30T07:57:24.473Z","HKD","2025/2026","41500","MODELLED_ESTIMATE","Medium","2026-09-25T08:09:37.269Z","41500","https://www.gtcollege.edu.hk","2026-09-25T12:18:17.167Z"
"FLIS0011","8.6","China","20","Foshan","Good","8.5","1:9","IB, CIE","8.8","Massive premium campus.","8.5","8.5","8.5","Provided","Large Campus Tech","IB / CIE","350","GD Country Garden","8.2","20%","Full Private",,"$3,230.00","HK EDB","LFI","G.T. Education Foundation","8.5","2026-05-26T10:41:07.831Z","0","[]",,"success","true","Bright Scholar Portal, eChinaCareers, Teach Away","https://www.bgy.gd.cn","GD Country Garden","1058223","guangdong-country-garden-school--gcgs--1058223",,"Provided","1790337468362","0","FLIS0011","Non-Profit","https://www.bgy.gd.cn","350","Non-Profit","true","2026-09-21T11:52:41.885Z","1789991561885","false","{""_nanoseconds"":664000000,""_seconds"":1788076641}",,"2026-08-30T07:57:21.663Z","CNY","2025/2026","26500","STRONG_MARKET_EVIDENCE","High","2026-09-25T08:09:37.269Z","26500","https://www.bgy.gd.cn","2026-09-25T12:18:17.167Z"
"FLIS0012","8.0","Hong Kong","24","Hong Kong","Good","8.0","1:13","IB","8.2","Heritage boarding HK.","7.5","9.1","8.0","Subsidised","Heritage/Modern","HKDSE/IB","140","St. Stephen's","7.2","15%","Standard",,"$3,260.00","CIS","LFI","Bright Scholar Education","9.1","2026-05-26T10:41:07.831Z","0","[]",,"success","true","JobsDB Hong Kong, Direct HK Gov Portal","https://www.ssc.edu.hk/index.php?option=com_content&view=article&id=82","St. Stephen's",,,,"Subsidised","1790337468362","1","FLIS0012","For-Profit","https://www.ssc.edu.hk/index.php?option=com_content&view=article&id=82","140","For-Profit","true","2026-09-21T13:21:04.511Z","1789996864511","false","{""_nanoseconds"":879000000,""_seconds"":1788076640}",,"2026-08-30T07:57:20.878Z","HKD","2025/2026","42000","MODELLED_ESTIMATE","Medium","2026-09-25T08:09:37.269Z","42000","https://www.ssc.edu.hk/index.php?option=com_content&view=article&id=82","2026-09-25T12:18:17.167Z"
"FLIS0013","8.5","Singapore","20","Singapore","Good","8.9","1:11","IB","8.9","Rigorous academic hub.","8.8","9.6","8.7","Subsidised","LMS Integrated","IGCSE / IB","160","ACS International","8.6","20%","Full Private",,"$3,540.00","HK EDB","LFI","Anglican Church (HK)","9.6","2026-05-26T10:41:07.831Z","0","[]",,"success","true","Search Associates, JobStreet Singapore, LinkedIn","https://www.acsinternational.edu.sg/careers/","ACS International","1074273","acs-international-singapore-1074273",,"Subsidised","2026-09-26T06:49:31.214Z","1","FLIS0013","Non-Profit","https://www.acsinternational.edu.sg/careers/","160","Non-Profit","true","2026-09-21T11:52:54.816Z","1789991574816","false","{""_nanoseconds"":656000000,""_seconds"":1788076642}",,"2026-08-30T07:57:22.655Z","SGD","2025/2026","7500","STRONG_MARKET_EVIDENCE","High","2026-09-25T08:09:37.269Z","7500","https://www.acsinternational.edu.sg","2026-09-25T12:18:17.167Z"
"FLIS0014","7.5","Azerbaijan","18","Baku","Good","7.4","1:8","IB, CIS","7.8","Innovative Baku leader.","7.5","6.8","8.8","Provided","Smart Board Focus","IB","100","European Azerbaijan","7.2","22%","Standard",,"$2,475.00","IB / CPE","LFI","ACS Foundation","6.8","2026-05-26T10:41:07.831Z","0","[]",,"success","true","Teacher Horizons, LinkedIn, Search Associates","https://eas.edu.az/careers/","European Azerbaijan","1066426","the-european-azerbaijan-school-1066426",,"Provided","1789148314021","0","FLIS0014","For-Profit","https://eas.edu.az/careers/","75","For-Profit","true",,,"false","{""_seconds"":1790269064,""_nanoseconds"":714000000}","{""schoolId"":""FLIS0014"",""schoolName"":""European Azerbaijan"",""category"":""INSIGHT_UNAVAILABLE"",""statusLabel"":""Low Turnover (Stable)"",""isUpdating"":false,""lastScrapedAt"":""2026-09-24T16:57:44.712Z"",""metrics"":{""estimatedStaffBase"":75,""totalKnownVacancies"":0,""estimatedChurnRatePercent"":0,""leadershipVacanciesCount"":0,""secondaryVacanciesCount"":0,""primaryVacanciesCount"":0,""riskRating"":""INSIGHT_UNAVAILABLE"",""leadershipChurnRatioPercent"":0,""averageYearlyTesAdverts"":0},""scrapedJobsList"":[],""vacancies_discovered"":[],""structured_vacancies"":[],""total_known_vacancies"":0,""estimated_churn_percentage"":0,""leadership_vacancies_count"":0,""secondary_vacancies_count"":0,""primary_vacancies_count"":0,""leopardfishIntelAlert"":""No active public vacancies have been detected for this institution within the current 12-month recruitment cycle. This indicates either an exceptionally high staff retention profile or the utilization of localized, non-indexed internal application portals. Quantitative stability metrics cannot be calculated at this time."",""churn_implications_commentary"":""No active public vacancies have been detected for this institution within the current 12-month recruitment cycle. This indicates either an exceptionally high staff retention profile or the utilization of localized, non-indexed internal application portals. Quantitative stability metrics cannot be calculated at this time."",""senior_leadership_churn_percentage"":0,""staffroom_commentary"":""No active public vacancies have been detected for this institution within the current 12-month recruitment cycle. This indicates either an exceptionally high staff retention profile or the utilization of localized, non-indexed internal application portals. Quantitative stability metrics cannot be calculated at this time.""}","2026-09-24T16:57:44.712Z","AZN","2025/2026","3700","MODELLED_ESTIMATE","Medium","2026-09-25T07:25:58.677Z","3700","https://eas.edu.az","2026-09-25T12:18:17.167Z"
"FLIS0015","8.2","Singapore","22-25","Singapore","Good","8.7","1:13","IB","8.8","High-achieving CBSE/IB.","8.5","9.6","9.4","Subsidised","Google Ref.","CBSE / IB","155","NPS International","8.4","20%","Full Private",,"$3,180.00","CIS","LFI","TEAS Foundation","9.6","2026-05-26T10:41:07.831Z","0","[]",,"success","true","JobStreet Singapore, LinkedIn, NPS Group Portal","https://singapore.nps-international.com","NPS International",,,"{""devices"":[],""suite"":[""Google Workspace""],""lms"":[]}","Subsidised","1789148314021","0","FLIS0015","Non-Profit","https://singapore.nps-international.com","155","Non-Profit","true",,,"false","{""_nanoseconds"":788000000,""_seconds"":1788076645}",,"2026-08-30T07:57:25.787Z","SGD","2025/2026","5500","MODELLED_ESTIMATE","Medium","2026-09-25T08:09:37.269Z","5500","https://singapore.nps-international.com","2026-09-25T12:18:17.167Z"
"FLIS0016","9.0","Hong Kong","18-20","Hong Kong","Good","9.3","1:7","IB, CIS, WASC","9.7","Elite bilingual immersion.","9.5","9.1","9.8","Subsidised","Apple Dist.","IB / Bilingual","210","The ISF Academy","9.2","25%","Premium",,"$4,570.00","CPE / IB","LFI","TGE Group","9.1","2026-05-26T10:41:07.831Z","0","[]",,"success","true","Search Associates, Schrole, JobsDB Hong Kong, LinkedIn","https://academy.isf.edu.hk/en/join-us/careers/","The ISF Academy","1273163","the-independent-schools-foundation-academy-isf-1273163","{""devices"":[""Apple Mac""],""suite"":[""Apple Ecosystem""],""lms"":[]}","Subsidised","1790193420261","0","FLIS0016","For-Profit","https://academy.isf.edu.hk/en/join-us/careers/","210","For-Profit","true",,,"false","{""_nanoseconds"":317000000,""_seconds"":1788076640}",,"2026-08-30T07:57:20.316Z","HKD","2025/2026","48000","STRONG_MARKET_EVIDENCE","High","2026-09-25T08:09:37.269Z","48000","https://academy.isf.edu.hk","2026-09-25T12:18:17.167Z"
"FLIS0017","9.4","China","20-22","Beijing","Good","9.2","1:6","IB, CIS, WASC","9.5","Premier British ethos.","9.3","8.6","9.6","Provided","Microsoft Gold","British / IB","232","Dulwich Beijing","9.0","30%","Premium",,"$4,050.00","CIS / WASC","LFI","ISF Foundation","8.6","2026-05-26T10:41:07.831Z","0","[]",,"success","true","Education in Motion (EiM) Portal, Search Associates, Schrole","https://beijing.dulwich.org/careers","Dulwich Beijing","1057433","dulwich-college-beijing-1057433","{""devices"":[""Microsoft PC""],""suite"":[""Microsoft 365""],""lms"":[]}","Provided","2026-09-26T06:49:31.214Z","0","FLIS0017","Non-Profit","https://beijing.dulwich.org/careers","232","Non-Profit","true","2026-09-21T11:53:59.841Z","1789991639841","false","{""_nanoseconds"":925000000,""_seconds"":1788076642}",,"2026-08-30T07:57:22.924Z","CNY","2025/2026","31667","STRONG_MARKET_EVIDENCE","High","2026-09-25T07:25:58.677Z","31667","https://beijing.dulwich.org","2026-09-25T12:18:17.167Z"
"FLIS0018","8.5","Hong Kong","22-25","Hong Kong","Good","8.9","1:10","IB","9.4","Math/Science foundation.","8.8","9.1","9.5","Subsidised","Canvas/Mac","SG / IB","189","Singapore Int'l (HK)","8.6","20%","Full Private",,"$3,930.00","BSO","LFI","Education in Motion (EiM)","9.1","2026-05-26T10:41:07.831Z","0","[]",,"success","true","JobsDB Hong Kong, LinkedIn, Singapore MOE Portal","https://www.singapore.edu.hk/join-us/","Singapore Int'l (HK)","1262787","singapore-international-school-1262787","{""devices"":[""Apple Mac""],""suite"":[""Apple Ecosystem""],""lms"":[""Canvas""]}","Subsidised","1790337468362","4","FLIS0018","For-Profit","https://www.singapore.edu.hk/join-us/","189","For-Profit","true",,,"false","{""_nanoseconds"":604000000,""_seconds"":1788076642}",,"2026-08-30T07:57:22.603Z","HKD","2025/2026","42000","MODELLED_ESTIMATE","Medium","2026-09-25T08:09:37.269Z","42000","https://www.singapore.edu.hk","2026-09-25T12:18:17.167Z"
"FLIS0019","8.2","Hong Kong","20","Hong Kong","Good","8.5","1:12","IB","8.7","Through-train retention.","8.2","9.1","9.1","Subsidised","Managed Chrome","IGCSE / IB","165","PLK Choi Kai Yau","8.4","18%","Full Private",,"$6,400.00","HK EDB","LFI","Ministry of Education (SG)","9.1","2026-05-26T10:41:07.831Z","0","[]",,"success","true","JobsDB Hong Kong, Po Leung Kuk Portal","http://www.cky.edu.hk","PLK Choi Kai Yau",,,"{""devices"":[""Chromebook""],""suite"":[],""lms"":[]}","Subsidised","1789148314021","0","FLIS0019","Non-Profit","http://www.cky.edu.hk","165","Non-Profit","true",,,"false","{""_nanoseconds"":892000000,""_seconds"":1788076637}",,"2026-08-30T07:57:17.891Z","HKD","2025/2026","42500","MODELLED_ESTIMATE","Medium","2026-09-25T08:09:37.269Z","42500","http://www.cky.edu.hk","2026-09-25T12:18:17.167Z"
"FLIS0020","9.1","China","18-22","Shanghai","Good","9.0","1:8","IB, WASC","9.2","Holistic bilingual leader.","9.3","8.8","9.3","Provided","STEAM/VR Hub","IGCSE / IB","205","YK Pao School","8.8","25%","Premium",,"$4,120.00","HK EDB","LFI","Po Leung Kuk","8.8","2026-05-26T10:41:07.831Z","0","[]",,"success","true","Search Associates, Schrole, eChinaCareers, LinkedIn","https://www.ykpaoschool.cn/join-us","YK Pao School","1057565","yk-pao-school-1057565",,"Provided","1789148314021","0","FLIS0020","Non-Profit","https://www.ykpaoschool.cn/join-us","205","Non-Profit","true","2026-09-21T11:54:11.869Z","1789991651869","false","{""_nanoseconds"":736000000,""_seconds"":1788076644}",,"2026-08-30T07:57:24.735Z","CNY","2025/2026","31500","STRONG_MARKET_EVIDENCE","High","2026-09-25T08:09:37.269Z","31500","https://www.ykpaoschool.cn","2026-09-25T12:18:17.167Z"
"FLIS0021","8.8","India","20-22","Noida","Good","8.2","1:8","IB","8.6","Progressive Noida leader.","8.5","6.2","8.9","Subsidised","Smart Classroom","CBSE / IB","325","Step by Step","9.0","22%","Standard",,"$2,570.00","Riverside / WASC","LFI","YK Pao Foundation","6.2","2026-05-26T10:41:07.831Z","0","[]",,"success","true","Naukri.com, LinkedIn","https://stepbystep.ed.in/careers/","Step by Step",,,,"Subsidised","1790193420261","0","FLIS0021","Non-Profit","https://stepbystep.ed.in/careers/","325","Non-Profit","true",,,"false","{""_nanoseconds"":309000000,""_seconds"":1788076633}",,"2026-08-30T07:57:13.307Z","INR","2025/2026","85000","MODELLED_ESTIMATE","Medium","2026-09-25T08:09:37.269Z","85000","https://stepbystep.ed.in","2026-09-25T12:18:17.167Z"
"FLIS0022","9.5","China","16-22","Shanghai","Good","9.3","1:16","IB, CIS, WASC","9.6","Flagship IB performance.","9.4","8.8","9.6","Provided","Media Arts/Film","British / IB","150","Dulwich Pudong","9.2","30%","Premium",,"$4,210.00","IB","LFI","Private / Family","8.8","2026-05-26T10:41:07.831Z","0","[]",,"success","true","Education in Motion (EiM) Portal, Search Associates, Schrole","https://shanghai-pudong.dulwich.org/careers","Dulwich Pudong","1057370","dulwich-college-shanghai-pudong-dcs-1057370",,"Provided","1790193420261","0","FLIS0022","For-Profit","https://shanghai-pudong.dulwich.org/careers","150","For-Profit","true","2026-09-21T11:54:10.584Z","1789991650584","false","{""_nanoseconds"":671000000,""_seconds"":1788076632}",,"2026-08-30T07:57:12.669Z","CNY","2025/2026","32500","STRONG_MARKET_EVIDENCE","High","2026-09-25T07:25:58.677Z","32500","https://shanghai-pudong.dulwich.org","2026-09-25T12:18:17.167Z"
"FLIS0023","9.3","Singapore","22-23","Singapore","Good","9.2","1:10","IB","9.1","Premium Lasallian IB.","9.0","9.6","9.6","Subsidised","1:1 Chrome","IGCSE / IB","195","SJI International","9.2","25%","Full Private",,"$3,895.00","BSO","LFI","Education in Motion (EiM)","9.6","2026-05-26T10:41:07.831Z","0","[]",,"success","true","Search Associates, Schrole, JobStreet Singapore, LinkedIn","https://www.sji-international.com.sg/about/careers","SJI International","1055929","sji-international-school-1055929","{""devices"":[""Chromebook""],""suite"":[],""lms"":[]}","Subsidised","1790337468362","3","FLIS0023","For-Profit","https://www.sji-international.com.sg/about/careers","195","For-Profit","true","2026-09-25T11:31:18.385Z","1790335878385","false","{""_nanoseconds"":23000000,""_seconds"":1788076647}",,"2026-08-30T07:57:27.022Z","SGD","2025/2026","7667","STRONG_MARKET_EVIDENCE","High","2026-09-25T07:25:58.677Z","7667","https://www.sji-international.com.sg","2026-09-25T12:18:17.167Z"
"FLIS0024","8.8","Hong Kong","20","Hong Kong","Good","9.0","1:10","IB, CIS","9.0","Ontario/IB dual focus.","9.2","9.1","9.5","Subsidised","Arts/Tech Center","IB / Ontario","300","Canadian Int'l (HK)","9.1","25%","Full Private",,"$4,140.00","IB / CPE","LFI","Lasallian Brothers","9.1","2026-05-26T10:41:07.832Z","0","[]",,"success","true","Search Associates, Schrole, LinkedIn, JobsDB Hong Kong","https://www.cdnis.edu.hk/employment/admin-faculty","Canadian Int'l (HK)","1071231","canadian-international-school-of-hong-kong-1071231",,"Subsidised","1790337468362","3","FLIS0024","Non-Profit","https://www.cdnis.edu.hk/employment/admin-faculty","300","Non-Profit","true","2026-09-21T11:55:17.165Z","1789991717165","false","{""_nanoseconds"":706000000,""_seconds"":1788076638}",,"2026-08-30T07:57:18.705Z","HKD","2025/2026","51500","STRONG_MARKET_EVIDENCE","High","2026-09-25T08:09:37.269Z","51500","https://www.cdnis.edu.hk","2026-09-25T12:18:17.167Z"
"FLIS0025","9.2","Qatar","20-23","Doha","Good","8.8","1:9","IB, CIS, NEASC","8.5","QF innovation leader.","8.5","9.2","9.4","Provided","High-Tech Lab","IB","200","Qatar Academy","8.6","20%","Full Gov/Pri",,"$3,850.00","CIS / IB","LFI","Independent Board","9.2","2026-05-26T10:41:07.832Z","0","[]",,"success","true","Qatar Foundation Career Portal, Teach Away, Search Associates","https://www.qf.org.qa/careers","Qatar Academy",,,,"Provided","2026-09-26T06:10:30.811Z","0","FLIS0025","Non-Profit","https://www.qf.org.qa/careers","200","Non-Profit","true","2026-09-17T06:57:08.026Z","1789628228026","false","{""_nanoseconds"":281000000,""_seconds"":1788076635}",,"2026-08-30T07:57:15.280Z","QAR","2025/2026","16667","STRONG_MARKET_EVIDENCE","High","2026-09-25T07:25:58.677Z","16667","https://www.qf.org.qa","2026-09-25T12:18:17.167Z"
"FLIS0026","9.6","United Arab Emirates","18-22","Dubai","Good","9.5","1:10","IB, CIS","9.3","Innovation-first flagship.","9.8","9.1","9.7","Provided","Apple Dist.","IB","185","GEMS World Dubai","9.5","25%","Premium",,"AED 14,500–19,000","CIS / NEASC","LFI","GEMS Education","9.1","2026-05-26T10:41:07.832Z","0","[]",,"success","true","GEMS Education Careers Portal, Teach Away, Gulf Talent","https://www.gemseducation.com/careers","GEMS World Dubai","1060996","gems-world-academy-dubai-1060996","{""devices"":[""Apple Mac""],""suite"":[""Apple Ecosystem""],""lms"":[]}","Provided","2026-09-26T06:49:31.214Z","9","FLIS0026","Non-Profit","https://www.gemseducation.com/careers","185","Non-Profit","true","2026-09-21T11:55:18.696Z","1789991718696","false","{""_seconds"":1788076634,""_nanoseconds"":161000000}",,"2026-08-30T07:57:14.159Z","AED","2025/2026","16750","Market Evidence — Range Midpoint","High","2026-09-27T07:09:31.926Z","16750","https://www.gemsworldacademy-dubai.com","2026-09-27T07:09:31.926Z"
"FLIS0027","8.5","United Arab Emirates","20","Abu Dhabi","Good","8.5","1:12","IB, BSO","8.2","Massive innovation network.","8.8","9.2","9.2","Provided","Innovation Hub","British / US / IB","800","Aldar Academies","8.0","15%","Full Gov/Pri",,"AED 13,500–17,500","KHDA","LFI","GEMS Education","9.2","2026-05-26T10:41:07.832Z","0","[]",,"success","true","Aldar Education Portal, Teach Away, Gulf Talent, LinkedIn","https://aldareducation.com/careers/","Aldar Academies","1220983","aldar-education-1220983",,"Provided","2026-09-26T06:49:31.214Z","7","FLIS0027","For-Profit","https://aldareducation.com/careers/","800","For-Profit","true","2026-09-21T11:55:28.690Z","1789991728690","false","{""_nanoseconds"":317000000,""_seconds"":1788359816}","{""schoolId"":""FLIS0028"",""schoolName"":""Aldar Academies"",""category"":""LOW_TURNOVER"",""statusLabel"":""Low Turnover (Stable)"",""isUpdating"":false,""leadership_vacancies_count"":0,""primary_vacancies_count"":2,""senior_leadership_churn_percentage"":0,""leopardfishIntelAlert"":""Leopardfish Multi-Engine Audit: Stable retention pattern with 7 active vacancies detected across TES, GRC Search, and official school portals."",""churn_implications_commentary"":""Leopardfish Multi-Engine Audit: Stable retention pattern with 7 active vacancies detected across TES, GRC Search, and official school portals."",""secondary_vacancies_count"":5,""total_known_vacancies"":7,""estimated_churn_percentage"":1,""lastScrapedAt"":""2026-09-02T14:36:20.972Z"",""structured_vacancies"":[{""title"":""Physical Education Teacher"",""department"":""Secondary"",""source"":""TES"",""source_url"":""https://www.aldar-academies.com"",""date_listed"":""January 2027"",""date_closing"":null,""status"":""OPEN"",""recruitmentCycle"":""CURRENT""},{""title"":""Teacher - EYFS"",""department"":""Primary"",""source"":""TES"",""source_url"":""https://www.aldar-academies.com"",""date_listed"":""2026-08-24T20:00:00.000Z"",""date_closing"":""2026-12-29"",""status"":""OPEN"",""recruitmentCycle"":""CURRENT""},{""title"":""Teacher - Primary -"",""department"":""Primary"",""source"":""TES"",""source_url"":""https://www.aldar-academies.com"",""date_listed"":""2026-08-24T20:00:00.000Z"",""date_closing"":""2026-10-28"",""status"":""OPEN"",""recruitmentCycle"":""CURRENT""},{""title"":""Physical Education Teacher - Female - Immediate Start"",""department"":""Secondary"",""source"":""TES"",""source_url"":""https://www.aldar-academies.com"",""date_listed"":""Recently"",""date_closing"":null,""status"":""OPEN"",""recruitmentCycle"":""CURRENT""},{""title"":""Teacher - Science - Yasmina British Academy - October start"",""department"":""Secondary"",""source"":""TES"",""source_url"":""https://www.aldar-academies.com"",""date_listed"":""Recently"",""date_closing"":null,""status"":""OPEN"",""recruitmentCycle"":""CURRENT""},{""title"":""Physical Education Teacher - January 2027 StartAldar Education, Abu DhabiAldar E"",""department"":""Secondary"",""source"":""TES"",""source_url"":""https://www.aldar-academies.com"",""date_listed"":""Recently"",""date_closing"":null,""status"":""OPEN"",""recruitmentCycle"":""CURRENT""},{""title"":""Teacher-Math- Mubarak Bin Mohammed Cycle 2 & 3 Charter School - AY 26-27"",""department"":""Secondary"",""source"":""Teach Away"",""source_url"":""https://www.aldar-academies.com"",""date_listed"":""2026-08-31"",""date_closing"":null,""status"":""CLOSED"",""recruitmentCycle"":""CURRENT""}],""scrapedJobsList"":[""Teacher - EYFS (Posted: 2026-08-24T20:00:00.000Z; Closes: 2026-12-29) - TES"",""Teacher-Math- Mubarak Bin Mohammed Cycle 2 & 3 Charter School - AY 26-27 (Posted: 2026-08-31) - Teach Away"",""Teacher - Primary - (Term 2 - AY 26/27) (Posted: 2026-08-24T20:00:00.000Z; Closes: 2026-10-28) - TES"",""Physical Education Teacher - Female - Immediate Start - TES"",""Teacher - EYFS - (Term 2 - AY 26/27) - Aldar Education - TES"",""Teacher - EYFS - Aldar Education (Immediate Start)Aldar Education, United Arab EmiratesAldar Education are currently seeking an outstanding Teacher - EYFS in Abu Dhabi to join in Academic Year 2026/2027. This is an exciting opportunity to join the highly successful Aldar family. Candidates must have a secure knowledge of... - TES"",""Teacher - Science - Yasmina British Academy - October start - TES"",""Teacher - Primary - Aldar Education (Immediate Start)Aldar Education, United Arab EmiratesAldar Education are currently seeking an outstanding Teacher - Primary in Abu Dhabi to join in Academic Year 2026/2027. This is an exciting opportunity to join the highly successful Aldar family. Candidates must have a secure knowledge of... - TES"",""Teacher - EYFS - Aldar Education (Immediate Start) - TES"",""Teacher - EYFS - - Aldar Education - TES"",""Teacher - Primary - (Term 2 - AY 26/27) - Aldar EducationAldar Education, Abu DhabiAldar Education are currently seeking an outstanding Teacher - Primary in Abu Dhabi to join in Academic Year 2026/2027. This is an exciting opportunity to join the highly successful Aldar family. Candidates must have a secure knowledge of... - TES"",""Teacher - Primary - Aldar Education (Immediate Start) - TES"",""Teacher - Science (Maternity Cover) - Yasmina British Academy - October startAldar Education, United Arab EmiratesAldar Education are currently seeking an outstanding Teacher - Science (Maternity Cover) for Yasmina British Academy in Abu Dhabi to join in October 2026. Yasmina British Academy is an outstanding English Curriculum school in the beautiful city... - TES"",""Teacher-Math- Mubarak Bin Mohammed Cycle 2 & 3 Charter School - AY 26-27 (Posted: Recently) - Teach Away"",""Physical Education Teacher - Female - Immediate StartAldar Education, Abu DhabiAldar Education is seeking an outstanding Teacher of Physical Education to join out Team in Abu Dhabi. We are looking for candidates who can start immediately. - TES"",""Teacher - Primary - Aldar Education - TES"",""Teacher - Primary - (Term 2 - AY 26/27) - Aldar Education - TES"",""Physical Education Teacher - TES"",""Teacher - Science (Maternity Cover) - Yasmina British Academy - October start - TES"",""Physical Education Teacher (January 2027) - TES"",""Teacher - EYFS - (Term 2 - AY 26/27) - Aldar EducationAldar Education, Abu DhabiAldar Education are currently seeking an outstanding Teacher - EYFS in Abu Dhabi to join in Academic Year 2026/2027. This is an exciting opportunity to join the highly successful Aldar family. Candidates must have a secure knowledge of... - TES"",""Physical Education Teacher - January 2027 StartAldar Education, Abu DhabiAldar Education is seeking an outstanding Teacher of Physical Education to join out Team in Abu Dhabi. We are looking for candidates who can start immediately. - TES""],""vacancies_discovered"":[{""title"":""Physical Education Teacher"",""department"":""Secondary"",""source"":""TES"",""source_url"":""https://www.aldar-academies.com"",""date_listed"":""January 2027"",""date_closing"":null,""status"":""OPEN"",""recruitmentCycle"":""CURRENT""},{""title"":""Teacher - EYFS"",""department"":""Primary"",""source"":""TES"",""source_url"":""https://www.aldar-academies.com"",""date_listed"":""2026-08-24T20:00:00.000Z"",""date_closing"":""2026-12-29"",""status"":""OPEN"",""recruitmentCycle"":""CURRENT""},{""title"":""Teacher - Primary -"",""department"":""Primary"",""source"":""TES"",""source_url"":""https://www.aldar-academies.com"",""date_listed"":""2026-08-24T20:00:00.000Z"",""date_closing"":""2026-10-28"",""status"":""OPEN"",""recruitmentCycle"":""CURRENT""},{""title"":""Physical Education Teacher - Female - Immediate Start"",""department"":""Secondary"",""source"":""TES"",""source_url"":""https://www.aldar-academies.com"",""date_listed"":""Recently"",""date_closing"":null,""status"":""OPEN"",""recruitmentCycle"":""CURRENT""},{""title"":""Teacher - Science - Yasmina British Academy - October start"",""department"":""Secondary"",""source"":""TES"",""source_url"":""https://www.aldar-academies.com"",""date_listed"":""Recently"",""date_closing"":null,""status"":""OPEN"",""recruitmentCycle"":""CURRENT""},{""title"":""Physical Education Teacher - January 2027 StartAldar Education, Abu DhabiAldar E"",""department"":""Secondary"",""source"":""TES"",""source_url"":""https://www.aldar-academies.com"",""date_listed"":""Recently"",""date_closing"":null,""status"":""OPEN"",""recruitmentCycle"":""CURRENT""},{""title"":""Teacher-Math- Mubarak Bin Mohammed Cycle 2 & 3 Charter School - AY 26-27"",""department"":""Secondary"",""source"":""Teach Away"",""source_url"":""https://www.aldar-academies.com"",""date_listed"":""2026-08-31"",""date_closing"":null,""status"":""CLOSED"",""recruitmentCycle"":""CURRENT""}],""metrics"":{""leadershipVacanciesCount"":0,""primaryVacanciesCount"":2,""riskRating"":""LOW"",""leadershipChurnRatioPercent"":0,""totalKnownVacancies"":7,""estimatedStaffBase"":""800"",""secondaryVacanciesCount"":5,""estimatedChurnRatePercent"":1,""averageYearlyTesAdverts"":7}}","2026-09-02T14:36:20.972Z","AED","2025/2026","15500","Market Evidence — Range Midpoint","High","2026-09-27T07:09:31.926Z","15500","https://aldareducation.com","2026-09-27T07:09:31.926Z"
"FLIS0028","9.0","United Arab Emirates","18-22","Dubai","Good","9.1","1:10","IB, COBIS, BSO","9.4","Elite British results.","9.1","9.1","9.4","Provided","Microsoft Gold","British / IB","200","JESS Dubai","8.8","25%","Premium",,"AED 15,500–21,000","ADEK","LFI","Aldar","9.1","2026-05-26T10:41:07.832Z","0","[]",,"success","true","Teach Away, Gulf Talent, Search Associates, LinkedIn","https://www.jess.sch.ae/careers","JESS Dubai","1055094","jumeirah-english-speaking-school-jess-1055094","{""devices"":[""Microsoft PC""],""suite"":[""Microsoft 365""],""lms"":[]}","Provided","2026-09-26T06:49:31.214Z","9","FLIS0028","Non-Profit*","https://www.jess.sch.ae/careers","200","Non-Profit*","true","2026-09-21T11:55:52.999Z","1789991752999","false","{""_nanoseconds"":436000000,""_seconds"":1788076627}",,"2026-08-30T07:57:07.434Z","AED","2025/2026","18250","Market Evidence — Range Midpoint","High","2026-09-27T07:09:31.926Z","18250","https://www.jess.sch.ae","2026-09-27T07:09:31.926Z"
"FLIS0029","8.8","India","18-20","Bengaluru","Good","8.3","1:9","IB, CIS","8.7","Holistic cognitive growth.","8.5","6.5","8.8","Subsidised","Fine Arts Focus","IB","100","Neev Academy","9.2","25%","Standard",,"$2,385.00","KHDA","LFI","Parent Cooperative","6.5","2026-05-26T10:41:07.832Z","0","[]",,"success","true","Schrole, Naukri.com, LinkedIn","https://neevacademy.org/careers/","Neev Academy",,,,"Subsidised","2026-09-26T06:49:31.214Z","5","FLIS0029","Non-Profit","https://neevacademy.org/careers/","100","Non-Profit","true","2026-09-25T11:31:42.223Z","1790335902223","false","{""_nanoseconds"":390000000,""_seconds"":1788076641}",,"2026-08-30T07:57:21.389Z","INR","2025/2026","95000","MODELLED_ESTIMATE","Medium","2026-09-25T08:09:37.269Z","95000","https://neevacademy.org","2026-09-25T12:18:17.167Z"
"FLIS0030","8.2","India","20","Mumbai","Good","8.2","1:5","IB","9.0","Holistic Mumbai leader.","8.4","6.8","8.8","Subsidised","Google Workspace","IGCSE / IB","80","Bombay Int'l","8.8","22%","Standard",,"$2,100.00","CIS","LFI","Private / Family","6.8","2026-05-26T10:41:07.832Z","0","[]",,"success","true","Naukri.com, LinkedIn","https://bis.edu.in/careers/","Bombay Int'l",,,"{""devices"":[],""suite"":[""Google Workspace""],""lms"":[]}","Subsidised","1789148314021","0","FLIS0030","For-Profit","https://bis.edu.in/careers/","80","For-Profit","true",,,"false","{""_nanoseconds"":387000000,""_seconds"":1788076634}",,"2026-08-30T07:57:14.386Z","INR","2025/2026","90000","MODELLED_ESTIMATE","Medium","2026-09-25T08:09:37.269Z","90000","https://bis.edu.in","2026-09-25T12:18:17.167Z"
"FLIS0031","8.8","Singapore","18-22","Singapore","Good","8.8","1:12","IB","9.5","High-performance boarding.","8.5","9.6","9.2","Subsidised","Microsoft/LMS","IGCSE / IB","120","Hwa Chong Int'l","7.6","18%","Full Private",,"$3,685.00","IB / CIS","LFI","Parent Cooperative","9.6","2026-05-26T10:41:07.832Z","0","[]",,"success","true","JobStreet Singapore, LinkedIn","https://www.hcis.edu.sg/careers/","Hwa Chong Int'l",,,"{""devices"":[""Microsoft PC""],""suite"":[""Microsoft 365""],""lms"":[]}","Subsidised","1789148314021","0","FLIS0031","Non-Profit","https://www.hcis.edu.sg/careers/","120","Non-Profit","true",,,"false","{""_nanoseconds"":269000000,""_seconds"":1788076628}",,"2026-08-30T07:57:08.267Z","SGD","2025/2026","7400","STRONG_MARKET_EVIDENCE","High","2026-09-25T08:11:30.105Z","7400","https://www.hcis.edu.sg","2026-09-25T12:18:17.167Z"
"FLIS0032","9.4","China","18-20","Shenzhen","Good","9.0","1:8","IB, CIS","8.8","Tech-centric SZ leader.","9.5","8.8","8.9","Provided","Apple Dist.","IB","130","IS Nanshan","8.6","25%","Premium",,"$3,765.00","IB / CPE","LFI","Hwa Chong Board","8.8","2026-05-26T10:41:07.832Z","0","[]",,"success","true","Search Associates, ISS, eChinaCareers","https://www.isnsz.com/careers","IS Nanshan",,,"{""devices"":[""Apple Mac""],""suite"":[""Apple Ecosystem""],""lms"":[]}","Provided","1789148314021","0","FLIS0032","Non-Profit","https://www.isnsz.com/careers","130","Non-Profit","true",,,"false","{""_nanoseconds"":536000000,""_seconds"":1788076636}",,"2026-08-30T07:57:16.534Z","CNY","2025/2026","28000","STRONG_MARKET_EVIDENCE","High","2026-09-25T08:11:30.106Z","28000","https://www.isnsz.com","2026-09-25T12:18:17.167Z"
"FLIS0033","9.5","China","18-22","Shanghai","Good","9.3","1:6","IB, COBIS","9.4","Premium British flagship.","9.6","8.8","9.4","Provided","High-Tech Lab","British / IB","200","Wellington Shanghai","9.0","30%","Premium",,"$4,120.00","New Brunswick / IB","LFI","Canadian International (GZ)","8.8","2026-05-26T10:41:07.832Z","0","[]",,"success","true","Wellington China Portal, Search Associates, Schrole","https://shanghai.wellingtoncollege.cn/join-us","Wellington Shanghai","1067101","wellington-college-international-shanghai-1067101",,"Provided","2026-09-26T06:49:31.214Z","1","FLIS0033","For-Profit","https://shanghai.wellingtoncollege.cn/join-us","200","For-Profit","true",,,"false","{""_nanoseconds"":862000000,""_seconds"":1788076695}",,"2026-08-30T07:58:15.861Z","CNY","2025/2026","33333","STRONG_MARKET_EVIDENCE","High","2026-09-25T08:11:30.106Z","33333","https://shanghai.wellingtoncollege.cn","2026-09-25T12:18:17.167Z"
"FLIS0034","9.2","China","15-20","Chengdu","Good","8.7","1:7","IB, CIS, NEASC","8.4","Expansive US/IB hub.","8.2","8.4","8.5","Provided","Managed Tablet","IB / US","100","Leman Chengdu","9.2","30%","Full Private",,"$3,230.00","BSO","LFI","Nord Anglia","8.4","2026-05-26T10:41:07.832Z","0","[]",,"success","true","Nord Anglia Career Portal, Search Associates, Schrole","https://www.nordangliaeducation.com/lis-chengdu/careers","Leman Chengdu","1071034","leman-international-school-chengdu-1071034","{""devices"":[""Apple iPad""],""suite"":[],""lms"":[]}","Provided","1789148314021","0","FLIS0034","For-Profit","https://www.nordangliaeducation.com/lis-chengdu/careers","100","For-Profit","true","2026-09-21T11:57:27.714Z","1789991847714","false","{""_nanoseconds"":391000000,""_seconds"":1788076637}",,"2026-08-30T07:57:17.390Z","CNY","2025/2026","26000","STRONG_MARKET_EVIDENCE","High","2026-09-25T08:11:30.107Z","26000","https://www.nordangliaeducation.com","2026-09-25T12:18:17.167Z"
"FLIS0035","8.4","Singapore","22-26","Singapore","Good","8.9","1:14","IB","8.6","AI-integrated campus.","9.8","9.6","9.1","Subsidised","AI-Enhanced Class","CBSE / IB","200","GIIS SMART","8.0","20%","Standard",,"$3,080.00","CIS","LFI","Global Schools Foundation","9.6","2026-05-26T10:41:07.832Z","0","[]",,"success","true","Global Schools Foundation Portal, JobStreet, LinkedIn","https://singapore.globalindianschool.org/careers","GIIS SMART",,,,"Subsidised","1789148314021","0","FLIS0035","For-Profit","https://singapore.globalindianschool.org/careers","200","For-Profit","true",,,"false","{""_nanoseconds"":443000000,""_seconds"":1788076631}",,"2026-08-30T07:57:11.441Z","SGD","2025/2026","5400","MODELLED_ESTIMATE","Medium","2026-09-25T08:11:30.107Z","5400","https://singapore.globalindianschool.org","2026-09-25T12:18:17.167Z"
"FLIS0036","7.6","Czechia","22","Prague","Premier","8.0","1:9","MEYS / IB","9.2","Elite Academic Standing","8.0","9.5","8.8","Not Included","ManageBac","IB DP","80","New PORG Prague","7.0","18","Public/Private",,"$2,340","CSI","LFI","PORG Foundation","9.5","2026-05-26T10:41:07.832Z","0","[]",,"success","true","Prace.cz, LinkedIn","https://www.porg.cz/en/careers","New PORG Prague","1057493","porg-prague-1057493","{""devices"":[],""suite"":[],""lms"":[""ManageBac""]}","Not Included","1789148314021","0","FLIS0036","Non-Profit","https://www.porg.cz/en/careers","75","Non-Profit","true","2026-09-21T11:57:39.704Z","1789991859704","false","{""_nanoseconds"":30000000,""_seconds"":1788076627}",,"2026-08-30T07:57:07.028Z","CZK","2025/2026","55000","MODELLED_ESTIMATE","Medium","2026-09-25T08:11:30.107Z","55000","https://www.porg.cz","2026-09-25T12:18:17.167Z"
"FLIS0037","7.2","France","20-25","Paris","Good","7.9","1:9","IB, CIS","9.7","Prestigious Paris bilingual institution operating under a contrat d'association with the French state. Compensation follows official French Ministry scales with mandatory 50% Navigo transit subsidies and full French social security, while housing is self-funded.","8.4","6.8","9.5","Self-Funded (Petite Couronne Commuter Benchmark: €1,150/mo; Boulogne/Issy/Levallois via direct Metro/RER. Garantie Visale institutional guarantor support provided)","Bilingual Hub","French Ministry of Education / IB Continuum (PYP / MYP / DP)","250","Ecole Jeannine Manuel","7.5","15%","Comprehensive (State Sécurité Sociale + Co-funded Mutuelle)",,"EUR 26,000 - 38,000 / year (Net ~€2,075 - €2,850/mo)","Czech Ministry","LFI","Non-Profit Foundation","6.8","2026-05-26T10:41:07.832Z","0","[]",,"success","true","Search Associates, LinkedIn","https://www.ecolejeanninemanuel.org/en/work-with-us/","Ecole Jeannine Manuel","1057899","ecole-jeannine-manuel-paris-1057899",,"Not Included","1789148314021","0","FLIS0037","Non-Profit","https://www.ecolejeanninemanuel.org/en/work-with-us/","250","Non-Profit","true",,,"false","{""_nanoseconds"":266000000,""_seconds"":1788284841}","{""schoolId"":""FLIS0038"",""schoolName"":""Ecole Jeannine Manuel"",""category"":""LOW_TURNOVER"",""statusLabel"":""Low Turnover (Stable)"",""isUpdating"":false,""leadership_vacancies_count"":0,""primary_vacancies_count"":0,""senior_leadership_churn_percentage"":0,""leopardfishIntelAlert"":""Leopardfish Multi-Engine Audit: Stable retention pattern with 4 active vacancies detected across TES, GRC Search, and official school portals."",""churn_implications_commentary"":""Leopardfish Multi-Engine Audit: Stable retention pattern with 4 active vacancies detected across TES, GRC Search, and official school portals."",""secondary_vacancies_count"":4,""total_known_vacancies"":4,""estimated_churn_percentage"":7,""lastScrapedAt"":""2026-09-01T17:44:44.793Z"",""structured_vacancies"":[{""title"":""Responsable Safeguarding"",""department"":""Secondary"",""source"":""Globeducate"",""source_url"":""https://www.ecole-jeannine-manuel.com"",""date_listed"":""2026-08-31T15:53:16.561Z"",""date_closing"":null,""status"":""OPEN"",""recruitmentCycle"":""CURRENT""},{""title"":""Agent"",""department"":""Secondary"",""source"":""Globeducate"",""source_url"":""https://www.ecole-jeannine-manuel.com"",""date_listed"":""2026-08-31T15:53:16.555Z"",""date_closing"":null,""status"":""OPEN"",""recruitmentCycle"":""CURRENT""},{""title"":""Professeur"",""department"":""Secondary"",""source"":""Globeducate"",""source_url"":""https://www.ecole-jeannine-manuel.com"",""date_listed"":""2026-08-31T15:53:16.554Z"",""date_closing"":null,""status"":""OPEN"",""recruitmentCycle"":""CURRENT""},{""title"":""Surveillant"",""department"":""Secondary"",""source"":""Globeducate"",""source_url"":""https://www.ecole-jeannine-manuel.com"",""date_listed"":""2026-08-31T15:53:16.552Z"",""date_closing"":null,""status"":""OPEN"",""recruitmentCycle"":""CURRENT""}],""scrapedJobsList"":[""Responsable Safeguarding (H/F) (Posted: 2026-08-31T15:53:16.561Z) - Globeducate"",""Professeur(e) d'Histoire Géographie (H/F) (Posted: 2026-08-31T15:53:16.554Z) - Globeducate"",""Surveillant(e) Pause méridienne (H/F) (Posted: 2026-08-31T15:53:16.552Z) - Globeducate"",""Professeur(e) d'anglais (H/F) (Posted: 2026-08-31T15:53:16.555Z) - Globeducate"",""Agent(e) de maintenance polyvalent(e) (H/F) (Posted: 2026-08-31T15:53:16.555Z) - Globeducate"",""Professeur(e) d'espagnol H/F (Posted: 2026-08-31T15:53:16.555Z) - Globeducate"",""Professeur / Professeure de Français Langue Etrangère (FLE) (H/F) (Posted: 2026-08-31T15:53:16.559Z) - Globeducate"",""Professeur(e) de Français (H/F) (Posted: 2026-08-31T15:53:16.555Z) - Globeducate"",""Responsable Safeguarding (H/F) - Globeducate"",""Professeur(e) d'Histoire Géographie (H/F) - Globeducate"",""Surveillant(e) Pause méridienne (H/F) - Globeducate"",""Professeur(e) d'anglais (H/F) - Globeducate"",""Agent(e) de maintenance polyvalent(e) (H/F) - Globeducate"",""Professeur(e) d'espagnol H/F - Globeducate"",""Professeur / Professeure de Français Langue Etrangère (FLE) (H/F) - Globeducate"",""Professeur(e) de Français (H/F) - Globeducate""],""vacancies_discovered"":[{""title"":""Responsable Safeguarding"",""department"":""Secondary"",""source"":""Globeducate"",""source_url"":""https://www.ecole-jeannine-manuel.com"",""date_listed"":""2026-08-31T15:53:16.561Z"",""date_closing"":null,""status"":""OPEN"",""recruitmentCycle"":""CURRENT""},{""title"":""Agent"",""department"":""Secondary"",""source"":""Globeducate"",""source_url"":""https://www.ecole-jeannine-manuel.com"",""date_listed"":""2026-08-31T15:53:16.555Z"",""date_closing"":null,""status"":""OPEN"",""recruitmentCycle"":""CURRENT""},{""title"":""Professeur"",""department"":""Secondary"",""source"":""Globeducate"",""source_url"":""https://www.ecole-jeannine-manuel.com"",""date_listed"":""2026-08-31T15:53:16.554Z"",""date_closing"":null,""status"":""OPEN"",""recruitmentCycle"":""CURRENT""},{""title"":""Surveillant"",""department"":""Secondary"",""source"":""Globeducate"",""source_url"":""https://www.ecole-jeannine-manuel.com"",""date_listed"":""2026-08-31T15:53:16.552Z"",""date_closing"":null,""status"":""OPEN"",""recruitmentCycle"":""CURRENT""}],""metrics"":{""estimatedStaffBase"":60,""leadershipVacanciesCount"":0,""primaryVacanciesCount"":0,""riskRating"":""LOW"",""leadershipChurnRatioPercent"":0,""totalKnownVacancies"":4,""secondaryVacanciesCount"":4,""estimatedChurnRatePercent"":7,""averageYearlyTesAdverts"":4}}","2026-09-01T17:44:44.793Z","EUR","2025/2026","2800","STRONG_MARKET_EVIDENCE","High","2026-09-25T10:23:46.688Z","2800","https://www.ecolejeanninemanuel.org","2026-09-25T12:18:17.167Z"
"FLIS0038","7.4","Greece","18-22","Athens","Good","8.0","1:10","IB, COBIS, CIS","9.0","Premier British hub.","8.2","7.2","8.6","Not Included","British Standard","British / IB","120","St Catherine's","8.4","20%","Full Private",,"$2,255.00","CIS / French Ministry","LFI","Fondation J. Manuel","7.2","2026-05-26T10:41:07.832Z","0","[]",,"success","true","Search Associates, LinkedIn","https://www.stcatherines.gr/careers/","St Catherine's","1065747","st-catherine-s-british-school-1065747",,"Not Included","2026-09-26T06:49:31.214Z","1","FLIS0038","Non-Profit","https://www.stcatherines.gr/careers/","120","Non-Profit","true",,,"false","{""_nanoseconds"":611000000,""_seconds"":1788076659}",,"2026-08-30T07:57:39.610Z","EUR","2025/2026","2400","STRONG_MARKET_EVIDENCE","High","2026-09-25T08:11:30.107Z","2400","https://www.stcatherines.gr","2026-09-25T12:18:17.167Z"
"FLIS0039","7.0","Monaco","15-20","Monaco","Good","8.6","1:8","IB, CIS","8.8","Ultra-premium boutique.","9.2","9.8","8.2","Not Included","Ultra-Premium","IB","90","IS Monaco","8.0","20%","Premium",,"$3,850.00","BSO","LFI","Association / Parent Board","9.8","2026-05-26T10:41:07.832Z","0","[]",,"success","true","Search Associates, LinkedIn","https://www.ismonaco.org/careers","IS Monaco","1057564","international-school-of-monaco-1057564",,"Not Included","1789148314021","0","FLIS0039","Non-Profit","https://www.ismonaco.org/careers","90","Non-Profit","true",,,"false","{""_seconds"":1790312520,""_nanoseconds"":317000000}","{""schoolId"":""FLIS0039"",""schoolName"":""IS Monaco"",""category"":""INSIGHT_UNAVAILABLE"",""statusLabel"":""Low Turnover (Stable)"",""isUpdating"":false,""lastScrapedAt"":""2026-09-25T05:02:00.315Z"",""metrics"":{""estimatedStaffBase"":90,""totalKnownVacancies"":0,""estimatedChurnRatePercent"":0,""leadershipVacanciesCount"":0,""secondaryVacanciesCount"":0,""primaryVacanciesCount"":0,""riskRating"":""INSIGHT_UNAVAILABLE"",""leadershipChurnRatioPercent"":0,""averageYearlyTesAdverts"":0},""scrapedJobsList"":[],""vacancies_discovered"":[],""structured_vacancies"":[],""total_known_vacancies"":0,""estimated_churn_percentage"":0,""leadership_vacancies_count"":0,""secondary_vacancies_count"":0,""primary_vacancies_count"":0,""leopardfishIntelAlert"":""No active public vacancies have been detected for this institution within the current 12-month recruitment cycle. This indicates either an exceptionally high staff retention profile or the utilization of localized, non-indexed internal application portals. Quantitative stability metrics cannot be calculated at this time."",""churn_implications_commentary"":""No active public vacancies have been detected for this institution within the current 12-month recruitment cycle. This indicates either an exceptionally high staff retention profile or the utilization of localized, non-indexed internal application portals. Quantitative stability metrics cannot be calculated at this time."",""senior_leadership_churn_percentage"":0,""staffroom_commentary"":""No active public vacancies have been detected for this institution within the current 12-month recruitment cycle. This indicates either an exceptionally high staff retention profile or the utilization of localized, non-indexed internal application portals. Quantitative stability metrics cannot be calculated at this time.""}","2026-09-25T05:02:00.315Z","EUR","2025/2026","4333","STRONG_MARKET_EVIDENCE","High","2026-09-25T07:25:58.678Z","4333","https://www.ismonaco.org","2026-09-25T12:18:17.167Z"
"FLIS0040","7.6","Italy","20-24","Milan","Good","8.0","1:10","IB, COBIS","9.4","Top-performing hybrid.","8.4","7.0","8.5","Not Included","Managed LMS","British / IB","150","St Louis Milan","7.8","18%","Full Private","https://world-schools.com/wp-content/uploads/2025/01/WSgallery_St-Louis-School_1-1536x768.jpg","$2,040.00","CIS","LFI","Association / Board","7.0","2026-05-26T10:41:07.832Z","0","[]",,"success","true","Inspired Education Portal, Search Associates, LinkedIn","https://www.stlouisschool.com/careers","St Louis Milan","1058481","st-louis-school-caviglia-1058481",,"Not Included","2026-09-26T06:49:31.214Z","0","FLIS0040","Non-Profit","https://www.stlouisschool.com/careers","150","Non-Profit","true","2026-09-21T11:57:59.808Z","1789991879808","false","{""_nanoseconds"":657000000,""_seconds"":1788076626}",,"2026-08-30T07:57:06.656Z","EUR","2025/2026","2400","STRONG_MARKET_EVIDENCE","High","2026-09-25T08:11:30.107Z","2400","https://www.stlouisschool.com","2026-09-25T12:18:17.167Z"
"FLIS0041","8.5","India","20-22","Gurugram","Good","8.3","1:9","IB","8.7","Experiential leader.","9.2","6.0","8.4","Subsidised","Maker Space Hub","IB/IGCSE/CBSE","130","Heritage Gurugram","9.0","25%","Standard",,"$2,510.00","CIS","LFI","Inspired","6.0","2026-05-26T10:41:07.832Z","0","[]",,"success","true","Naukri.com, LinkedIn","https://www.heritagexperiential.org/careers/","Heritage Gurugram",,,,"Subsidised","1789148314021","0","FLIS0041","For-Profit","https://www.heritagexperiential.org/careers/","130","For-Profit","true","2026-09-21T11:58:34.460Z","1789991914460","false","{""_nanoseconds"":411000000,""_seconds"":1788076661}",,"2026-08-30T07:57:41.410Z","INR","2025/2026","90000","MODELLED_ESTIMATE","Medium","2026-09-25T08:11:30.107Z","90000","https://www.heritagexperiential.org","2026-09-25T12:18:17.167Z"
"FLIS0042","7.9","Oman","Average 18; Cap at 22","Muscat","High-End International","7.9","1:9","CIS, BSO, ISI","8.2","High-End International","8.0","9.5","8.8","Premium furnished housing or high-value allowance","1:1 Laptop program; Canvas integration","British (iGCSE, A-Level)","85","Cheltenham Muscat","7.4","20%","Comprehensive global coverage including dental/repatriation",,"OMR 1,550/month","ISI Outstanding Status","LFI","Cognita","9.5","2026-05-26T10:41:07.832Z","0","[]",,"success","true","Cognita Careers Portal, Teacher Horizons, LinkedIn","https://cheltenhammuscat.com/careers/","Cheltenham Muscat","1224896","cheltenham-muscat-1224896","{""lms"":[""iSAMS"",""Firefly"",""Seesaw""],""suite"":[""Microsoft 365"",""Google Workspace""],""devices"":[]}","Premium furnished housing or high-value allowance","2026-09-26T06:49:31.214Z","4","FLIS0042","For-Profit","https://cheltenhammuscat.com/careers/","8500%","For-Profit","true","2026-09-21T11:57:58.126Z","1789991878126","false","{""_nanoseconds"":836000000,""_seconds"":1788161872}","{""schoolId"":""FLIS0044"",""schoolName"":""Cheltenham Muscat"",""category"":""LOW_TURNOVER"",""statusLabel"":""Low Turnover (Stable)"",""isUpdating"":false,""lastScrapedAt"":""2026-08-31T07:37:51.541Z"",""metrics"":{""estimatedStaffBase"":85,""totalKnownVacancies"":2,""estimatedChurnRatePercent"":2,""leadershipVacanciesCount"":0,""secondaryVacanciesCount"":2,""primaryVacanciesCount"":0,""riskRating"":""LOW"",""leadershipChurnRatioPercent"":0,""averageYearlyTesAdverts"":2},""scrapedJobsList"":[""Teacher of Maths (Posted: 2026-08-26T04:40:00.000Z; Closes: 2026-08-29) - TES"",""Teacher of BTEC Business (Level 3) (Posted: 2026-08-26T04:40:00.000Z; Closes: 2026-09-11) - TES"",""Apply - School Web"",""Our Extra - School Web"",""Teacher of Maths (August 2026) - TES"",""Open Days - School Web"",""Teacher of BTEC Business (Level 3) (August 2026)Cheltenham Muscat, Oman - TES"",""Principal’s Welcome - School Web"",""Teacher of Maths (August 2026)Cheltenham Muscat, Oman - TES"",""Teacher of BTEC Business (Level 3) (August 2026) - TES"",""Teacher of Maths (August 2026) (Posted: Recently; Closes: 2026-08-30) - TES"",""Teacher of BTEC Business - TES"",""Teacher of BTEC Business (Level 3) (August 2026) (Posted: Recently; Closes: 2026-09-12) - TES"",""Teacher of Maths - TES""],""vacancies_discovered"":[{""title"":""Teacher of BTEC Business"",""department"":""Secondary"",""source"":""TES"",""source_url"":""https://www.cheltenham-muscat.com"",""date_listed"":""2026-08-26T04:40:00.000Z"",""date_closing"":""2026-09-11"",""status"":""OPEN"",""recruitmentCycle"":""CURRENT""},{""title"":""Teacher of Maths"",""department"":""Secondary"",""source"":""TES"",""source_url"":""https://www.cheltenham-muscat.com"",""date_listed"":""2026-08-26T04:40:00.000Z"",""date_closing"":null,""status"":""CLOSED"",""recruitmentCycle"":""CURRENT""}],""structured_vacancies"":[{""title"":""Teacher of BTEC Business"",""department"":""Secondary"",""source"":""TES"",""source_url"":""https://www.cheltenham-muscat.com"",""date_listed"":""2026-08-26T04:40:00.000Z"",""date_closing"":""2026-09-11"",""status"":""OPEN"",""recruitmentCycle"":""CURRENT""},{""title"":""Teacher of Maths"",""department"":""Secondary"",""source"":""TES"",""source_url"":""https://www.cheltenham-muscat.com"",""date_listed"":""2026-08-26T04:40:00.000Z"",""date_closing"":null,""status"":""CLOSED"",""recruitmentCycle"":""CURRENT""}],""total_known_vacancies"":2,""estimated_churn_percentage"":2,""leadership_vacancies_count"":0,""secondary_vacancies_count"":2,""primary_vacancies_count"":0,""leopardfishIntelAlert"":""Leopardfish Multi-Engine Audit: Stable retention pattern with 2 active vacancies detected across TES, GRC Search, and official school portals."",""churn_implications_commentary"":""Leopardfish Multi-Engine Audit: Stable retention pattern with 2 active vacancies detected across TES, GRC Search, and official school portals."",""senior_leadership_churn_percentage"":0}","2026-08-31T07:37:51.541Z","OMR","2025/2026","1400","STRONG_MARKET_EVIDENCE","High","2026-09-25T08:11:30.107Z","1400","https://cheltenhammuscat.com","2026-09-25T12:18:17.167Z"
"FLIS0043","8.2","India","18-22","Bengaluru","Good","8.2","1:10","IB","9.4","Academic powerhouse.","8.6","6.5","9.0","Provided","Standard Lab","IGCSE / IB","140","TISB Bangalore","8.4","20%","Standard",,"$2,740.00","BSO","LFI","Jeju Free Int. City (JDC)","6.5","2026-05-26T10:41:07.832Z","0","[]",,"success","true","Naukri.com, LinkedIn, Search Associates","https://www.tisb.org/careers","TISB Bangalore",,,,"Provided","1789148314021","0","FLIS0043","For-Profit","https://www.tisb.org/careers","140","For-Profit","true",,,"false","{""_nanoseconds"":152000000,""_seconds"":1788076653}",,"2026-08-30T07:57:33.151Z","INR","2025/2026","140000","MODELLED_ESTIMATE","Medium","2026-09-25T08:11:30.107Z","140000","https://www.tisb.org","2026-09-25T12:18:17.167Z"
"FLIS0044","7.8","India","22-25","Kolkata","Good","7.6","1:12","IB","8.2","Academic Bengal leader.","7.5","6.2","8.1","Subsidised","Local Digital","GCE/IGCSE/IB","100","Calcutta Int'l","8.5","20%","Standard",,"$1,940.00","IB","LFI","Private / Trust","6.2","2026-05-26T10:41:07.832Z","0","[]",,"success","true","Naukri.com, LinkedIn","https://www.calcat.in/careers/","Calcutta Int'l",,,,"Subsidised","2026-09-25T12:29:24.933Z","0","FLIS0044","For-Profit","https://www.calcat.in/careers/","100","For-Profit","true",,,"false","{""_nanoseconds"":27000000,""_seconds"":1788076651}",,"2026-08-30T07:57:31.026Z","INR","2025/2026","75000","MODELLED_ESTIMATE","Medium","2026-09-25T08:11:30.107Z","75000","https://www.calcat.in","2026-09-25T12:18:17.167Z"
"FLIS0045","9.3","China","20-24","Shanghai","Good","8.8","1:11","IB","8.8","Rigorous SG-Math IB.","8.8","8.8","8.7","Provided","SG Math Tech","SG / IGCSE / IB","180","SSIS Shanghai","8.2","22%","Full Private",,"$3,725.00","BSO","LFI","Parent Cooperative","8.8","2026-05-26T10:41:07.832Z","0","[]",,"success","true","eChinaCareers, Search Associates, LinkedIn","https://www.ssis.asia/careers/","SSIS Shanghai",,,,"Provided","1789148314021","0","FLIS0045","Non-Profit","https://www.ssis.asia/careers/","180","Non-Profit","true",,,"false","{""_nanoseconds"":423000000,""_seconds"":1788076675}",,"2026-08-30T07:57:55.422Z","CNY","2025/2026","28500","STRONG_MARKET_EVIDENCE","High","2026-09-25T08:11:30.107Z","28500","https://www.ssis.asia","2026-09-25T12:18:17.167Z"
"FLIS0046","9.4","China","18-22","Suzhou","Good","9.1","1:8","IB, CIS, WASC","9.0","Tech-focused boarding.","9.3","8.9","9.1","Provided","STEAM Focus","British / IB","140","Dulwich Suzhou","9.1","30%","Premium",,"$3,625.00","BSO","LFI","Education in Motion (EiM)","8.9","2026-05-26T10:41:07.832Z","0","[]",,"success","true","Education in Motion (EiM) Portal, Search Associates, Schrole","https://suzhou.dulwich.org/careers","Dulwich Suzhou",,,,"Provided","1789148314021","0","FLIS0046","For-Profit","https://suzhou.dulwich.org/careers","140","For-Profit","true",,,"false","{""_nanoseconds"":678000000,""_seconds"":1788076658}",,"2026-08-30T07:57:38.677Z","CNY","2025/2026","30000","STRONG_MARKET_EVIDENCE","High","2026-09-25T07:25:58.678Z","30000","https://suzhou.dulwich.org","2026-09-25T12:18:17.167Z"
"FLIS0047","8.2","Switzerland","12-15","Villars","Good","9.0","1:4","IB, CIS, COBIS","9.4","World-leading Alpine.","9.4","9.8","9.4","Self-Funded (Unless Residential Boarding Houseparent Role)","Alpine Tech Hub","British / IB","120","Aiglon College","8.0","25%","Premium",,"$3,970.00","BSO","LFI","Education in Motion (EiM)","9.8","2026-05-26T10:41:07.832Z","0","[]",,"success","true","Search Associates, LinkedIn","https://www.aiglon.ch/careers","Aiglon College","1057219","aiglon-college-1057219",,"Provided","1790193420261","0","FLIS0047","For-Profit","https://www.aiglon.ch/careers","120","For-Profit","true","2026-09-21T11:58:58.122Z","1789991938122","false","{""_nanoseconds"":619000000,""_seconds"":1788076652}",,"2026-08-30T07:57:32.618Z","CHF","2025/2026","7833","STRONG_MARKET_EVIDENCE","High","2026-09-25T10:42:30.642Z","7833","https://www.aiglon.ch","2026-09-25T12:18:17.167Z"
"FLIS0048","7.2","Bahrain","20-24","Manama","Good","8.0","1:11","IB, MSA","8.5","US Reference hub.","8.5","7.2","8.8","Not Included","Google Reference","US / IB","130","Bahrain Middle High School (DoDEA)","8.4","20%","Standard",,"$2,370.00","BSO / CIS","LFI","Community Association","7.2","2026-05-26T10:41:07.832Z","0","[]",,"success","true","Search Associates, ISS, LinkedIn","https://bahrainmhs.dodea.edu/school-employment","Bahrain Middle High School (DoDEA)",,,"{""devices"":[],""suite"":[""Google Workspace""],""lms"":[]}","Not Included","1789148314021","0","FLIS0048","Non-Profit","https://bahrainmhs.dodea.edu/school-employment","130","Non-Profit","true","2026-09-21T12:29:31.551Z","1789993771551","false","{""_nanoseconds"":245000000,""_seconds"":1788076678}",,"2026-08-30T07:57:58.244Z","BHD","2025/2026","1700","MODELLED_ESTIMATE","Medium","2026-09-25T08:11:30.107Z","1700","https://bahrainmhs.dodea.edu","2026-09-25T12:18:17.167Z"
"FLIS0049","7.5","Czechia","18-22","Prague","Highly Regarded","8.6","1:9","IB, CIS, NEASC","8.8","Progressive Mac hub.","9.0","9.0","9.1","Not Included","1:1 Macbook","IB","115","IS Prague","8.6","25%","Full Private",,"$4,200.00","MSA","LFI","501(c)(3) Foundation","9.0","2026-05-26T10:41:07.832Z","0","[]",,"success","true","Search Associates, ISS, LinkedIn","https://www.isp.cz/careers","IS Prague",,,"{""devices"":[""Apple Mac""],""suite"":[""Apple Ecosystem""],""lms"":[]}","Not Included","1790337468362","1","FLIS0049","Non-Profit","https://www.isp.cz/careers","115","Non-Profit","true",,,"false","{""_nanoseconds"":893000000,""_seconds"":1788076673}",,"2026-08-30T07:57:53.892Z","CZK","2025/2026","85000","STRONG_MARKET_EVIDENCE","High","2026-09-25T08:11:30.107Z","85000","https://www.isp.cz","2026-09-25T12:18:17.167Z"
"FLIS0050","7.8","Germany","18-22","Frankfurt","Good","8.5","1:8","IB, CIS, NEASC","9.3","Established MS hub.","9.0","7.8","9.3","Not Included","MS Enterprise","IB","220","Frankfurt Int'l","8.8","25%","Full Private",,"$3,650","CIS / NEASC","LFI","Independent Board","7.8","2026-05-26T10:41:07.832Z","0","[]",,"success","true","Search Associates, ISS, LinkedIn","https://www.fis.edu/careers","Frankfurt Int'l","1277429","frankfurt-international-school-1277429","{""devices"":[],""suite"":[""Microsoft 365""],""lms"":[]}","Not Included","1789148314021","0","FLIS0050","Non-Profit","https://www.fis.edu/careers","220","Non-Profit","true",,,"false","{""_nanoseconds"":400000000,""_seconds"":1788076661}",,"2026-08-30T07:57:41.399Z","EUR","2025/2026","3500","STRONG_MARKET_EVIDENCE","High","2026-09-25T08:11:30.107Z","3500","https://www.fis.edu","2026-09-25T12:18:17.167Z"
"FLIS0051","7.4","Spain","22-26","Alicante","Good","8.1","1:12","COBIS, BSO","8.6","British Standard leader.","8.0","8.2","8.2","Not Included","British Standard","British","90","King's College School Alicante","8.2","18%","Standard",,"$2,165.00","CIS / NEASC","LFI","Inspired","8.2","2026-05-26T10:41:07.832Z","0","[]",,"success","true","Inspired Education Portal, LinkedIn","https://alicante.kingscollegeschool.es/careers/","King's College School Alicante","1055666","king-s-college-school-alicante-1055666",,"Not Included","1790193420261","2","FLIS0051","Non-Profit","https://alicante.kingscollegeschool.es/careers/","90","Non-Profit","true","2026-09-21T12:00:15.726Z","1789992015726","false","{""_nanoseconds"":287000000,""_seconds"":1788179025}","{""schoolId"":""FLIS0055"",""category"":""INSIGHT_UNAVAILABLE"",""statusLabel"":""Low Turnover (Stable)"",""isUpdating"":false,""scrapedJobsList"":[],""vacancies_discovered"":[],""structured_vacancies"":[],""total_known_vacancies"":0,""estimated_churn_percentage"":0,""leadership_vacancies_count"":0,""secondary_vacancies_count"":0,""primary_vacancies_count"":0,""leopardfishIntelAlert"":""No active public vacancies have been detected for this institution within the current 12-month recruitment cycle. This indicates either an exceptionally high staff retention profile or the utilization of localized, non-indexed internal application portals. Quantitative stability metrics cannot be calculated at this time."",""churn_implications_commentary"":""No active public vacancies have been detected for this institution within the current 12-month recruitment cycle. This indicates either an exceptionally high staff retention profile or the utilization of localized, non-indexed internal application portals. Quantitative stability metrics cannot be calculated at this time."",""senior_leadership_churn_percentage"":0,""staffroom_commentary"":""No active public vacancies have been detected for this institution within the current 12-month recruitment cycle. This indicates either an exceptionally high staff retention profile or the utilization of localized, non-indexed internal application portals. Quantitative stability metrics cannot be calculated at this time."",""lastScrapedAt"":""2026-08-31T12:23:45.277Z"",""metrics"":{""totalKnownVacancies"":0,""estimatedChurnRatePercent"":0,""leadershipVacanciesCount"":0,""secondaryVacanciesCount"":0,""primaryVacanciesCount"":0,""riskRating"":""INSIGHT_UNAVAILABLE"",""leadershipChurnRatioPercent"":0,""averageYearlyTesAdverts"":0,""estimatedStaffBase"":""90""},""schoolName"":""King's Alicante""}","2026-08-31T12:23:45.277Z","EUR","2025/2026","2100","MODELLED_ESTIMATE","Medium","2026-09-25T08:11:30.107Z","2100","https://alicante.kingscollegeschool.es","2026-09-25T12:18:17.167Z"
"FLIS0052","7.5","Italy","20-24","Rome","Good","8.0","1:11","IB, COBIS","8.9","Respected Rome hybrid.","8.2","7.2","8.4","Not Included","Mixed Ecosystem","British / IB","100","St George's Rome","8.0","20%","Full Private",,"$1,940.00","BSO","LFI","Independent Non-Profit","7.2","2026-05-26T10:41:07.832Z","0","[]",,"success","true","Schrole, Direct SchoolRecruiter","https://www.stgeorge.it/careers","St George's Rome","1058020","st-george-s-british-international-school-rome-1058020","{""devices"":[""Mixed Devices""],""suite"":[],""lms"":[]}","Not Included","2026-09-26T06:49:31.214Z","3","FLIS0052","For-Profit","https://www.stgeorge.it/careers","100","For-Profit","true","2026-09-21T12:00:10.937Z","1789992010937","false","{""_nanoseconds"":230000000,""_seconds"":1788076626}",,"2026-08-30T07:57:06.229Z","EUR","2025/2026","2500","STRONG_MARKET_EVIDENCE","High","2026-09-25T08:11:30.107Z","2500","https://www.stgeorge.it","2026-09-25T12:18:17.167Z"
"FLIS0053","7.6","Spain","20-22","Barcelona","Good","8.1","1:10","IB, CIS","8.7","iPad Integrated hub.","8.5","7.4","8.3","Not Included","iPad Integrated","British / IB / Spanish","110","Oak House BCN","8.4","22%","Standard",,"$1,940.00","BSO","LFI","Independent Board","7.4","2026-05-26T10:41:07.832Z","0","[]",,"success","true","LinkedIn, InfoJobs Spain","https://www.oakhouseschool.com/careers","Oak House BCN","1057767","oak-house-school-1057767","{""devices"":[""Apple iPad""],""suite"":[""Apple Ecosystem""],""lms"":[]}","Not Included","1789148314021","0","FLIS0053","Non-Profit","https://www.oakhouseschool.com/careers","110","Non-Profit","true",,,"false","{""_nanoseconds"":66000000,""_seconds"":1788284774}","{""schoolId"":""FLIS0057"",""schoolName"":""Oak House BCN"",""category"":""LOW_TURNOVER"",""statusLabel"":""Low Turnover (Stable)"",""isUpdating"":false,""total_known_vacancies"":3,""estimated_churn_percentage"":5,""primary_vacancies_count"":1,""leopardfishIntelAlert"":""Leopardfish Multi-Engine Audit: Stable retention pattern with 3 active vacancies detected across TES, GRC Search, and official school portals."",""churn_implications_commentary"":""Leopardfish Multi-Engine Audit: Stable retention pattern with 3 active vacancies detected across TES, GRC Search, and official school portals."",""senior_leadership_churn_percentage"":0,""secondary_vacancies_count"":2,""lastScrapedAt"":""2026-09-01T17:44:44.822Z"",""structured_vacancies"":[{""title"":""Jefe/a de Administración"",""department"":""Secondary"",""source"":""Globeducate"",""source_url"":""https://www.oak-house-bcn.com"",""date_listed"":""2026-08-31T15:53:16.556Z"",""date_closing"":null,""status"":""OPEN"",""recruitmentCycle"":""CURRENT""},{""title"":""Primary Native Teacher - September 2026"",""department"":""Primary"",""source"":""Globeducate"",""source_url"":""https://www.oak-house-bcn.com"",""date_listed"":""2026-08-31T15:30:35.347Z"",""date_closing"":null,""status"":""OPEN"",""recruitmentCycle"":""CURRENT""},{""title"":""Chemistry Teacher"",""department"":""Secondary"",""source"":""Globeducate"",""source_url"":""https://www.oak-house-bcn.com"",""date_listed"":""2026-08-31T15:30:35.345Z"",""date_closing"":null,""status"":""OPEN"",""recruitmentCycle"":""CURRENT""}],""scrapedJobsList"":[""Chemistry Teacher (Posted: 2026-08-31T15:30:35.345Z) - Globeducate"",""Primary Native Teacher - September 2026 (Posted: 2026-08-31T15:30:35.347Z) - Globeducate"",""Jefe/a de Administración (Posted: 2026-08-31T15:53:16.556Z) - Globeducate"",""Chemistry Teacher - Globeducate"",""Primary Native Teacher - September 2026 - Globeducate"",""Jefe/a de Administración - Globeducate""],""vacancies_discovered"":[{""title"":""Jefe/a de Administración"",""department"":""Secondary"",""source"":""Globeducate"",""source_url"":""https://www.oak-house-bcn.com"",""date_listed"":""2026-08-31T15:53:16.556Z"",""date_closing"":null,""status"":""OPEN"",""recruitmentCycle"":""CURRENT""},{""title"":""Primary Native Teacher - September 2026"",""department"":""Primary"",""source"":""Globeducate"",""source_url"":""https://www.oak-house-bcn.com"",""date_listed"":""2026-08-31T15:30:35.347Z"",""date_closing"":null,""status"":""OPEN"",""recruitmentCycle"":""CURRENT""},{""title"":""Chemistry Teacher"",""department"":""Secondary"",""source"":""Globeducate"",""source_url"":""https://www.oak-house-bcn.com"",""date_listed"":""2026-08-31T15:30:35.345Z"",""date_closing"":null,""status"":""OPEN"",""recruitmentCycle"":""CURRENT""}],""metrics"":{""estimatedStaffBase"":60,""totalKnownVacancies"":3,""estimatedChurnRatePercent"":5,""primaryVacanciesCount"":1,""riskRating"":""LOW"",""leadershipChurnRatioPercent"":0,""averageYearlyTesAdverts"":3,""secondaryVacanciesCount"":2,""leadershipVacanciesCount"":0},""leadership_vacancies_count"":0}","2026-09-01T17:44:44.822Z","EUR","2025/2026","2200","MODELLED_ESTIMATE","Medium","2026-09-25T08:11:30.107Z","2200","https://www.oakhouseschool.com","2026-09-25T12:18:17.167Z"
"FLIS0054","8.0","Switzerland","18-22","Lausanne","Good","8.9","1:8","IB, CIS, NEASC","9.4","High-perf Canvas hub.","9.0","9.5","9.2","Not Included","Canvas/Mac","IB","140","IS Lausanne","8.5","25%","Premium",,"$4,095.00","BSO","LFI","Parent Foundation","9.5","2026-05-26T10:41:07.832Z","0","[]",,"success","true","Search Associates, LinkedIn","https://www.isl.ch/join-us/employment-opportunities","IS Lausanne",,,"{""devices"":[""Apple Mac""],""suite"":[""Apple Ecosystem""],""lms"":[""Canvas""]}","Not Included","1789148314021","0","FLIS0054","Non-Profit","https://www.isl.ch/join-us/employment-opportunities","140","Non-Profit","true",,,"false","{""_nanoseconds"":971000000,""_seconds"":1788076659}",,"2026-08-30T07:57:39.970Z","CHF","2025/2026","7917","STRONG_MARKET_EVIDENCE","High","2026-09-25T08:13:25.077Z","7917","https://www.isl.ch","2026-09-25T12:18:17.167Z"
"FLIS0055","8.1","Switzerland","12-15","Villars","Good","8.8","1:4","IB, CIS","9.2","Premium Media Hub.","9.2","9.8","9.1","Self-Funded (Unless Residential Boarding Houseparent Role)","Premium Media Hub","IB / French / US","80","Beau Soleil","7.8","20%","Premium",,"$4,155.00","CIS","LFI","Nord Anglia","9.8","2026-05-26T10:41:07.832Z","0","[]",,"success","true","Nord Anglia Careers Portal, TES","https://www.nordangliaeducation.com/careers","Beau Soleil","1057796","coll-ge-alpin-beau-soleil-sa-1057796",,"Provided","1789148314021","0","FLIS0055","For-Profit","https://www.nordangliaeducation.com/careers","80","For-Profit","true","2026-09-26T09:33:12.141Z","1790415192141","false","{""_nanoseconds"":292000000,""_seconds"":1788076652}",,"2026-08-30T07:57:32.290Z","CHF","2025/2026","7667","STRONG_MARKET_EVIDENCE","High","2026-09-25T10:42:30.642Z","7667","https://www.nordangliaeducation.com/beau-soleil","2026-09-25T12:18:17.167Z"
"FLIS0056","7.4","Czechia","20","Prague","Leading","7.9","1:10","HMC / IB","8.8","Distinguished Academic","7.5","9.5","8.6","Not Included","Google / G-Suite","IGCSE / IB DP","70","English College Prague","7.5","19","VZP+","https://www.englishcollege.cz/wp-content/uploads/2019/10/Open-Days.jpg","$2,430","BSO / CSI","LFI","ECP Foundation","9.5","2026-05-26T10:41:07.832Z","0","[]",,"success","true","Search Associates, LinkedIn","https://www.englishcollege.cz/careers/","English College Prague","1058144","english-college-in-prague-1058144","{""devices"":[],""suite"":[""Google Workspace""],""lms"":[]}","Not Included","2026-09-25T12:29:24.933Z","0","FLIS0056","Non-Profit","https://www.englishcollege.cz/careers/","65","Non-Profit","true","2026-09-21T12:00:57.542Z","1789992057542","false","{""_nanoseconds"":157000000,""_seconds"":1788188805}","{""schoolId"":""FLIS0061"",""schoolName"":""English College Prague"",""category"":""LOW_TURNOVER"",""statusLabel"":""Low Turnover (Stable)"",""isUpdating"":false,""lastScrapedAt"":""2026-08-31T15:06:43.804Z"",""metrics"":{""estimatedStaffBase"":""65"",""totalKnownVacancies"":6,""estimatedChurnRatePercent"":9,""leadershipVacanciesCount"":0,""secondaryVacanciesCount"":6,""primaryVacanciesCount"":0,""riskRating"":""LOW"",""leadershipChurnRatioPercent"":0,""averageYearlyTesAdverts"":6},""scrapedJobsList"":[""What our teachers say - School Web"",""Inspection Reports - School Web"",""Real Life Experiences - School Web"",""Work experience for ECP students - School Web"",""Teacher Training - School Web"",""ECP People - School Web""],""vacancies_discovered"":[{""title"":""What our teachers say"",""department"":""Secondary"",""source"":""School Web"",""source_url"":""https://www.english-college-prague.com"",""date_listed"":""Recently"",""date_closing"":null,""status"":""OPEN"",""recruitmentCycle"":""CURRENT""},{""title"":""Inspection Reports"",""department"":""Secondary"",""source"":""School Web"",""source_url"":""https://www.english-college-prague.com"",""date_listed"":""Recently"",""date_closing"":null,""status"":""OPEN"",""recruitmentCycle"":""CURRENT""},{""title"":""Real Life Experiences"",""department"":""Secondary"",""source"":""School Web"",""source_url"":""https://www.english-college-prague.com"",""date_listed"":""Recently"",""date_closing"":null,""status"":""OPEN"",""recruitmentCycle"":""CURRENT""},{""title"":""Work experience for ECP students"",""department"":""Secondary"",""source"":""School Web"",""source_url"":""https://www.english-college-prague.com"",""date_listed"":""Recently"",""date_closing"":null,""status"":""OPEN"",""recruitmentCycle"":""CURRENT""},{""title"":""Teacher Training"",""department"":""Secondary"",""source"":""School Web"",""source_url"":""https://www.english-college-prague.com"",""date_listed"":""Recently"",""date_closing"":null,""status"":""OPEN"",""recruitmentCycle"":""CURRENT""},{""title"":""ECP People"",""department"":""Secondary"",""source"":""School Web"",""source_url"":""https://www.english-college-prague.com"",""date_listed"":""Recently"",""date_closing"":null,""status"":""OPEN"",""recruitmentCycle"":""CURRENT""}],""structured_vacancies"":[{""title"":""What our teachers say"",""department"":""Secondary"",""source"":""School Web"",""source_url"":""https://www.english-college-prague.com"",""date_listed"":""Recently"",""date_closing"":null,""status"":""OPEN"",""recruitmentCycle"":""CURRENT""},{""title"":""Inspection Reports"",""department"":""Secondary"",""source"":""School Web"",""source_url"":""https://www.english-college-prague.com"",""date_listed"":""Recently"",""date_closing"":null,""status"":""OPEN"",""recruitmentCycle"":""CURRENT""},{""title"":""Real Life Experiences"",""department"":""Secondary"",""source"":""School Web"",""source_url"":""https://www.english-college-prague.com"",""date_listed"":""Recently"",""date_closing"":null,""status"":""OPEN"",""recruitmentCycle"":""CURRENT""},{""title"":""Work experience for ECP students"",""department"":""Secondary"",""source"":""School Web"",""source_url"":""https://www.english-college-prague.com"",""date_listed"":""Recently"",""date_closing"":null,""status"":""OPEN"",""recruitmentCycle"":""CURRENT""},{""title"":""Teacher Training"",""department"":""Secondary"",""source"":""School Web"",""source_url"":""https://www.english-college-prague.com"",""date_listed"":""Recently"",""date_closing"":null,""status"":""OPEN"",""recruitmentCycle"":""CURRENT""},{""title"":""ECP People"",""department"":""Secondary"",""source"":""School Web"",""source_url"":""https://www.english-college-prague.com"",""date_listed"":""Recently"",""date_closing"":null,""status"":""OPEN"",""recruitmentCycle"":""CURRENT""}],""total_known_vacancies"":6,""estimated_churn_percentage"":9,""leadership_vacancies_count"":0,""secondary_vacancies_count"":6,""primary_vacancies_count"":0,""leopardfishIntelAlert"":""Leopardfish Multi-Engine Audit: Stable retention pattern with 6 active vacancies detected across TES, GRC Search, and official school portals."",""churn_implications_commentary"":""Leopardfish Multi-Engine Audit: Stable retention pattern with 6 active vacancies detected across TES, GRC Search, and official school portals."",""senior_leadership_churn_percentage"":0}","2026-08-31T15:06:43.804Z","CZK","2025/2026","66000","STRONG_MARKET_EVIDENCE","High","2026-09-25T08:13:25.078Z","66000","https://www.englishcollege.cz","2026-09-25T12:18:17.167Z"
"FLIS0057","7.5","Italy","20-24","Milan","Good","8.2","1:10","IB, MSA","8.7","Tech-forward Apple.","9.2","7.0","8.8","Not Included","1:1 Apple","US / IB","100","American Milan","8.6","25%","Full Private",,"$2,205.00","BSO","LFI","Foundation","7.0","2026-05-26T10:41:07.832Z","0","[]",,"success","true","Search Associates, ISS, LinkedIn","https://www.asmilan.org/work-with-us","American Milan",,,"{""devices"":[""Apple Mac""],""suite"":[""Apple Ecosystem""],""lms"":[]}","Not Included","2026-09-26T06:49:31.214Z","1","FLIS0057","Non-Profit","https://www.asmilan.org/work-with-us","100","Non-Profit","true",,,"false","{""_nanoseconds"":54000000,""_seconds"":1788076631}",,"2026-08-30T07:57:11.053Z","EUR","2025/2026","3500","STRONG_MARKET_EVIDENCE","High","2026-09-25T07:25:58.679Z","3500","https://www.asmilan.org","2026-09-25T12:18:17.167Z"
"FLIS0058","8.0","Switzerland","15-18","Montreux","Good","8.7","1:6","IB, CIS","9.1","Premium British boarding.","8.8","9.6","9.1","Provided","Microsoft/Canvas","British / IB","90","St George's Montreux","7.8","20%","Premium",,"$3,705.00","MSA","LFI","Association Board","9.6","2026-05-26T10:41:07.832Z","0","[]",,"success","true","Inspired Education Portal, LinkedIn","https://www.stgeorges.ch/careers","St George's Montreux","1057262","st-george-s-international-school-1057262","{""devices"":[""Microsoft PC""],""suite"":[""Microsoft 365""],""lms"":[""Canvas""]}","Provided","1789148314021","0","FLIS0058","Non-Profit","https://www.stgeorges.ch/careers","90","Non-Profit","true","2026-09-21T12:01:16.039Z","1789992076039","false","{""_nanoseconds"":681000000,""_seconds"":1788076643}",,"2026-08-30T07:57:23.680Z","CHF","2025/2026","7167","MODELLED_ESTIMATE","Medium","2026-09-25T08:13:25.079Z","7167","https://www.stgeorges.ch","2026-09-25T12:18:17.167Z"
"FLIS0059","7.4","Portugal","20-25","Lisbon","Good","8.4","1:10","IB","8.4","Innovation leader.","9.0","8.8","8.0","Not Included","iPad Integrated","IB / Portuguese","150","PaRK International School","8.5","20%","Standard",,"$1,800.00","CIS","LFI","Inspired","8.8","2026-05-26T10:41:07.832Z","0","[]",,"success","true","Inspired Education Portal, LinkedIn","https://www.park-is.com/careers/","PaRK International School","1179041","park-international-school-alfragide-1179041","{""devices"":[""Apple iPad""],""suite"":[""Apple Ecosystem""],""lms"":[]}","Not Included","2026-09-26T06:49:31.214Z","11","FLIS0059","For-Profit","https://www.park-is.com/careers/","150","For-Profit","true","2026-09-21T12:01:12.216Z","1789992072216","false","{""_nanoseconds"":302000000,""_seconds"":1788181950}","{""schoolId"":""FLIS0064"",""schoolName"":""PaRK International School"",""isUpdating"":false,""leadership_vacancies_count"":2,""leopardfishIntelAlert"":""Leopardfish Multi-Engine Audit: Stable retention pattern with 15 active vacancies detected across TES, GRC Search, and official school portals."",""estimated_churn_percentage"":10,""lastScrapedAt"":""2026-08-31T13:11:51.856Z"",""structured_vacancies"":[{""title"":""Head of Computer Science and ICT"",""department"":""Secondary"",""source"":""Inspired Education"",""source_url"":""https://www.park-international-school.com"",""date_listed"":""2026-08-31"",""date_closing"":null,""status"":""OPEN"",""recruitmentCycle"":""CURRENT""},{""title"":""Deputy Head Pastoral"",""department"":""Leadership"",""source"":""TES"",""source_url"":""https://www.park-international-school.com"",""date_listed"":""2026-08-16T23:00:00.000Z"",""date_closing"":""2027-01-25"",""status"":""OPEN"",""recruitmentCycle"":""CURRENT""},{""title"":""Head of Boarding"",""department"":""Leadership"",""source"":""TES"",""source_url"":""https://www.park-international-school.com"",""date_listed"":""Recently"",""date_closing"":""2027-02-27"",""status"":""OPEN"",""recruitmentCycle"":""CURRENT""},{""title"":""Primary English Teacher"",""department"":""Primary"",""source"":""Tes"",""source_url"":""https://www.park-international-school.com"",""date_listed"":""N/A"",""date_closing"":""N/A"",""status"":""OPEN"",""recruitmentCycle"":""CURRENT""},{""title"":""Internship Programme"",""department"":""Secondary"",""source"":""School Web"",""source_url"":""https://www.park-international-school.com"",""date_listed"":""Recently"",""date_closing"":null,""status"":""OPEN"",""recruitmentCycle"":""CURRENT""},{""title"":""Unsolicited Applications - The British School - Academic Positions"",""department"":""Secondary"",""source"":""Inspired Education"",""source_url"":""https://www.park-international-school.com"",""date_listed"":""Recently"",""date_closing"":null,""status"":""OPEN"",""recruitmentCycle"":""CURRENT""},{""title"":""Unsolicited Applications - The British School - Administration & Support Service"",""department"":""Secondary"",""source"":""Inspired Education"",""source_url"":""https://www.park-international-school.com"",""date_listed"":""Recently"",""date_closing"":null,""status"":""OPEN"",""recruitmentCycle"":""CURRENT""},{""title"":""Profesor/a de infantil"",""department"":""Secondary"",""source"":""Inspired Education"",""source_url"":""https://www.park-international-school.com"",""date_listed"":""Recently"",""date_closing"":null,""status"":""OPEN"",""recruitmentCycle"":""CURRENT""},{""title"":""A Level Economics Teacher"",""department"":""Secondary"",""source"":""Inspired Education"",""source_url"":""https://www.park-international-school.com"",""date_listed"":""Recently"",""date_closing"":null,""status"":""OPEN"",""recruitmentCycle"":""CURRENT""},{""title"":""Early Years Teacher"",""department"":""Primary"",""source"":""Inspired Education"",""source_url"":""https://www.park-international-school.com"",""date_listed"":""Recently"",""date_closing"":null,""status"":""OPEN"",""recruitmentCycle"":""CURRENT""},{""title"":""Auxiliar de limpieza y comedor"",""department"":""Secondary"",""source"":""Inspired Education"",""source_url"":""https://www.park-international-school.com"",""date_listed"":""Recently"",""date_closing"":null,""status"":""OPEN"",""recruitmentCycle"":""CURRENT""},{""title"":""Catering Individual Contributor"",""department"":""Secondary"",""source"":""Inspired Education"",""source_url"":""https://www.park-international-school.com"",""date_listed"":""Recently"",""date_closing"":null,""status"":""OPEN"",""recruitmentCycle"":""CURRENT""},{""title"":""Early Years Practitioner"",""department"":""Primary"",""source"":""Inspired Education"",""source_url"":""https://www.park-international-school.com"",""date_listed"":""Recently"",""date_closing"":null,""status"":""OPEN"",""recruitmentCycle"":""CURRENT""},{""title"":""Pedido de informações"",""department"":""Secondary"",""source"":""School Web"",""source_url"":""https://www.park-international-school.com"",""date_listed"":""Recently"",""date_closing"":null,""status"":""OPEN"",""recruitmentCycle"":""CURRENT""},{""title"":""Homeroom Teacher English Stream"",""department"":""Secondary"",""source"":""Tes"",""source_url"":""https://www.park-international-school.com"",""date_listed"":""Recently"",""date_closing"":null,""status"":""OPEN"",""recruitmentCycle"":""CURRENT""}],""primary_vacancies_count"":3,""statusLabel"":""Moderate Turnover (Healthy)"",""churn_implications_commentary"":""Leopardfish Multi-Engine Audit: Stable retention pattern with 15 active vacancies detected across TES, GRC Search, and official school portals."",""senior_leadership_churn_percentage"":25,""secondary_vacancies_count"":10,""total_known_vacancies"":15,""scrapedJobsList"":[""Head of Boarding (Posted: Recently; Closes: 2027-02-27) - TES"",""Deputy Head Pastoral (Posted: 2026-08-16T23:00:00.000Z; Closes: 2027-01-25) - TES"",""Head of Computer Science and ICT (Posted: 2026-08-31) - Inspired Education"",""Head of BoardingPaRK International School - Alfragide, LisbonJob Title: Head of BoardingLocation: PaRK International School – Alfragide Campus Position OverviewThe Head of Boarding at PaRK International School Alfragide will hold high-level responsibility for the leadership, administration, and pastoral... - TES"",""Deputy Head Pastoral - TES"",""Open Days - School Web"",""Primary English Teacher (Aug 2026; Posted: N/A; Closes: N/A) (Posted: Recently; Closes: 2023-09-01) - Tes"",""Internship Programme - School Web"",""Deputy Head PastoralPaRK International School - Alfragide, Lisbon - AlfragideInspired Education is the leading global group of premium schools, with a portfolio of over 125 premium private schools spanning six continents. Inspired schools draw on proven educational practices from around the world to provide more than... - TES"",""Head of Computer Science and ICT (Posted: Recently) - Inspired Education"",""Unsolicited Applications - The British School - Academic Positions (Posted: Recently) - Inspired Education"",""Unsolicited Applications - The British School - Administration & Support Services (Posted: Recently) - Inspired Education"",""Profesor/a de infantil (Posted: Recently) - Inspired Education"",""A Level Economics Teacher (Posted: Recently) - Inspired Education"",""Early Years Teacher (Posted: Recently) - Inspired Education"",""Auxiliar de limpieza y comedor (Posted: Recently) - Inspired Education"",""Catering Individual Contributor (Posted: Recently) - Inspired Education"",""Early Years Practitioner (Posted: Recently) - Inspired Education"",""Head of Boarding - TES"",""Pedido de informações - School Web"",""Homeroom Teacher English Stream - Tes"",""Primary English Teacher - Tes""],""vacancies_discovered"":[{""title"":""Head of Computer Science and ICT"",""department"":""Secondary"",""source"":""Inspired Education"",""source_url"":""https://www.park-international-school.com"",""date_listed"":""2026-08-31"",""date_closing"":null,""status"":""OPEN"",""recruitmentCycle"":""CURRENT""},{""title"":""Deputy Head Pastoral"",""department"":""Leadership"",""source"":""TES"",""source_url"":""https://www.park-international-school.com"",""date_listed"":""2026-08-16T23:00:00.000Z"",""date_closing"":""2027-01-25"",""status"":""OPEN"",""recruitmentCycle"":""CURRENT""},{""title"":""Head of Boarding"",""department"":""Leadership"",""source"":""TES"",""source_url"":""https://www.park-international-school.com"",""date_listed"":""Recently"",""date_closing"":""2027-02-27"",""status"":""OPEN"",""recruitmentCycle"":""CURRENT""},{""title"":""Primary English Teacher"",""department"":""Primary"",""source"":""Tes"",""source_url"":""https://www.park-international-school.com"",""date_listed"":""N/A"",""date_closing"":""N/A"",""status"":""OPEN"",""recruitmentCycle"":""CURRENT""},{""title"":""Internship Programme"",""department"":""Secondary"",""source"":""School Web"",""source_url"":""https://www.park-international-school.com"",""date_listed"":""Recently"",""date_closing"":null,""status"":""OPEN"",""recruitmentCycle"":""CURRENT""},{""title"":""Unsolicited Applications - The British School - Academic Positions"",""department"":""Secondary"",""source"":""Inspired Education"",""source_url"":""https://www.park-international-school.com"",""date_listed"":""Recently"",""date_closing"":null,""status"":""OPEN"",""recruitmentCycle"":""CURRENT""},{""title"":""Unsolicited Applications - The British School - Administration & Support Service"",""department"":""Secondary"",""source"":""Inspired Education"",""source_url"":""https://www.park-international-school.com"",""date_listed"":""Recently"",""date_closing"":null,""status"":""OPEN"",""recruitmentCycle"":""CURRENT""},{""title"":""Profesor/a de infantil"",""department"":""Secondary"",""source"":""Inspired Education"",""source_url"":""https://www.park-international-school.com"",""date_listed"":""Recently"",""date_closing"":null,""status"":""OPEN"",""recruitmentCycle"":""CURRENT""},{""title"":""A Level Economics Teacher"",""department"":""Secondary"",""source"":""Inspired Education"",""source_url"":""https://www.park-international-school.com"",""date_listed"":""Recently"",""date_closing"":null,""status"":""OPEN"",""recruitmentCycle"":""CURRENT""},{""title"":""Early Years Teacher"",""department"":""Primary"",""source"":""Inspired Education"",""source_url"":""https://www.park-international-school.com"",""date_listed"":""Recently"",""date_closing"":null,""status"":""OPEN"",""recruitmentCycle"":""CURRENT""},{""title"":""Auxiliar de limpieza y comedor"",""department"":""Secondary"",""source"":""Inspired Education"",""source_url"":""https://www.park-international-school.com"",""date_listed"":""Recently"",""date_closing"":null,""status"":""OPEN"",""recruitmentCycle"":""CURRENT""},{""title"":""Catering Individual Contributor"",""department"":""Secondary"",""source"":""Inspired Education"",""source_url"":""https://www.park-international-school.com"",""date_listed"":""Recently"",""date_closing"":null,""status"":""OPEN"",""recruitmentCycle"":""CURRENT""},{""title"":""Early Years Practitioner"",""department"":""Primary"",""source"":""Inspired Education"",""source_url"":""https://www.park-international-school.com"",""date_listed"":""Recently"",""date_closing"":null,""status"":""OPEN"",""recruitmentCycle"":""CURRENT""},{""title"":""Pedido de informações"",""department"":""Secondary"",""source"":""School Web"",""source_url"":""https://www.park-international-school.com"",""date_listed"":""Recently"",""date_closing"":null,""status"":""OPEN"",""recruitmentCycle"":""CURRENT""},{""title"":""Homeroom Teacher English Stream"",""department"":""Secondary"",""source"":""Tes"",""source_url"":""https://www.park-international-school.com"",""date_listed"":""Recently"",""date_closing"":null,""status"":""OPEN"",""recruitmentCycle"":""CURRENT""}],""metrics"":{""leadershipVacanciesCount"":2,""totalKnownVacancies"":15,""estimatedStaffBase"":""150"",""primaryVacanciesCount"":3,""secondaryVacanciesCount"":10,""estimatedChurnRatePercent"":10,""leadershipChurnRatioPercent"":25,""averageYearlyTesAdverts"":15,""riskRating"":""MODERATE""},""category"":""MODERATE_TURNOVER""}","2026-08-31T13:11:51.856Z","EUR","2025/2026","2400","MODELLED_ESTIMATE","Medium","2026-09-25T08:13:25.079Z","2400","https://www.park-is.com","2026-09-25T12:18:17.167Z"
"FLIS0060","8.8","Switzerland","18-20","Zurich","Good","9.2","1:8","IB, CIS, NEASC","9.5","Premium Swiss IB hub.","9.4","9.6","9.6","Not Included","1:1 Macbook","IB / US","200","Zurich Int'l","8.7","25%","Premium",,"$4,475.00","CIS","LFI","Independent Non-Profit","9.6","2026-05-26T10:41:07.832Z","0","[]",,"success","true","ZIS Direct Portal, SGIS Board","https://www.zis.ch/careers","Zurich Int'l",,,"{""devices"":[""Apple Mac""],""suite"":[""Apple Ecosystem""],""lms"":[]}","Not Included","1789148314021","0","FLIS0060","For-Profit","https://www.zis.ch/careers","200","For-Profit","true",,,"false","{""_nanoseconds"":262000000,""_seconds"":1788076652}",,"2026-08-30T07:57:32.260Z","CHF","2025/2026","8333","STRONG_MARKET_EVIDENCE","High","2026-09-25T08:13:25.079Z","8333","https://www.zis.ch","2026-09-25T12:18:17.167Z"
"FLIS0061","8.2","Belgium","18-22","Brussels","Good","8.4","1:7","IB, COBIS, CIS","9.4","Elite MS/Canvas hub.","8.6","7.0","9.3","Not Included","Microsoft/Canvas","British / IB","180","British School of Brussels (BSB)","8.8","25%","Full Private",,"€65,000 - €75,000 gross/yr","CIS / NEASC","LFI","Independent Board","7.0","2026-05-26T10:41:07.832Z","0","[]",,"success","true","Search Associates, LinkedIn","https://www.britishschool.be/our-school/work-with-us/","British School of Brussels (BSB)","1057727","the-british-school-of-brussels-1057727","{""devices"":[""Microsoft PC""],""suite"":[""Microsoft 365""],""lms"":[""Canvas""]}","Not Included","1789148314021","0","FLIS0061","Non-Profit","https://www.britishschool.be/our-school/work-with-us/","180","Non-Profit","true",,,"false","{""_seconds"":1789888600,""_nanoseconds"":415000000}","{""schoolId"":""FLIS0066"",""schoolName"":""British School of Brussels (BSB)"",""category"":""INSIGHT_UNAVAILABLE"",""statusLabel"":""Low Turnover (Stable)"",""isUpdating"":false,""lastScrapedAt"":""2026-09-20T07:16:40.404Z"",""metrics"":{""estimatedStaffBase"":180,""totalKnownVacancies"":0,""estimatedChurnRatePercent"":0,""leadershipVacanciesCount"":0,""secondaryVacanciesCount"":0,""primaryVacanciesCount"":0,""riskRating"":""INSIGHT_UNAVAILABLE"",""leadershipChurnRatioPercent"":0,""averageYearlyTesAdverts"":0},""scrapedJobsList"":[],""vacancies_discovered"":[],""structured_vacancies"":[],""total_known_vacancies"":0,""estimated_churn_percentage"":0,""leadership_vacancies_count"":0,""secondary_vacancies_count"":0,""primary_vacancies_count"":0,""leopardfishIntelAlert"":""No active public vacancies have been detected for this institution within the current 12-month recruitment cycle. This indicates either an exceptionally high staff retention profile or the utilization of localized, non-indexed internal application portals. Quantitative stability metrics cannot be calculated at this time."",""churn_implications_commentary"":""No active public vacancies have been detected for this institution within the current 12-month recruitment cycle. This indicates either an exceptionally high staff retention profile or the utilization of localized, non-indexed internal application portals. Quantitative stability metrics cannot be calculated at this time."",""senior_leadership_churn_percentage"":0,""staffroom_commentary"":""No active public vacancies have been detected for this institution within the current 12-month recruitment cycle. This indicates either an exceptionally high staff retention profile or the utilization of localized, non-indexed internal application portals. Quantitative stability metrics cannot be calculated at this time.""}","2026-09-20T07:16:40.404Z","EUR","2025/2026","4000","STRONG_MARKET_EVIDENCE","High","2026-09-25T07:25:58.679Z","4000","https://www.britishschool.be","2026-09-25T12:18:17.167Z"
"FLIS0062","7.5","Spain","20-24","Barcelona","Good","8.1","1:10","IB","8.6","Innovation IB hub.","8.5","7.4","8.2","Not Included","Google Workspace","IB","80","St Peter's BCN","8.4","22%","Standard",,"$1,940.00","BSO","LFI","Board of Governors","7.4","2026-05-26T10:41:07.832Z","0","[]",,"success","true","LinkedIn, InfoJobs Spain","https://stpeters.es/careers/","St Peter's BCN","1056328","st-peter-s-school-barcelona-1056328","{""devices"":[],""suite"":[""Google Workspace""],""lms"":[]}","Not Included","1789148314021","0","FLIS0062","Non-Profit","https://stpeters.es/careers/","80","Non-Profit","true",,,"false","{""_nanoseconds"":18000000,""_seconds"":1788076630}",,"2026-08-30T07:57:10.016Z","EUR","2025/2026","2300","MODELLED_ESTIMATE","Medium","2026-09-25T08:13:25.079Z","2300","https://stpeters.es","2026-09-25T12:18:17.167Z"
"FLIS0063","7.8","Spain","20","Madrid","Good","8.2","1:9","IB World School, CIS, NEASC, ECIS","8.9","Elite Madrid academic hub.","8.4","7.8","8.7","Not Included","Google Workspace","IB",,"Int'l College Spain","8.2","20%","Full Private",,"$2,075.00","IB","LFI","Private / Family","7.8","2026-05-26T10:41:07.832Z","0","[]",,"success","true","Nord Anglia Career Portal, Search Associates","https://www.nordangliaeducation.com/ics-madrid/careers","Int'l College Spain","1058692","international-college-spain-1058692","{""devices"":[],""suite"":[""Google Workspace""],""lms"":[]}","Not Included","1790415498143","0","FLIS0063","For-Profit","https://www.nordangliaeducation.com/ics-madrid/careers","110","For-Profit","true","2026-09-26T06:41:27.991Z","1790404887991","false","{""_nanoseconds"":166000000,""_seconds"":1788284820}","{""schoolId"":""FLIS0068"",""schoolName"":""Int'l College Spain"",""category"":""LOW_TURNOVER"",""statusLabel"":""Low Turnover (Stable)"",""isUpdating"":false,""leadership_vacancies_count"":0,""senior_leadership_churn_percentage"":0,""leopardfishIntelAlert"":""Leopardfish Multi-Engine Audit: Stable retention pattern with 7 active vacancies detected across TES, GRC Search, and official school portals."",""churn_implications_commentary"":""Leopardfish Multi-Engine Audit: Stable retention pattern with 7 active vacancies detected across TES, GRC Search, and official school portals."",""secondary_vacancies_count"":5,""total_known_vacancies"":7,""estimated_churn_percentage"":12,""lastScrapedAt"":""2026-09-01T17:44:44.836Z"",""structured_vacancies"":[{""title"":""Profesor/a de Alemán"",""department"":""Secondary"",""source"":""Globeducate"",""source_url"":""https://www.intl-college-spain.com"",""date_listed"":""2026-08-31T15:53:16.557Z"",""date_closing"":null,""status"":""OPEN"",""recruitmentCycle"":""CURRENT""},{""title"":""Biology Teacher"",""department"":""Secondary"",""source"":""Globeducate"",""source_url"":""https://www.intl-college-spain.com"",""date_listed"":""2026-08-31T15:30:35.348Z"",""date_closing"":null,""status"":""OPEN"",""recruitmentCycle"":""CURRENT""},{""title"":""ICS Cover Teacher Pool"",""department"":""Secondary"",""source"":""Nord Anglia"",""source_url"":""https://www.intl-college-spain.com"",""date_listed"":""Recently"",""date_closing"":null,""status"":""OPEN"",""recruitmentCycle"":""CURRENT""},{""title"":""MYP French Cover Teacher"",""department"":""Secondary"",""source"":""Nord Anglia"",""source_url"":""https://www.intl-college-spain.com"",""date_listed"":""Recently"",""date_closing"":null,""status"":""OPEN"",""recruitmentCycle"":""CURRENT""},{""title"":""Early Years"",""department"":""Primary"",""source"":""School Web"",""source_url"":""https://www.intl-college-spain.com"",""date_listed"":""Recently"",""date_closing"":null,""status"":""OPEN"",""recruitmentCycle"":""CURRENT""},{""title"":""Primary"",""department"":""Primary"",""source"":""School Web"",""source_url"":""https://www.intl-college-spain.com"",""date_listed"":""Recently"",""date_closing"":null,""status"":""OPEN"",""recruitmentCycle"":""CURRENT""},{""title"":""Register your interest - Careers in Hastings, Spain"",""department"":""Secondary"",""source"":""Cognita"",""source_url"":""https://www.intl-college-spain.com"",""date_listed"":""Recently"",""date_closing"":""-"",""status"":""OPEN"",""recruitmentCycle"":""CURRENT""}],""scrapedJobsList"":[""Biology Teacher (Posted: 2026-08-31T15:30:35.348Z) - Globeducate"",""Profesor/a de Alemán (Posted: 2026-08-31T15:53:16.557Z) - Globeducate"",""ICS Cover Teacher Pool (Posted: Recently) - Nord Anglia"",""MYP French Cover Teacher (Posted: Recently) - Nord Anglia"",""Early Years - School Web"",""Primary - School Web"",""Register your interest - Careers in Hastings, Spain (Posted: Recently; Closes: -) - Cognita"",""Biology Teacher - Globeducate"",""Profesor/a de Alemán - Globeducate"",""ICS Cover Teacher Pool - Nord Anglia"",""MYP French Cover Teacher ( - Nord Anglia""],""vacancies_discovered"":[{""title"":""Profesor/a de Alemán"",""department"":""Secondary"",""source"":""Globeducate"",""source_url"":""https://www.intl-college-spain.com"",""date_listed"":""2026-08-31T15:53:16.557Z"",""date_closing"":null,""status"":""OPEN"",""recruitmentCycle"":""CURRENT""},{""title"":""Biology Teacher"",""department"":""Secondary"",""source"":""Globeducate"",""source_url"":""https://www.intl-college-spain.com"",""date_listed"":""2026-08-31T15:30:35.348Z"",""date_closing"":null,""status"":""OPEN"",""recruitmentCycle"":""CURRENT""},{""title"":""ICS Cover Teacher Pool"",""department"":""Secondary"",""source"":""Nord Anglia"",""source_url"":""https://www.intl-college-spain.com"",""date_listed"":""Recently"",""date_closing"":null,""status"":""OPEN"",""recruitmentCycle"":""CURRENT""},{""title"":""MYP French Cover Teacher"",""department"":""Secondary"",""source"":""Nord Anglia"",""source_url"":""https://www.intl-college-spain.com"",""date_listed"":""Recently"",""date_closing"":null,""status"":""OPEN"",""recruitmentCycle"":""CURRENT""},{""title"":""Early Years"",""department"":""Primary"",""source"":""School Web"",""source_url"":""https://www.intl-college-spain.com"",""date_listed"":""Recently"",""date_closing"":null,""status"":""OPEN"",""recruitmentCycle"":""CURRENT""},{""title"":""Primary"",""department"":""Primary"",""source"":""School Web"",""source_url"":""https://www.intl-college-spain.com"",""date_listed"":""Recently"",""date_closing"":null,""status"":""OPEN"",""recruitmentCycle"":""CURRENT""},{""title"":""Register your interest - Careers in Hastings, Spain"",""department"":""Secondary"",""source"":""Cognita"",""source_url"":""https://www.intl-college-spain.com"",""date_listed"":""Recently"",""date_closing"":""-"",""status"":""OPEN"",""recruitmentCycle"":""CURRENT""}],""metrics"":{""estimatedStaffBase"":60,""leadershipVacanciesCount"":0,""riskRating"":""LOW"",""leadershipChurnRatioPercent"":0,""totalKnownVacancies"":7,""primaryVacanciesCount"":2,""secondaryVacanciesCount"":5,""estimatedChurnRatePercent"":12,""averageYearlyTesAdverts"":7},""primary_vacancies_count"":2}","2026-09-01T17:44:44.836Z","EUR","2025/2026","2500","STRONG_MARKET_EVIDENCE","High","2026-09-25T08:13:25.079Z","2500","https://www.nordangliaeducation.com","2026-09-25T12:18:17.167Z"
"FLIS0064","7.2","Spain","20-24","Marbella","Good","8.2","1:12","IB, COBIS","8.5","British leader in Marbella.","8.0","8.5","8.1","Not Included","British Standard","British / IB","100","Aloha College","8.6","20%","Standard",,"$1,800.00","CIS","LFI","Independent","8.5","2026-05-26T10:41:07.832Z","0","[]",,"success","true","LinkedIn, InfoJobs Spain","https://aloha-college.com/careers/","Aloha College","1057357","aloha-college-1057357",,"Not Included","2026-09-26T06:49:31.214Z","3","FLIS0064","For-Profit","https://aloha-college.com/careers/","100","For-Profit","true",,,"false","{""_nanoseconds"":833000000,""_seconds"":1788076658}",,"2026-08-30T07:57:38.832Z","EUR","2025/2026","2350","MODELLED_ESTIMATE","Medium","2026-09-25T08:13:25.079Z","2350","https://aloha-college.com","2026-09-25T12:18:17.167Z"
"FLIS0065","7.6","Spain","18-22","Barcelona","Good","8.2","1:9","IB, MSA","8.8","Top US/IB hub in BCN.","8.6","7.4","8.4","Not Included","Apple Ecosystem","US / IB / AP","90","Benjamin Franklin","8.4","22%","Full Private",,"$2,205.00","CIS / NEASC","LFI","Parent Board","7.4","2026-05-26T10:41:07.832Z","0","[]",,"success","true","Search Associates, LinkedIn","https://www.bfischool.org/about-us/careers","Benjamin Franklin","1062233","benjamin-franklin-international-school-1062233","{""devices"":[""Apple Mac""],""suite"":[""Apple Ecosystem""],""lms"":[]}","No housing allowance provided (housing search assistance included)","1790193420261","0","FLIS0065","Non-Profit","https://www.bfis.org/careers","90","Non-Profit","true","2026-09-21T12:30:23.841Z","1789993823841","false","{""_nanoseconds"":927000000,""_seconds"":1788076661}",,"2026-08-30T07:57:41.926Z","EUR","2025/2026","3333","STRONG_MARKET_EVIDENCE","High","2026-09-25T07:25:58.679Z","3333","https://www.bfischool.org","2026-09-25T12:18:17.167Z"
"FLIS0066","8.2","Switzerland","12-15","Leysin","Good","8.6","1:4","IB, CIS, MSA","8.7","Premium boarding school.","8.5","9.7","8.8","Provided","Media Arts Focus","US / IB","80","Leysin American","8.0","30%","Premium",,"$3,705.00","CIS / NEASC","LFI","Association / Board","9.7","2026-05-26T10:41:07.832Z","0","[]",,"success","true","Search Associates, LinkedIn","https://www.las.ch/about/careers","Leysin American",,,,"Provided","1789148314021","0","FLIS0066","Non-Profit","https://www.las.ch/about/careers","80","Non-Profit","true",,,"false","{""_nanoseconds"":654000000,""_seconds"":1788076624}",,"2026-08-30T07:57:04.653Z","CHF","2025/2026","6500","STRONG_MARKET_EVIDENCE","High","2026-09-25T08:13:25.079Z","6500","https://www.las.ch","2026-09-25T12:18:17.167Z"
"FLIS0067","7.8","Germany","18-22","Bonn","Good","8.4","1:9","IB, CIS, NEASC","8.6","Established Rhine leader.","8.2","8.8","8.2","Not Included","Google Workspace","IB","95","Bonn International","8.8","25%","Full Private",,"$2,255.00","CIS / NEASC","LFI","Private / Family","8.8","2026-05-26T10:41:07.832Z","0","[]",,"success","true","Search Associates, LinkedIn","https://www.bonn-is.de/work/teaching-positions","Bonn International",,,"{""devices"":[],""suite"":[""Google Workspace""],""lms"":[]}","Not Included","1789148314021","0","FLIS0067","For-Profit","https://www.bonn-is.de/work/teaching-positions","95","For-Profit","true","2026-09-21T12:02:59.632Z","1789992179632","false","{""_nanoseconds"":177000000,""_seconds"":1788076653}",,"2026-08-30T07:57:33.175Z","EUR","2025/2026","3833","MODELLED_ESTIMATE","Medium","2026-09-25T07:25:58.679Z","3833","https://www.bonn-is.de/work/teaching-positions","2026-09-25T12:18:17.167Z"
"FLIS0068","8.1","Netherlands","18-22","Amsterdam","Good","8.7","1:7","IB, CIS, NEASC","9.4","Dutch academic flagship.","9.2","8.2","9.5","Not Included","1:1 Macbook/iPad","IB","160","IS Amsterdam","8.5","25%","Full Private",,"$3,450","CIS","LFI","Parent Board","8.2","2026-05-26T10:41:07.832Z","0","[]",,"success","true","Search Associates, Schrole, LinkedIn","https://www.isa.nl/careers","IS Amsterdam",,,"{""devices"":[""Apple Mac"",""Apple iPad""],""suite"":[""Apple Ecosystem""],""lms"":[]}","Not Included","2026-09-26T06:49:31.214Z","1","FLIS0068","Non-Profit","https://www.isa.nl/careers","160","Non-Profit","true",,,"false","{""_nanoseconds"":403000000,""_seconds"":1788076640}",,"2026-08-30T07:57:20.401Z","EUR","2025/2026","4000","STRONG_MARKET_EVIDENCE","High","2026-09-25T07:25:58.679Z","4000","https://www.isa.nl","2026-09-25T12:18:17.167Z"
"FLIS0069","7.6","Spain","18-22","Barcelona","Good","8.2","1:10","IB, MSA","8.9","Respected US-standard.","9.0","7.4","8.9","Not Included","Apple Distinguished","US / IB","110","American School BCN","8.2","22%","Full Private",,"$2,370.00","CIS / NEASC","LFI","Board of Governors","7.4","2026-05-26T10:41:07.832Z","0","[]",,"success","true","Search Associates, LinkedIn","https://www.asbarcelona.com/careers","American School BCN",,,"{""devices"":[""Apple Mac""],""suite"":[""Apple Ecosystem""],""lms"":[]}","Not Included","2026-09-26T06:10:30.811Z","0","FLIS0069","Non-Profit","https://www.asbarcelona.com/careers","110","Non-Profit","true","2026-09-21T12:03:46.557Z","1789992226557","false","{""_seconds"":1789890150,""_nanoseconds"":254000000}","{""schoolId"":""FLIS0075"",""schoolName"":""American School BCN"",""category"":""LOW_TURNOVER"",""statusLabel"":""Low Turnover (Stable)"",""isUpdating"":false,""lastScrapedAt"":""2026-09-20T07:41:16.445Z"",""metrics"":{""estimatedStaffBase"":110,""totalKnownVacancies"":3,""estimatedChurnRatePercent"":3,""leadershipVacanciesCount"":2,""secondaryVacanciesCount"":1,""primaryVacanciesCount"":0,""riskRating"":""LOW"",""leadershipChurnRatioPercent"":0,""averageYearlyTesAdverts"":3},""scrapedJobsList"":[""Middle School World Languages - Mandarin (Posted: Recently; Closes: [object Object]) - GRC"",""The Director of High (Posted: Recently; Closes: [object Object]) - GRC"",""Middle School Assistant Principal (Posted: Recently; Closes: [object Object]) - GRC""],""vacancies_discovered"":[{""title"":""Middle School World Languages - Mandarin"",""department"":""Secondary"",""source"":""GRC"",""source_url"":""https://www.american-school-bcn.com"",""date_listed"":""Recently"",""date_closing"":""[object Object]"",""status"":""OPEN"",""recruitmentCycle"":""CURRENT""},{""title"":""The Director of High"",""department"":""Leadership"",""source"":""GRC"",""source_url"":""https://www.american-school-bcn.com"",""date_listed"":""Recently"",""date_closing"":""[object Object]"",""status"":""OPEN"",""recruitmentCycle"":""CURRENT""},{""title"":""Middle School Assistant Principal"",""department"":""Leadership"",""source"":""GRC"",""source_url"":""https://www.american-school-bcn.com"",""date_listed"":""Recently"",""date_closing"":""[object Object]"",""status"":""OPEN"",""recruitmentCycle"":""CURRENT""}],""structured_vacancies"":[{""title"":""Middle School World Languages - Mandarin"",""department"":""Secondary"",""source"":""GRC"",""source_url"":""https://www.american-school-bcn.com"",""date_listed"":""Recently"",""date_closing"":""[object Object]"",""status"":""OPEN"",""recruitmentCycle"":""CURRENT""},{""title"":""The Director of High"",""department"":""Leadership"",""source"":""GRC"",""source_url"":""https://www.american-school-bcn.com"",""date_listed"":""Recently"",""date_closing"":""[object Object]"",""status"":""OPEN"",""recruitmentCycle"":""CURRENT""},{""title"":""Middle School Assistant Principal"",""department"":""Leadership"",""source"":""GRC"",""source_url"":""https://www.american-school-bcn.com"",""date_listed"":""Recently"",""date_closing"":""[object Object]"",""status"":""OPEN"",""recruitmentCycle"":""CURRENT""}],""total_known_vacancies"":3,""estimated_churn_percentage"":3,""leadership_vacancies_count"":2,""secondary_vacancies_count"":1,""primary_vacancies_count"":0,""leopardfishIntelAlert"":""Leopardfish Multi-Engine Audit: Stable retention pattern with 3 active vacancies detected across TES, GRC Search, and official school portals."",""churn_implications_commentary"":""Leopardfish Multi-Engine Audit: Stable retention pattern with 3 active vacancies detected across TES, GRC Search, and official school portals."",""senior_leadership_churn_percentage"":0}","2026-09-20T07:41:16.445Z","EUR","2025/2026","2900","STRONG_MARKET_EVIDENCE","High","2026-09-25T08:13:25.079Z","2900","https://www.asbarcelona.com","2026-09-25T12:18:17.167Z"
"FLIS0070","8.0","Switzerland","18-22","St-Légier","Good","8.6","1:8","IB, CIS","8.4","Swiss Riviera bilingualism.","8.4","9.8","8.0","Not Included","Managed LMS","IB / Swiss","100","Haut-Lac Int'l","8.2","22%","Standard",,"$3,475.00","MSA","LFI","Board of Trustees","9.8","2026-05-26T10:41:07.832Z","0","[]",,"success","true","Teacher Horizons, LinkedIn","https://www.haut-lac.ch/en/careers/","Haut-Lac Int'l","1079043","haut-lac-international-bilingual-school-1079043",,"Not Included","1790193420261","0","FLIS0070","Non-Profit","https://www.haut-lac.ch/en/careers/","100","Non-Profit","true",,,"false","{""_nanoseconds"":59000000,""_seconds"":1788076618}",,"2026-08-30T07:56:58.057Z","CHF","2025/2026","6800","MODELLED_ESTIMATE","Medium","2026-09-25T08:13:25.079Z","6800","https://www.haut-lac.ch","2026-09-25T12:18:17.167Z"
"FLIS0071","7.9","Austria","18-22","Vienna","Good","8.7","1:8","IB, MSA, CIS","9.2","Premier US/IB hub.","8.8","9.2","9.1","Not Included","Google Reference","US / IB","106","American International School Vienna","8.4","25%","75% school paid / 25% employee for worldwide CIGNA or UNIQA medical, dental & vision for employee + dependents",,"€49,000 - €56,000","CIS","LFI","Non-Profit Independent Board","9.2","2026-05-26T10:41:07.832Z","0","[]",,"success","true","Search Associates, School Website","https://www.ais.at/employment/faculty-openings","American International School Vienna",,,"{""devices"":[],""suite"":[""Google Workspace""],""lms"":[]}","Supported by relocation agency to find housing prior to & upon arrival","2026-09-26T06:49:31.214Z","4","FLIS0071","Non-Profit","https://www.ais.at/employment","106","Non-Profit","true","2026-09-25T11:33:37.628Z","1790336017628","false","{""_seconds"":1789889029,""_nanoseconds"":696000000}","{""schoolId"":""FLIS0077"",""schoolName"":""American International School Vienna"",""category"":""LOW_TURNOVER"",""statusLabel"":""Low Turnover (Stable)"",""isUpdating"":false,""lastScrapedAt"":""2026-09-20T07:23:29.952Z"",""metrics"":{""estimatedStaffBase"":106,""totalKnownVacancies"":2,""estimatedChurnRatePercent"":2,""leadershipVacanciesCount"":0,""secondaryVacanciesCount"":2,""primaryVacanciesCount"":0,""riskRating"":""LOW"",""leadershipChurnRatioPercent"":0,""averageYearlyTesAdverts"":2},""scrapedJobsList"":[""Elementary School (Upper ES) Classroom Teacher (Posted: 2026-09-11; Closes: 2026-12-31) - Official Website"",""Elementary School (Upper ES) EAL Teacher (Posted: 2026-09-11; Closes: 2027-01-31) - Official Website"",""High School IB English Teacher (Posted: 2026-09-11; Closes: 2027-01-31) - Official Website"",""High School IB Science Teacher (IB Physics & NGSS) (Posted: 2026-09-11; Closes: 2027-01-31) - Official Website"",""Elementary School (Upper ES) EAL Teacher (Posted: Recently; Closes: 2027-01-31T23:59:59.000Z) - Official Website"",""Elementary School (Upper ES) Classroom Teacher (Posted: Recently; Closes: 2026-12-31T23:59:59.000Z) - Official Website""],""vacancies_discovered"":[{""title"":""High School IB English Teacher"",""department"":""Secondary"",""source"":""Official Website"",""source_url"":""https://www.american-international-school-vienna.com"",""date_listed"":""2026-09-11"",""date_closing"":""2027-01-31"",""status"":""OPEN"",""recruitmentCycle"":""CURRENT""},{""title"":""High School IB Science Teacher"",""department"":""Secondary"",""source"":""Official Website"",""source_url"":""https://www.american-international-school-vienna.com"",""date_listed"":""2026-09-11"",""date_closing"":""2027-01-31"",""status"":""OPEN"",""recruitmentCycle"":""CURRENT""}],""structured_vacancies"":[{""title"":""High School IB English Teacher"",""department"":""Secondary"",""source"":""Official Website"",""source_url"":""https://www.american-international-school-vienna.com"",""date_listed"":""2026-09-11"",""date_closing"":""2027-01-31"",""status"":""OPEN"",""recruitmentCycle"":""CURRENT""},{""title"":""High School IB Science Teacher"",""department"":""Secondary"",""source"":""Official Website"",""source_url"":""https://www.american-international-school-vienna.com"",""date_listed"":""2026-09-11"",""date_closing"":""2027-01-31"",""status"":""OPEN"",""recruitmentCycle"":""CURRENT""}],""total_known_vacancies"":2,""estimated_churn_percentage"":2,""leadership_vacancies_count"":0,""secondary_vacancies_count"":2,""primary_vacancies_count"":0,""leopardfishIntelAlert"":""Leopardfish Multi-Engine Audit: Stable retention pattern with 2 active vacancies detected across TES, GRC Search, and official school portals."",""churn_implications_commentary"":""Leopardfish Multi-Engine Audit: Stable retention pattern with 2 active vacancies detected across TES, GRC Search, and official school portals."",""senior_leadership_churn_percentage"":0}","2026-09-20T07:23:29.952Z","EUR","2025/2026","4000","STRONG_MARKET_EVIDENCE","High","2026-09-25T07:25:58.680Z","4000","https://www.ais.at","2026-09-25T12:18:17.167Z"
"FLIS0072","8.6","Switzerland","18-22","Geneva","Good","8.8","1:8","IB, CIS, NEASC","9.1","Elite Geneva boarding.","9.3","9.0","9.3","Self-Funded (Unless Residential Boarding Houseparent Role)","1:1 Apple Hub","Multilingual","250","College du Leman","8.0","20%","Premium",,"$4,095.00","CIS / MSA","LFI","Nord Anglia","9.0","2026-05-26T10:41:07.832Z","0","[]",,"success","true","Nord Anglia Career Portal, Search Associates","https://www.nordangliaeducation.com/careers","College du Leman","1065805","nord-anglia-education-1065805","{""devices"":[""Apple Mac""],""suite"":[""Apple Ecosystem""],""lms"":[]}","Provided","1789148314021","0","FLIS0072","Non-Profit","https://www.nordangliaeducation.com/careers","250","Non-Profit","true","2026-09-26T09:30:20.193Z","1790415020193","false","{""_nanoseconds"":815000000,""_seconds"":1788076657}",,"2026-08-30T07:57:37.814Z","CHF","2025/2026","7333","STRONG_MARKET_EVIDENCE","High","2026-09-25T10:42:30.643Z","7333","https://www.nordangliaeducation.com/cdl-geneva","2026-09-25T12:18:17.167Z"
"FLIS0073","8.2","Belgium","18-22","Brussels","Good","8.5","1:7","IB, CIS, MSA","9.3","High-performing hub.","9.1","7.0","9.5","Not Included","Microsoft Gold","US / IB","200","International School of Brussels (ISB)","8.8","25%","Full Private",,"€65,000 - €75,000 gross/yr","CIS / NEASC","LFI","Independent","7.0","2026-05-26T10:41:07.832Z","0","[]",,"success","true","Search Associates, LinkedIn","https://www.isb.be/join-our-team","International School of Brussels (ISB)","1055958","international-school-of-brussels-1055958","{""devices"":[""Microsoft PC""],""suite"":[""Microsoft 365""],""lms"":[]}","Not Included","1790337468362","1","FLIS0073","For-Profit","https://www.isb.be/join-our-team","200","For-Profit","true",,,"false","{""_nanoseconds"":383000000,""_seconds"":1788076670}",,"2026-08-30T07:57:50.381Z","EUR","2025/2026","4167","STRONG_MARKET_EVIDENCE","High","2026-09-25T07:25:58.680Z","4167","https://www.isb.be","2026-09-25T12:18:17.167Z"
"FLIS0074","7.2","Czechia","18","Prague","Good","8.0","1:9","COBIS / IB","8.3","Good","7.8","9.5","8.5","Not Included","ManageBac","English Nat. / IB","90","Riverside Prague","8.4","21","VZP+",,"$2,330","COBIS / BSO","LFI","Independent","9.5","2026-05-26T10:41:07.832Z","0","[]",,"success","true","Teacher Horizons, LinkedIn","https://www.riversideschool.cz/contact/vacancies/","Riverside Prague","1175419","riverside-international-school-1175419","{""devices"":[],""suite"":[],""lms"":[""ManageBac""]}","Not Included","1789148314021","0","FLIS0074","Non-Profit","https://www.riversideschool.cz/contact/vacancies/","82","Non-Profit","true",,,"false","{""_nanoseconds"":700000000,""_seconds"":1788076625}",,"2026-08-30T07:57:04.521Z","CZK","2025/2026","70000","MODELLED_ESTIMATE","Medium","2026-09-25T08:13:25.079Z","70000","https://www.riversideschool.cz/contact/vacancies/","2026-09-25T12:18:17.167Z"
"FLIS0075","7.4","Denmark","20-24","Copenhagen","Good","8.3","1:10","IB","8.2","Innovative Danish IB.","8.0","9.2","7.8","Not Included","Standard Digital","IB","70","IS Hellerup","8.5","22%","Standard",,"$2,370.00","BSO","LFI","Foundation","9.2","2026-05-26T10:41:07.833Z","0","[]",,"success","true","Jobindex Denmark, LinkedIn","https://ish.dk/vacancies/","IS Hellerup",,,,"Not Included","2026-09-26T06:49:31.214Z","1","FLIS0075","Non-Profit","https://ish.dk/vacancies/","70","Non-Profit","true",,,"false","{""_nanoseconds"":417000000,""_seconds"":1788076660}",,"2026-08-30T07:57:40.416Z","DKK","2025/2026","27000","STRONG_MARKET_EVIDENCE","High","2026-09-25T08:13:25.079Z","27000","https://ish.dk/vacancies/","2026-09-25T12:18:17.167Z"
"FLIS0076","7.9","Germany","18-22","Cologne","Good","8.2","1:6","IB, COBIS","8.8","Strong British ethos.","8.4","7.8","8.6","Not Included","Microsoft Showcase","British / IB","110","St George's Cologne","8.2","20%","Full Private",,"$2,205.00","IB","LFI","Board of Governors","7.8","2026-05-26T10:41:07.833Z","0","[]",,"success","true","LinkedIn, eTeach","https://www.stgeorgesschool.com/careers","St George's Cologne","1058656","st-george-s-the-british-international-school-cologne-1058656","{""devices"":[""Microsoft PC""],""suite"":[""Microsoft 365""],""lms"":[]}","Not Included","2026-09-26T06:10:30.811Z","1","FLIS0076","Non-Profit","https://www.stgeorgesschool.com/careers","110","Non-Profit","true",,,"false","{""_nanoseconds"":330000000,""_seconds"":1788076624}",,"2026-08-30T07:57:04.329Z","EUR","2025/2026","2750","STRONG_MARKET_EVIDENCE","High","2026-09-25T08:13:25.079Z","2750","https://www.stgeorgesschool.com","2026-09-25T12:18:17.167Z"
"FLIS0077","7.8","Germany","18-22","Düsseldorf","Good","8.5","1:8","IB, CIS, NEASC","9.0","German IB flagship.","8.8","8.5","8.9","Not Included","Apple Distinguished","IB","130","IS Düsseldorf","8.6","25%","Full Private",,"$3,100.00","BSO","LFI","Private / Family","8.5","2026-05-26T10:41:07.833Z","0","[]",,"success","true","Search Associates, LinkedIn","https://www.isdedu.de/careers","IS Düsseldorf","1056279","international-school-of-d-sseldorf-e-v-1056279","{""devices"":[""Apple Mac""],""suite"":[""Apple Ecosystem""],""lms"":[]}","Not Included","2026-09-26T06:49:31.214Z","1","FLIS0077","For-Profit","https://www.isdedu.de/careers","130","For-Profit","true",,,"false","{""_nanoseconds"":217000000,""_seconds"":1788076620}",,"2026-08-30T07:57:00.216Z","EUR","2025/2026","3350","STRONG_MARKET_EVIDENCE","High","2026-09-25T08:13:25.079Z","3350","https://www.isdedu.de","2026-09-25T12:18:17.167Z"
"FLIS0078","8.5","Switzerland","18-22","Zug","Good","9.0","1:8","IB, CIS, NEASC","9.2","Premium Zug academic.","9.0","9.7","9.2","Not Included","Canvas/Mac","IB","150","IS Zug & Luzern","8.4","25%","Premium",,"$4,155.00","CIS","LFI","Parent Board","9.7","2026-05-26T10:41:07.833Z","0","[]",,"success","true","Search Associates, Schrole, LinkedIn","https://www.iszl.ch/join-our-team","IS Zug & Luzern",,,"{""devices"":[""Apple Mac""],""suite"":[""Apple Ecosystem""],""lms"":[""Canvas""]}","Not Included","1790415498143","0","FLIS0078","Non-Profit","https://www.iszl.ch/join-our-team","150","Non-Profit","true",,,"false","{""_nanoseconds"":322000000,""_seconds"":1788076635}",,"2026-08-30T07:57:15.321Z","CHF","2025/2026","8000","STRONG_MARKET_EVIDENCE","High","2026-09-25T08:13:25.079Z","8000","https://www.iszl.ch","2026-09-25T12:18:17.167Z"
"FLIS0079","7.8","Germany","18-22","Frankfurt","Good","8.1","1:10","IB, BSO","8.4","British/IB Frankfurt hub.","8.5","7.8","8.1","Not Included","Managed Tablet","British / IB","90","Metropolitan Frankfurt","8.2","20%","Standard",,"$2,205.00","CIS / NEASC","LFI","Board of Trustees","7.8","2026-05-26T10:41:07.833Z","0","[]",,"success","true","LinkedIn, StepStone Germany","https://m-s-f.de/careers/","Metropolitan Frankfurt",,,"{""devices"":[""Apple iPad""],""suite"":[],""lms"":[]}","Not Included","1789148314021","0","FLIS0079","Non-Profit","https://m-s-f.de/careers/","90","Non-Profit","true",,,"false","{""_nanoseconds"":43000000,""_seconds"":1788076649}",,"2026-08-30T07:57:29.041Z","EUR","2025/2026","2650","MODELLED_ESTIMATE","Medium","2026-09-25T08:13:25.079Z","2650","https://m-s-f.de","2026-09-25T12:18:17.167Z"
"FLIS0080","7.4","France","18-22","Paris","Good","7.8","1:10","IB, CIS","8.8","Respected Paris boarding.","8.2","6.8","8.3","Provided","Mixed Digital","French / IB","120","Ermitage Int'l","7.8","15%","Full Private",,"$2,075.00","CIS","LFI","Private / Family","6.8","2026-05-26T10:41:07.833Z","0","[]",,"success","true","Globeducate Careers Portal, LinkedIn","https://www.ermitage.fr/en/join-our-team","Ermitage Int'l","1066851","ermitage-international-school-1066851","{""devices"":[""Mixed Devices""],""suite"":[],""lms"":[]}","Provided","1789148314021","0","FLIS0080","For-Profit","https://www.ermitage.fr/en/join-our-team","120","For-Profit","true",,,"false","{""_nanoseconds"":896000000,""_seconds"":1788076695}",,"2026-08-30T07:58:15.895Z","EUR","2025/2026","2400","MODELLED_ESTIMATE","Medium","2026-09-25T08:13:25.079Z","2400","https://www.ermitage.fr","2026-09-25T12:18:17.167Z"
"FLIS0081","7.2","Norway","18-22","Oslo","Good","8.5","1:9","IB, CIS","9.2","Premier Nordic IB hub.","8.8","9.1","8.7","Not Included","Google Reference","IB","90","Oslo International","8.4","20%","Premium",,"$3,635.00","IB","LFI","Private / Family","9.1","2026-05-26T10:41:07.833Z","0","[]",,"success","true","Search Associates, Finn.no","https://www.oslointernationalschool.no/employment","Oslo International",,,"{""devices"":[],""suite"":[""Google Workspace""],""lms"":[]}","Not Included","1789148314021","0","FLIS0081","For-Profit","https://www.oslointernationalschool.no/employment","90","For-Profit","true",,,"false","{""_nanoseconds"":728000000,""_seconds"":1788076626}",,"2026-08-30T07:57:06.727Z","NOK","2025/2026","45833","STRONG_MARKET_EVIDENCE","High","2026-09-25T07:25:58.680Z","45833","https://www.oslointernationalschool.no","2026-09-25T12:18:17.167Z"
"FLIS0082","7.5","Portugal","18-22","Lisbon","Good","8.5","1:10","IB, COBIS, CIS","9.3","Elite Lisbon British-IB.","8.6","8.8","8.9","Not Included","Canvas/Chrome","British / IB / Port.","140","St Julian's School","8.4","20%","Full Private",,"$2,075.00","CIS / MSA","LFI","Association Loi 1901","8.8","2026-05-26T10:41:07.833Z","0","[]",,"success","true","Search Associates, LinkedIn","https://www.stjulians.com/work-with-us","St Julian's School","1058006","st-julian-s-school-1058006","{""devices"":[""Chromebook""],""suite"":[],""lms"":[""Canvas""]}","Not Included","2026-09-26T06:49:31.214Z","1","FLIS0082","Non-Profit","https://www.stjulians.com/work-with-us","140","Non-Profit","true",,,"false","{""_nanoseconds"":746000000,""_seconds"":1788076687}",,"2026-08-30T07:58:07.745Z","EUR","2025/2026","2700","STRONG_MARKET_EVIDENCE","High","2026-09-25T08:13:25.079Z","2700","https://www.stjulians.com","2026-09-25T12:18:17.167Z"
"FLIS0083","7.8","Spain","18-22","Madrid","Good","8.5","1:8","IB, MSA","9.1","High-perf tech flagship.","9.2","7.8","9.2","Not Included","Apple Distinguished","US / IB / AP","120","American School Madrid","8.4","25%","Full Private",,"$2,565.00","BSO","LFI","Trust / Board","7.8","2026-05-26T10:41:07.833Z","0","[]",,"success","true","Search Associates, ISS, LinkedIn","https://www.asmadrid.org/careers","American School Madrid",,,"{""devices"":[""Apple Mac""],""suite"":[""Apple Ecosystem""],""lms"":[]}","Not Included","1789148314021","0","FLIS0083","Non-Profit","https://www.asmadrid.org/careers","120","Non-Profit","true",,,"false","{""_nanoseconds"":696000000,""_seconds"":1788076626}",,"2026-08-30T07:57:06.695Z","EUR","2025/2026","2850","STRONG_MARKET_EVIDENCE","High","2026-09-25T08:14:16.424Z","2850","https://www.asmadrid.org","2026-09-25T12:18:17.167Z"
"FLIS0084","7.9","Hungary","18-22","Budapest","Good","8.4","1:10","IB, COBIS, CIS","8.8","Top-tier British hub.","8.2","8.5","8.4","Not Included","Microsoft Gold","British / IB","100","British Int'l Budapest","8.5","20%","Full Private",,"$1,940.00","MSA","LFI","Nord Anglia","8.5","2026-05-26T10:41:07.833Z","0","[]",,"success","true","Nord Anglia Career Portal, Teacher Horizons","https://www.nordangliaeducation.com/bis-budapest/careers","British Int'l Budapest","1057761","the-british-international-school-budapest-1057761","{""devices"":[""Microsoft PC""],""suite"":[""Microsoft 365""],""lms"":[]}","Not Included","1790193420261","0","FLIS0084","Non-Profit","https://www.nordangliaeducation.com/bis-budapest/careers","100","Non-Profit","true",,,"false","{""_nanoseconds"":821000000,""_seconds"":1788076624}",,"2026-08-30T07:57:04.820Z","HUF","2025/2026","1050000","STRONG_MARKET_EVIDENCE","High","2026-09-25T08:14:16.426Z","1050000","https://www.nordangliaeducation.com","2026-09-25T12:18:17.167Z"
"FLIS0085","8.0","Germany","18-22","Munich","Good","8.4","1:6","IB, COBIS","8.6","British-standard leader.","8.2","9.0","8.5","Not Included","Mixed Ecosystem","British / IB","110","St George's Munich","8.4","20%","Full Private",,"$2,370.00","BSO","LFI","St. George's","9.0","2026-05-26T10:41:07.833Z","0","[]",,"success","true","LinkedIn, eTeach","https://www.stgeorgesschool.com/careers","St George's Munich","1074432","st-george-s-the-british-international-school-munich-1074432","{""devices"":[""Mixed Devices""],""suite"":[],""lms"":[]}","Not Included","2026-09-15T20:45:52.332Z","0","FLIS0085","For-Profit","https://www.stgeorgesschool.com/careers","110","For-Profit","true",,,"false","{""_nanoseconds"":754000000,""_seconds"":1788076695}",,"2026-08-30T07:58:15.752Z","EUR","2025/2026","2800","STRONG_MARKET_EVIDENCE","High","2026-09-25T08:14:16.426Z","2800","https://www.stgeorgesschool.com","2026-09-25T12:18:17.167Z"
"FLIS0086","8.5","Switzerland","12-15","Lugano","Good","9.0","1:6","IB, MSA","9.3","Elite Lugano boarding.","9.2","9.6","9.6","Self-Funded (Unless Residential Boarding Houseparent Role)","Media Hub","US / IB / AP","110","TASIS Switzerland","8.2","25%","Premium",,"$4,155.00","CIS / NEASC","LFI","Foundation Board","9.6","2026-05-26T10:41:07.833Z","0","[]",,"success","true","Search Associates, LinkedIn","https://switzerland.tasis.com/employment","TASIS Switzerland","1059117","the-american-school-in-switzerland-tasis-1059117",,"Provided","1789148314021","0","FLIS0086","Non-Profit","https://switzerland.tasis.com/employment","110","Non-Profit","true",,,"false","{""_nanoseconds"":232000000,""_seconds"":1788076620}",,"2026-08-30T07:57:00.232Z","CHF","2025/2026","7083","STRONG_MARKET_EVIDENCE","High","2026-09-25T10:42:30.643Z","7083","https://switzerland.tasis.com","2026-09-25T12:18:17.167Z"
"FLIS0087","7.1","Greece","20-24","Athens","Good","7.8","1:11","IB, MSA","8.2","Respected IB hub.","8.0","7.2","8.0","Not Included","Google Workspace","IB / US","80","IS Athens","8.4","20%","Standard",,"$1,800.00","CIS / NEASC","LFI","TASIS Foundation","7.2","2026-05-26T10:41:07.833Z","0","[]",,"success","true","LinkedIn","https://www.isa.edu.gr/about/join-our-team","IS Athens",,,"{""devices"":[],""suite"":[""Google Workspace""],""lms"":[]}","Not Included","1790193420261","0","FLIS0087","Non-Profit","https://www.isa.edu.gr/about/join-our-team","80","Non-Profit","true",,,"false","{""_nanoseconds"":249000000,""_seconds"":1788076620}",,"2026-08-30T07:57:00.248Z","EUR","2025/2026","2200","MODELLED_ESTIMATE","Medium","2026-09-25T08:14:16.426Z","2200","https://www.isa.edu.gr/about/join-our-team","2026-09-25T12:18:17.167Z"
"FLIS0088","7.8","Austria","18-22","Vienna","Good","8.4","1:6","IB (PYP, MYP, DP), CIS","8.5","Respected academic hub.","8.4","9.2","8.3","Not Included","Microsoft/LMS","IB (PYP, MYP, DP)","99","Danube International School Vienna","8.2","22%","Standard",,"€50,456 - €56,000 per year","CIS","LFI","Non-Profit Independent","9.2","2026-05-26T10:41:07.833Z","3","[{""salaryRange"":""€56,000 - €62,860/yr (14 payments)"",""country"":""Austria"",""city"":""Vienna"",""jobTitle"":""DP English Language and Literature Teacher (with possible Head of Department responsibilities)"",""tesNumber"":""2270466"",""curriculum"":""IB Diploma Programme (DP)"",""source"":""TES"",""salary"":""€56,000 - €62,860/yr (14 payments)"",""title"":""DP English Language and Literature Teacher (with possible Head of Department responsibilities)"",""source_url"":""https://www.tes.com/jobs/vacancy/dp-english-language-and-literature-teacher-with-possible-head-of-department-wien-2270466"",""schoolRating"":8.5,""applyUrl"":""https://www.tes.com/jobs/vacancy/dp-english-language-and-literature-teacher-with-possible-head-of-department-wien-2270466"",""schoolId"":""FLIS0097"",""id"":""disv_tes_2270466_dp_english"",""sourceName"":""TES Job Listing"",""department"":""English and Literature / Secondary"",""schoolName"":""Danube International School Vienna"",""scrapedAt"":""2026-09-05T12:47:44.762Z"",""isRollingDeadline"":false,""closingDateMillis"":1771372799000,""closingDate"":""2026-02-17T23:59:59.000Z"",""applyBy"":""17 February 2026"",""isHistoric"":true,""status"":""CLOSED"",""updatedAt"":""2026-09-05T12:50:06.002Z""},{""salaryRange"":""€56,000 - €62,860/yr (14 payments)"",""country"":""Austria"",""city"":""Vienna"",""jobTitle"":""DP ESS (Environmental Systems & Societies) Teacher"",""tesNumber"":""2270469"",""curriculum"":""IB Diploma Programme (DP)"",""source"":""TES"",""salary"":""€56,000 - €62,860/yr (14 payments)"",""title"":""DP ESS (Environmental Systems & Societies) Teacher"",""source_url"":""https://www.tes.com/jobs/vacancy/dp-ess-teacher-wien-2270469"",""schoolRating"":8.5,""applyUrl"":""https://www.tes.com/jobs/vacancy/dp-ess-teacher-wien-2270469"",""schoolId"":""FLIS0097"",""id"":""disv_tes_2270469_dp_ess"",""scrapedAt"":""2026-09-05T12:46:04.939Z"",""sourceName"":""TES Job Listing"",""department"":""Science / Environmental Systems / Secondary"",""schoolName"":""Danube International School Vienna"",""isHistoric"":true,""isRollingDeadline"":false,""closingDateMillis"":1771372799000,""closingDate"":""2026-02-17T23:59:59.000Z"",""applyBy"":""17 February 2026"",""status"":""CLOSED"",""updatedAt"":""2026-09-05T12:50:07.889Z""},{""salaryRange"":""€56,000 - €62,860/yr (14 payments)"",""country"":""Austria"",""city"":""Vienna"",""jobTitle"":""DP HL AA Mathematics Teacher (with MYP)"",""tesNumber"":""2284942"",""curriculum"":""IB Diploma Programme (DP) & MYP"",""source"":""TES"",""salary"":""€56,000 - €62,860/yr (14 payments)"",""title"":""DP HL AA Mathematics Teacher (with MYP)"",""source_url"":""https://www.tes.com/jobs/vacancy/dp-hl-aa-maths-with-myp-wien-2284942"",""schoolRating"":8.5,""applyUrl"":""https://www.tes.com/jobs/vacancy/dp-hl-aa-maths-with-myp-wien-2284942"",""schoolId"":""FLIS0097"",""id"":""disv_tes_2284942_dp_maths"",""scrapedAt"":""2026-09-05T12:46:06.255Z"",""sourceName"":""TES Job Listing"",""department"":""Mathematics / Secondary"",""schoolName"":""Danube International School Vienna"",""isHistoric"":true,""isRollingDeadline"":false,""closingDateMillis"":1771372799000,""closingDate"":""2026-02-17T23:59:59.000Z"",""applyBy"":""17 February 2026"",""status"":""CLOSED"",""updatedAt"":""2026-09-05T12:50:09.140Z""}]",,"success","true","School Website, Search Associates","https://www.danubeschool.com/about-us/working-at-disv","Danube International School Vienna",,,"{""devices"":[""Microsoft PC""],""suite"":[""Microsoft 365""],""lms"":[]}","No housing allowance provided (local market rentals)","1790337468362","2","FLIS0088","Non-Profit","https://www.danubeschool.com/about-us/working-at-disv","99","Non-Profit","true","2026-09-25T11:34:25.958Z","1790336065958","false","{""_nanoseconds"":261000000,""_seconds"":1788076620}",,"2026-09-05T12:58:32.247Z","EUR","2025/2026","3500","MODELLED_ESTIMATE","Medium","2026-09-25T07:25:58.680Z","3500","https://www.danubeschool.com","2026-09-25T12:18:17.167Z"
"FLIS0089","7.6","Spain","20-24","Barcelona","Good","8.2","1:10","IB, COBIS, CIS","8.9","Innovation British hub.","8.8","7.4","8.7","Not Included","Apple Ecosystem","British / IB","120","British BCN (Nexus)","8.4","22%","Full Private",,"$2,205.00","CIS","LFI","Board of Trustees","7.4","2026-05-26T10:41:07.833Z","0","[]",,"success","true","Cognita Careers Portal, LinkedIn","https://www.britishschoolbarcelona.com/careers","British BCN (Nexus)","1169587","the-british-school-of-barcelona-1169587","{""devices"":[""Apple Mac""],""suite"":[""Apple Ecosystem""],""lms"":[]}","Not Included","1789148314021","0","FLIS0089","Non-Profit","https://www.britishschoolbarcelona.com/careers","120","Non-Profit","true",,,"false","{""_nanoseconds"":234000000,""_seconds"":1788076677}",,"2026-08-30T07:57:57.232Z","EUR","2025/2026","2450","STRONG_MARKET_EVIDENCE","High","2026-09-25T08:14:16.426Z","2450","https://www.britishschoolbarcelona.com","2026-09-25T12:18:17.167Z"
"FLIS0090","7.8","Germany","18-22","Heidelberg","Good","8.3","1:10","IB","8.2","Intimate tech leader.","8.0","8.8","7.9","Not Included","Google Workspace","IB","75","Heidelberg Int'l","8.6","25%","Standard",,"$2,370.00","BSO","LFI","Cognita","8.8","2026-05-26T10:41:07.833Z","0","[]",,"success","true","Search Associates, LinkedIn","https://www.hischool.de/employment","Heidelberg Int'l","1067664","heidelberg-international-school--h-i-s---1067664","{""devices"":[],""suite"":[""Google Workspace""],""lms"":[]}","Not Included","1790193420261","0","FLIS0090","For-Profit","https://www.hischool.de/employment","75","For-Profit","true",,,"false","{""_nanoseconds"":143000000,""_seconds"":1788076688}",,"2026-08-30T07:58:08.142Z","EUR","2025/2026","2700","MODELLED_ESTIMATE","Medium","2026-09-25T08:14:16.426Z","2700","https://www.hischool.de","2026-09-25T12:18:17.167Z"
"FLIS0091","8.8","Saudi Arabia","22","Riyadh","Outstanding","8.4","1:10","BSO/CIS","8.5","High-standing British hub with strong savings potential.","8.0","8.5","9.1","Provided","1:1 iPad","UK/A-Level","185","British International School Riyadh","8.2","20%","Full Private",,"$4,450.00","CIS / NEASC","LFI","NIST Foundation","8.5","2026-05-26T10:41:07.833Z","0","[]",,"success","true","Search Associates, Teach Away, LinkedIn","https://www.bisr.com.sa/careers","British International School Riyadh","1057688","british-international-school-riyadh-1057688","{""devices"":[""Apple iPad""],""suite"":[""Apple Ecosystem""],""lms"":[]}","Provided","1790415498143","1","FLIS0091","Non-Profit","https://www.bisr.com.sa/careers","180","Non-Profit","true","2026-09-17T06:57:08.785Z","1789628228785","false","{""_nanoseconds"":204000000,""_seconds"":1788076626}",,"2026-08-30T07:57:06.203Z","SAR","2025/2026","17917","STRONG_MARKET_EVIDENCE","High","2026-09-25T07:25:58.680Z","17917","https://www.bisr.com.sa","2026-09-25T12:18:17.167Z"
"FLIS0092","7.5","Saudi Arabia","24","Riyadh","Emerging","7.3","1:11","Candidate","7.0","Rapidly growing IB school in the heart of Riyadh.","8.0","8.5","7.8","Provided (Expat Compound Villa / Corporate Leased Apartment)","Smart Classrooms","IB","70","SEK International School Riyadh","6.5","18%","Standard",,"$3,850.00","Local","LFI","SEK Group","8.5","2026-05-26T10:41:07.833Z","0","[]",,"success","true","SEK Education Group Portal, LinkedIn","https://riyadh.sek.international/work-with-us/","SEK International School Riyadh","1260795","sek-international-school-riyadh-1260795",,"Allowance","1790193420261","0","FLIS0092","For-Profit","https://riyadh.sek.international/work-with-us/","65","For-Profit","true","2026-09-17T06:57:09.115Z","1789628229115","false","{""_nanoseconds"":500000000,""_seconds"":1788076618}",,"2026-08-30T07:56:58.499Z","SAR","2025/2026","15000","MODELLED_ESTIMATE","Medium","2026-09-25T11:08:43.860Z","15000","https://riyadh.sek.international/work-with-us/","2026-09-25T12:18:17.167Z"
"FLIS0093","7.2","Saudi Arabia","22","Riyadh","Developing","7.4","1:12","BSO","7.8","New British export school with strong UK links.","7.5","8.5","7.6","Provided","Surface/LMS","UK","50","Reigate Grammar School Riyadh","6.8","20%","Full Private",,"$4,150.00","BSO","LFI","RGS Group","8.5","2026-05-26T10:41:07.833Z","0","[]",,"success","true","Reigate Grammar Int'l Portal, Teach Away","https://rgs-riyadh.edu.sa/careers/","Reigate Grammar School Riyadh","1263403","reigate-grammar-school-riyadh-1263403","{""devices"":[""Microsoft Surface""],""suite"":[],""lms"":[]}","Provided","2026-09-26T06:49:31.214Z","0","FLIS0093","For-Profit","https://rgs-riyadh.edu.sa/careers/","45","For-Profit","true","2026-09-17T06:57:09.264Z","1789628229264","false","{""_nanoseconds"":467000000,""_seconds"":1788292042}","{""schoolId"":""FLIS0104"",""schoolName"":""Reigate Grammar School Riyadh"",""category"":""LOW_TURNOVER"",""statusLabel"":""Low Turnover (Stable)"",""isUpdating"":false,""leadership_vacancies_count"":0,""secondary_vacancies_count"":2,""senior_leadership_churn_percentage"":0,""leopardfishIntelAlert"":""Leopardfish Multi-Engine Audit: Stable retention pattern with 2 active vacancies detected across TES, GRC Search, and official school portals."",""churn_implications_commentary"":""Leopardfish Multi-Engine Audit: Stable retention pattern with 2 active vacancies detected across TES, GRC Search, and official school portals."",""total_known_vacancies"":2,""estimated_churn_percentage"":4,""lastScrapedAt"":""2026-09-01T19:47:21.204Z"",""structured_vacancies"":[{""title"":""English Teacher/ Cover Teacher"",""department"":""Secondary"",""source"":""TES"",""source_url"":""https://www.reigate-grammar-school-riyadh.com"",""date_listed"":""Recently"",""date_closing"":""2026-09-03"",""status"":""OPEN"",""recruitmentCycle"":""CURRENT""},{""title"":""Arabic Teacher"",""department"":""Secondary"",""source"":""TES"",""source_url"":""https://www.reigate-grammar-school-riyadh.com"",""date_listed"":""Recently"",""date_closing"":null,""status"":""CLOSED"",""recruitmentCycle"":""CURRENT""}],""scrapedJobsList"":[""English Teacher/ Cover Teacher (Non-Sponsored) (Posted: Recently; Closes: 2026-09-03) - TES"",""Arabic Teacher (Posted: Recently; Closes: 2026-08-29) - TES"",""Arabic Teacher - TES"",""English Teacher/ Cover Teacher (Non-Sponsored) - TES"",""English Teacher/ Cover Teacher - TES"",""English Teacher/ Cover Teacher (Non-Sponsored)Reigate Grammar School Riyadh, Ar RiyadReigate Grammar School Riyadh is a leading British curriculum school located in Saudi Arabia, committed to providing high-quality education and fostering a supportive and dynamic learning environment. We are currently seeking an experienced PE... - TES"",""Arabic TeacherReigate Grammar School Riyadh, Saudi ArabiaReigate Grammar School Riyadh is a leading educational institution committed to providing high-quality British curriculum education in Saudi Arabia. We are dedicated to fostering academic excellence, creativity, and personal growth in a... - TES"",""Arabic Teacher (No Sponsorship) (Aug 2026; Posted: 26 Aug 2026; Closes: 30 Aug 2 (Posted: Recently; Closes: 2024-08-10) - TES""],""vacancies_discovered"":[{""title"":""English Teacher/ Cover Teacher"",""department"":""Secondary"",""source"":""TES"",""source_url"":""https://www.reigate-grammar-school-riyadh.com"",""date_listed"":""Recently"",""date_closing"":""2026-09-03"",""status"":""OPEN"",""recruitmentCycle"":""CURRENT""},{""title"":""Arabic Teacher"",""department"":""Secondary"",""source"":""TES"",""source_url"":""https://www.reigate-grammar-school-riyadh.com"",""date_listed"":""Recently"",""date_closing"":null,""status"":""CLOSED"",""recruitmentCycle"":""CURRENT""}],""metrics"":{""leadershipVacanciesCount"":0,""secondaryVacanciesCount"":2,""riskRating"":""LOW"",""leadershipChurnRatioPercent"":0,""totalKnownVacancies"":2,""estimatedStaffBase"":""45"",""primaryVacanciesCount"":0,""estimatedChurnRatePercent"":4,""averageYearlyTesAdverts"":2},""primary_vacancies_count"":0}","2026-09-01T19:47:21.204Z","SAR","2025/2026","15417","MODELLED_ESTIMATE","Medium","2026-09-25T07:25:58.680Z","15417","https://rgs-riyadh.edu.sa","2026-09-25T12:18:17.167Z"
"FLIS0094","7.2","Saudi Arabia","20","Riyadh","Emerging","7.2","1:10","BSO","7.5","All-girls British export school.","7.5","8.5","7.2","Provided","Digital Campus","UK","40","Downe House Riyadh","6.5","22%","Standard",,"$4,250.00",,"LFI","Inspired","8.5","2026-05-26T10:41:07.833Z","0","[]",,"success","true","Downe House UK Portal, Teach Away, LinkedIn","https://www.downehouseriyadh.com/careers/","Downe House Riyadh","1262215","downe-house-riyadh-1262215",,"Provided","1790193420261","0","FLIS0094","For-Profit","https://www.downehouseriyadh.com/careers/","35","For-Profit","true","2026-09-17T06:57:09.415Z","1789628229415","false","{""_nanoseconds"":192000000,""_seconds"":1788076612}",,"2026-08-30T07:56:52.191Z","SAR","2025/2026","15833","MODELLED_ESTIMATE","Medium","2026-09-25T07:25:58.680Z","15833","https://www.downehouseriyadh.com","2026-09-25T12:18:17.167Z"
"FLIS0095","6.0","Saudi Arabia","25","Riyadh","Satisfactory","6.1","1:14","AdvancED","6.5","Established local IB provider with steady growth.","6.0","8.5","8.2","Provided (Expat Compound Villa / Corporate Leased Apartment)","Basic LMS","IB","130","Al Faris International School","5.5","15%","Local",,"$3,650.00","Local","LFI","Private","8.5","2026-05-26T10:41:07.833Z","0","[]",,"success","true","LinkedIn, Gulf Talent","https://alfaris.edu.sa/careers/","Al Faris International School",,,,"Included","1790193420261","0","FLIS0095","For-Profit","https://alfaris.edu.sa/careers/","120","For-Profit","true","2026-09-17T06:57:09.573Z","1789628229573","false","{""_nanoseconds"":481000000,""_seconds"":1788076618}",,"2026-08-30T07:56:58.480Z","SAR","2025/2026","14500","MODELLED_ESTIMATE","Medium","2026-09-25T11:08:43.860Z","14500","https://alfaris.edu.sa","2026-09-25T12:18:17.167Z"
"FLIS0096","9.5","Saudi Arabia","18","Riyadh","High Potential","8.0","1:6","Candidate","7.0","Ultra-high tech with massive financial backing.","9.8","8.5","8.5","Luxury","Elite/AI","IB/National","100","Misk Schools","6.0","25%","Premium",,"$6,250.00","Local","LFI","Misk Found.","8.5","2026-05-26T10:41:07.833Z","0","[]","[GoogleGenerativeAI Error]: Error fetching from https://generativelanguage.googleapis.com/v1beta/models/gemini-2.5-flash:generateContent: [402 Payment Required] Your prepayment credits are depleted. Please go to AI Studio at https://ai.studio/projects to manage your project and billing. Learn more at https://ai.google.dev/gemini-api/docs/billing#prepay. ","failed","false","Misk Foundation Portal, Search Associates","https://miskschools.edu.sa/careers","Misk Schools","1081677","misk-schools-1081677",,"Luxury","2026-09-26T06:49:31.214Z","4","FLIS0096","Non-Profit","https://miskschools.edu.sa/careers","90","Non-Profit","true","2026-09-17T06:57:09.721Z","1789628229721","false","{""_seconds"":1790001724,""_nanoseconds"":71000000}","{""schoolId"":""FLIS0107"",""schoolName"":""Misk Schools"",""isUpdating"":false,""leadership_vacancies_count"":1,""leopardfishIntelAlert"":""Leopardfish Multi-Engine Audit: Stable retention pattern with 9 active vacancies detected across TES, GRC Search, and official school portals."",""estimated_churn_percentage"":10,""lastScrapedAt"":""2026-08-31T07:51:37.067Z"",""structured_vacancies"":[{""title"":""Female Art & Design Teacher for Grades 4-12 and i GCSE"",""department"":""Secondary"",""source"":""TES"",""source_url"":""https://www.misk-schools.com"",""date_listed"":""Recently"",""date_closing"":""2026-09-28"",""status"":""OPEN"",""recruitmentCycle"":""CURRENT""},{""title"":""Boys' Schools, English Teacher, Grade 7-8, A level - IGCSE"",""department"":""Secondary"",""source"":""TES"",""source_url"":""https://www.misk-schools.com"",""date_listed"":""Recently"",""date_closing"":null,""status"":""OPEN"",""recruitmentCycle"":""CURRENT""},{""title"":""Male Science and Computing Teacher, Boys schools, Grade 4 to Grade 8 and iGCSE"",""department"":""Secondary"",""source"":""TES"",""source_url"":""https://www.misk-schools.com"",""date_listed"":""Recently"",""date_closing"":null,""status"":""OPEN"",""recruitmentCycle"":""CURRENT""},{""title"":""Lower Primary Schools"",""department"":""Primary"",""source"":""School Web"",""source_url"":""https://www.misk-schools.com"",""date_listed"":""Recently"",""date_closing"":null,""status"":""OPEN"",""recruitmentCycle"":""CURRENT""},{""title"":""Director General’s Welcome"",""department"":""Leadership"",""source"":""School Web"",""source_url"":""https://www.misk-schools.com"",""date_listed"":""Recently"",""date_closing"":null,""status"":""OPEN"",""recruitmentCycle"":""CURRENT""},{""title"":""Upper Primary Schools"",""department"":""Primary"",""source"":""School Web"",""source_url"":""https://www.misk-schools.com"",""date_listed"":""Recently"",""date_closing"":null,""status"":""OPEN"",""recruitmentCycle"":""CURRENT""},{""title"":""School Leaders and Governance"",""department"":""Secondary"",""source"":""School Web"",""source_url"":""https://www.misk-schools.com"",""date_listed"":""Recently"",""date_closing"":null,""status"":""OPEN"",""recruitmentCycle"":""CURRENT""},{""title"":""Kindergarten"",""department"":""Primary"",""source"":""School Web"",""source_url"":""https://www.misk-schools.com"",""date_listed"":""Recently"",""date_closing"":null,""status"":""OPEN"",""recruitmentCycle"":""CURRENT""},{""title"":""Male Mathematics Teacher, Boys' Schools, Grade 6 to12 , iGCSE & A Level"",""department"":""Secondary"",""source"":""TES"",""source_url"":""https://www.misk-schools.com"",""date_listed"":""Recently"",""date_closing"":null,""status"":""OPEN"",""recruitmentCycle"":""CURRENT""}],""primary_vacancies_count"":3,""statusLabel"":""Moderate Turnover (Healthy)"",""churn_implications_commentary"":""Leopardfish Multi-Engine Audit: Stable retention pattern with 9 active vacancies detected across TES, GRC Search, and official school portals."",""senior_leadership_churn_percentage"":0,""secondary_vacancies_count"":5,""total_known_vacancies"":9,""scrapedJobsList"":[""Female Art & Design Teacher for Grades 4-12 and i GCSE (Posted: Recently; Closes: 2026-09-28) - TES"",""Boys' Schools, English Teacher, Grade 7-8, A level - IGCSE (Jan 2027 Cycle; Posted: 13 Aug 2026; Closes: 29 Sep 2026)"",""Female Art & Design Teacher for Grades 4-12 and iGCSE, Girls SchoolsMisk Schools, Riyadh - Saudi ArabiaMisk Schools is a state-of-the-art school in Riyadh that aims to prepare the next generation of Saudi leaders. We are hiring a Female Art and Design Teacher, who can teach Grade 4 to 8 in Art and Design. The ability to teach iGCSE in one of these... - TES"",""Boys' Schools, English Teacher, Grade 7-8, A level - IGCSE - TES"",""Male Science and Computing Teacher, Boys schools, Grade 4 to Grade 8 and iGCSE - TES"",""Boys' Schools, English Teacher, Grade 7-8, A level - IGCSEMisk Schools, Saudi Arabia - RiaydhMisk Schools is a state-of-the-art school in Riyadh that aims to prepare the next generation of Saudi leaders. We are hiring a Male English Teacher, for Grades 7-12, which may include IGCSE and IAlevel with the appointment set to begin January... - TES"",""Lower Primary Schools - School Web"",""Director General’s Welcome - School Web"",""Upper Primary Schools - School Web"",""Male Science and Computing Teacher, Boys schools, Grade 4 to Grade 8 and iGCSEMisk Schools, Riyadh, Saudi ArabiaMisk Schools is a state-of-the-art school in Riyadh that aims to prepare the next generation of Saudi leaders. We are hiring a Male Science and Computing Teacher, who can teach Grade 4 to 8 in Science and Computing. The ability to teach iGCSE in... - TES"",""Female Art & Design Teacher for Grades 4-12 and iGCSE, Girls Schools - TES"",""School Leaders and Governance - School Web"",""Kindergarten - School Web"",""Male Mathematics Teacher, Boys' Schools, Grade 6 to12 , iGCSE & A Level - TES""],""vacancies_discovered"":[{""title"":""Female Art & Design Teacher for Grades 4-12 and i GCSE"",""department"":""Secondary"",""source"":""TES"",""source_url"":""https://www.misk-schools.com"",""date_listed"":""Recently"",""date_closing"":""2026-09-28"",""status"":""OPEN"",""recruitmentCycle"":""CURRENT""},{""title"":""Boys' Schools, English Teacher, Grade 7-8, A level - IGCSE"",""department"":""Secondary"",""source"":""TES"",""source_url"":""https://www.misk-schools.com"",""date_listed"":""Recently"",""date_closing"":null,""status"":""OPEN"",""recruitmentCycle"":""CURRENT""},{""title"":""Male Science and Computing Teacher, Boys schools, Grade 4 to Grade 8 and iGCSE"",""department"":""Secondary"",""source"":""TES"",""source_url"":""https://www.misk-schools.com"",""date_listed"":""Recently"",""date_closing"":null,""status"":""OPEN"",""recruitmentCycle"":""CURRENT""},{""title"":""Lower Primary Schools"",""department"":""Primary"",""source"":""School Web"",""source_url"":""https://www.misk-schools.com"",""date_listed"":""Recently"",""date_closing"":null,""status"":""OPEN"",""recruitmentCycle"":""CURRENT""},{""title"":""Director General’s Welcome"",""department"":""Leadership"",""source"":""School Web"",""source_url"":""https://www.misk-schools.com"",""date_listed"":""Recently"",""date_closing"":null,""status"":""OPEN"",""recruitmentCycle"":""CURRENT""},{""title"":""Upper Primary Schools"",""department"":""Primary"",""source"":""School Web"",""source_url"":""https://www.misk-schools.com"",""date_listed"":""Recently"",""date_closing"":null,""status"":""OPEN"",""recruitmentCycle"":""CURRENT""},{""title"":""School Leaders and Governance"",""department"":""Secondary"",""source"":""School Web"",""source_url"":""https://www.misk-schools.com"",""date_listed"":""Recently"",""date_closing"":null,""status"":""OPEN"",""recruitmentCycle"":""CURRENT""},{""title"":""Kindergarten"",""department"":""Primary"",""source"":""School Web"",""source_url"":""https://www.misk-schools.com"",""date_listed"":""Recently"",""date_closing"":null,""status"":""OPEN"",""recruitmentCycle"":""CURRENT""},{""title"":""Male Mathematics Teacher, Boys' Schools, Grade 6 to12 , iGCSE & A Level"",""department"":""Secondary"",""source"":""TES"",""source_url"":""https://www.misk-schools.com"",""date_listed"":""Recently"",""date_closing"":null,""status"":""OPEN"",""recruitmentCycle"":""CURRENT""}],""metrics"":{""leadershipVacanciesCount"":1,""totalKnownVacancies"":9,""estimatedStaffBase"":""90"",""primaryVacanciesCount"":3,""secondaryVacanciesCount"":5,""estimatedChurnRatePercent"":10,""leadershipChurnRatioPercent"":0,""averageYearlyTesAdverts"":9,""riskRating"":""MODERATE""},""category"":""MODERATE_TURNOVER""}","2026-08-31T07:51:37.067Z","SAR","2025/2026","19583","STRONG_MARKET_EVIDENCE","High","2026-09-25T07:25:58.680Z","19583","https://miskschools.edu.sa","2026-09-25T12:18:17.167Z"
"FLIS0097","5.5","Saudi Arabia","26","Riyadh","Satisfactory","5.8","1:15","AdvancED","6.0","Long-standing school catering to mixed expat groups.","5.0","8.5","8.0","Provided (Expat Compound Villa / Corporate Leased Apartment)","Standard","UK/US","85","Saud International School","5.8","15%","Basic",,"$3,450.00","Local","LFI","Private","8.5","2026-05-26T10:41:07.833Z","0","[]",,"success","true","LinkedIn, Gulf Talent","https://sis.edu.sa/careers/","Saud International School",,,,"Allowance","2026-09-26T06:49:31.214Z","1","FLIS0097","For-Profit","https://sis.edu.sa/careers/","80","For-Profit","true","2026-09-17T06:57:09.874Z","1789628229874","false","{""_nanoseconds"":770000000,""_seconds"":1788076610}",,"2026-08-30T07:56:50.768Z","SAR","2025/2026","13800","MODELLED_ESTIMATE","Medium","2026-09-25T11:08:43.860Z","13800","https://sis.edu.sa","2026-09-25T12:18:17.167Z"
"FLIS0098","7.5","United Arab Emirates","24","Abu Dhabi","Highly Regarded","7.7","1:11","BSO/CIS","8.2","High-performing Nord Anglia school with corporate perks.","8.5","9.2","9.0","Allowance","Canvas/iPad","UK/IB","150","British International School Abu Dhabi","6.8","18%","Global",,"AED 14,000–18,500","ADEK","LFI","Nord Anglia","9.2","2026-05-26T10:41:07.833Z","0","[]",,"success","true","Nord Anglia Career Portal, Teach Away","https://www.nordangliaeducation.com/bis-abu-dhabi/careers","British International School Abu Dhabi","1058518","the-british-international-school-abu-dhabi-1058518","{""devices"":[""Apple iPad""],""suite"":[""Apple Ecosystem""],""lms"":[""Canvas""]}","Allowance","1790415498143","3","FLIS0098","For-Profit","https://www.nordangliaeducation.com/bis-abu-dhabi/careers","140","For-Profit","true","2026-09-26T09:31:30.402Z","1790415090402","false","{""_nanoseconds"":474000000,""_seconds"":1788076613}",,"2026-08-30T07:56:53.473Z","AED","2025/2026","16250","Market Evidence — Range Midpoint","High","2026-09-27T07:09:31.926Z","16250","https://www.nordangliaeducation.com","2026-09-27T07:09:31.926Z"
"FLIS0099","7.8","United Arab Emirates","22","Abu Dhabi","Highly Regarded","7.7","1:10","CIS","8.0","Brand new flagship campus with high tech focus.","9.0","9.2","8.7","Provided","High-End","UK/IB","110","Nord Anglia International School Abu Dhabi","6.5","18%","Global",,"AED 14,000–18,500","ADEK","LFI","Nord Anglia","9.2","2026-05-26T10:41:07.834Z","0","[]",,"success","true","Nord Anglia Career Portal, Teach Away","https://www.nordangliaeducation.com/nas-abu-dhabi/careers","Nord Anglia International School Abu Dhabi","1265059","nord-anglia-international-school-abu-dhabi-1265059",,"Provided","1790415498143","4","FLIS0099","For-Profit","https://www.nordangliaeducation.com/nas-abu-dhabi/careers","100","For-Profit","true","2026-09-26T09:31:38.989Z","1790415098989","false","{""_nanoseconds"":35000000,""_seconds"":1788076612}",,"2026-08-30T07:56:52.034Z","AED","2025/2026","16250","Market Evidence — Range Midpoint","High","2026-09-27T07:09:31.926Z","16250","https://www.nordangliaeducation.com","2026-09-27T07:09:31.926Z"
"FLIS0100","8.5","United Arab Emirates","20","Abu Dhabi","World-Class","8.2","1:9","BSO/BSME","8.8","World-class arts and academic focus on Saadiyat Island.","8.5","9.2","9.2","Provided","Managed Hub","UK","140","Cranleigh Abu Dhabi","7.2","20%","Premium",,"AED 15,000–19,500","BSO","LFI","Aldar","9.2","2026-05-26T10:41:07.834Z","0","[]",,"success","true","Aldar Education Portal, Teach Away, LinkedIn","https://www.cranleigh.ae/careers","Cranleigh Abu Dhabi","1067935","cranleigh-abu-dhabi-1067935",,"Provided","1790403981343","3","FLIS0100","For-Profit","https://www.cranleigh.ae/careers","130","For-Profit","true","2026-09-17T06:57:10.317Z","1789628230317","false","{""_nanoseconds"":382000000,""_seconds"":1788076617}",,"2026-08-30T07:56:57.380Z","AED","2025/2026","17250","Market Evidence — Range Midpoint","High","2026-09-27T07:09:31.926Z","17250","https://www.cranleigh.ae","2026-09-27T07:09:31.926Z"
"FLIS0101","8.2","United Arab Emirates","22","Abu Dhabi","Outstanding","8.0","1:10","BSO/ADEK","8.7","Consistently top-rated for British curriculum results.","8.0","9.2","9.1","Allowance","Google Suite","UK","135","Brighton College Abu Dhabi","7.0","18%","Premium",,"AED 14,500–19,000","BSO","LFI","Bloom","9.2","2026-05-26T10:41:07.834Z","0","[]",,"success","true","Bloom Education Portal, Teach Away, LinkedIn","https://www.brightoncollege.ae/careers","Brighton College Abu Dhabi","1062693","brighton-college-abu-dhabi-1062693","{""devices"":[],""suite"":[""Google Workspace""],""lms"":[]}","Allowance","1790403981343","17","FLIS0101","For-Profit","https://www.brightoncollege.ae/careers","125","For-Profit","true","2026-09-17T06:57:10.462Z","1789628230462","false","{""_nanoseconds"":832000000,""_seconds"":1788076624}",,"2026-08-30T07:57:04.830Z","AED","2025/2026","16750","Market Evidence — Range Midpoint","High","2026-09-27T07:09:31.926Z","16750","https://www.brightoncollege.ae","2026-09-27T07:09:31.926Z"
"FLIS0102","7.8","United Arab Emirates","24","Abu Dhabi","Highly Regarded","8.0","1:11","CIS/NEASC","8.4","Top-tier IB school with a strong community feel.","8.2","9.2","8.9","Provided","ManageBac","IB","165","Raha International School","7.5","20%","Full Private",,"AED 14,000–18,000","CIS","LFI","Taaleem","9.2","2026-05-26T10:41:07.834Z","0","[]",,"success","true","Taaleem Careers Portal, Teach Away, Gulf Talent","https://www.taaleem.ae/careers","Raha International School","1070644","raha-international-school-gardens-campus-1070644","{""devices"":[],""suite"":[],""lms"":[""ManageBac""]}","Provided","1790415498143","14","FLIS0102","For-Profit","https://www.taaleem.ae/careers","155","For-Profit","true","2026-09-17T06:57:10.610Z","1789628230610","false","{""_seconds"":1788076628,""_nanoseconds"":380000000}",,"2026-08-30T07:57:08.378Z","AED","2025/2026","16000","Market Evidence — Range Midpoint","High","2026-09-27T07:09:31.926Z","16000","https://www.taaleem.ae","2026-09-27T07:09:31.926Z"
"FLIS0103","8.5","United Arab Emirates","20","Dubai","World-Class","8.6","1:9","HMC/BSO","9.7","Elite academic powerhouse with high workload.","8.5","9.0","9.6","Provided","MS Teams","UK","140","Dubai College","7.5","18%","Premium",,"AED 18,500–24,500","KHDA/BSO","LFI","Independent","9.0","2026-05-26T10:41:07.834Z","0","[]",,"success","true","eTeach, LinkedIn, Gulf Talent","https://www.dubaicollege.org/recruitment","Dubai College","1057286","dubai-college-uae-1057286","{""devices"":[],""suite"":[""Microsoft 365""],""lms"":[]}","Provided","1790403981343","6","FLIS0103","Non-Profit","https://www.dubaicollege.org/recruitment","130","Non-Profit","true","2026-09-17T06:57:10.751Z","1789628230751","false","{""_nanoseconds"":833000000,""_seconds"":1788076694}",,"2026-08-30T07:58:14.832Z","AED","2025/2026","21500","Market Evidence — Range Midpoint","High","2026-09-27T07:09:31.926Z","21500","https://www.dubaicollege.org","2026-09-27T07:09:31.926Z"
"FLIS0104","8.0","United Arab Emirates","24","Dubai Emirates Hills","Outstanding","8.2","1:11","CIS/BSO","8.5","Well-balanced British school with strong SLT reviews.","8.2","9.0","9.1","Allowance","Apple Distinguished","UK","120","Dubai British School","7.8","22%","Full Private",,"AED 14,000–18,500","KHDA","LFI","Taaleem","9.0","2026-05-26T10:41:07.834Z","0","[]",,"success","true","Taaleem Careers Portal, Teach Away, Gulf Talent","https://www.dubaibritishschool.ae/work-with-us","Dubai British School","1057169","dubai-british-school-emirates-hills-1057169","{""devices"":[""Apple Mac""],""suite"":[""Apple Ecosystem""],""lms"":[]}","Allowance","2026-09-26T06:49:31.214Z","20","FLIS0104","For-Profit","https://www.dubaibritishschool.ae/work-with-us","110","For-Profit","true","2026-09-17T06:57:10.899Z","1789628230899","false","{""_nanoseconds"":933000000,""_seconds"":1788076622}",,"2026-08-30T07:57:02.932Z","AED","2025/2026","16250","Market Evidence — Range Midpoint","High","2026-09-27T07:09:31.926Z","16250","https://www.dubaibritishschool.ae","2026-09-27T07:09:31.926Z"
"FLIS0105","7.5","United Arab Emirates","25","Dubai","Highly Regarded","7.5","1:12","BSO","8.0","Innovative ""Positive Education"" focus with high tech.","8.8","9.0","8.5","Allowance","AI/Coding","UK/IB","155","Sunmarke School","6.5","15%","Full Private",,"AED 13,000–17,500","KHDA","LFI","Fortes","9.0","2026-05-26T10:41:07.834Z","0","[]",,"success","true","Fortes Education Portal, Teacher Horizons","https://sunmarke.com/contact-us/work-with-us/","Sunmarke School","1077790","sunmarke-school-1077790",,"Allowance","1790403981343","22","FLIS0105","For-Profit","https://sunmarke.com/contact-us/work-with-us/","140","For-Profit","true","2026-09-17T06:57:11.044Z","1789628231044","false","{""_nanoseconds"":548000000,""_seconds"":1788076686}",,"2026-08-30T07:58:06.546Z","AED","2025/2026","15250","Market Evidence — Range Midpoint","High","2026-09-27T07:09:31.926Z","15250","https://sunmarke.com/contact-us/work-with-us/","2026-09-27T07:09:31.926Z"
"FLIS0106","8.2","United Arab Emirates","22","Dubai","Outstanding","7.9","1:10","CIS","8.6","High-performance academic culture with premium tech.","9.2","9.0","9.0","Provided","Virtual/Elite","UK/IB","160","Nord Anglia International School Dubai","6.5","18%","Global",,"AED 14,500–19,000","KHDA","LFI","Nord Anglia","9.0","2026-05-26T10:41:07.834Z","0","[]",,"success","true","Nord Anglia Career Portal, Teach Away","https://www.nordangliaeducation.com/nas-dubai/careers","Nord Anglia International School Dubai","1067785","nord-anglia-international-school-dubai-1067785",,"Provided","2026-09-26T06:49:31.214Z","4","FLIS0106","For-Profit","https://www.nordangliaeducation.com/nas-dubai/careers","145","For-Profit","true","2026-09-26T09:32:51.689Z","1790415171689","false","{""_nanoseconds"":939000000,""_seconds"":1788076621}",,"2026-08-30T07:57:01.938Z","AED","2025/2026","16750","Market Evidence — Range Midpoint","High","2026-09-27T07:09:31.926Z","16750","https://www.nordangliaeducation.com","2026-09-27T07:09:31.926Z"
"FLIS0107","8.8","United Arab Emirates","22","Dubai Academic City","World-Class","8.6","1:9","BSO","9.2","Premier British school with exceptional Work-Life score.","8.5","9.0","9.4","Provided","Google/Surface","UK","180","Dubai English Speaking School","8.0","22%","Premium",,"AED 14,500–19,500","KHDA/BSO","LFI","Independent","9.0","2026-05-26T10:41:07.834Z","0","[]",,"success","true","Teacher Horizons, Gulf Talent, LinkedIn","https://dess.sch.ae/work-at-dess","Dubai English Speaking School","1271801","dubai-english-speaking-school-academic-city-1271801","{""devices"":[""Microsoft Surface""],""suite"":[""Google Workspace""],""lms"":[]}","Provided","2026-09-26T06:49:31.214Z","4","FLIS0107","Non-Profit","https://dess.sch.ae/work-at-dess","170","Non-Profit","true","2026-09-17T06:57:11.345Z","1789628231345","false","{""_nanoseconds"":120000000,""_seconds"":1788076613}",,"2026-08-30T07:56:53.118Z","AED","2025/2026","17000","Market Evidence — Range Midpoint","High","2026-09-27T07:09:31.926Z","17000","https://dess.sch.ae/work-at-dess","2026-09-27T07:09:31.926Z"
"FLIS0108","7.8","United Arab Emirates","20","Dubai","Highly Regarded","7.9","1:10","BSO/CIS","8.0","Boutique feel with strong focus on staff wellbeing.","8.5","9.0","8.3","Allowance","1:1 iPad","UK","95","Hartland International School","7.5","20%","Full Private",,"AED 13,500–18,000","KHDA","LFI","Sobha","9.0","2026-05-26T10:41:07.834Z","0","[]",,"success","true","Teacher Horizons, LinkedIn","https://www.hartlandinternational.com/current-vacancies/","Hartland International School","1072119","hartland-international-school-1072119","{""devices"":[""Apple iPad""],""suite"":[""Apple Ecosystem""],""lms"":[]}","Allowance","2026-09-25T12:06:09.708Z","13","FLIS0108","For-Profit","https://www.hartlandinternational.com/current-vacancies/","85","For-Profit","true","2026-09-17T06:57:11.520Z","1789628231520","false","{""_nanoseconds"":296000000,""_seconds"":1788076692}",,"2026-08-30T07:58:12.295Z","AED","2025/2026","15750","Market Evidence — Range Midpoint","High","2026-09-27T07:09:31.926Z","15750","https://www.hartlandinternational.com/current-vacancies/","2026-09-27T07:09:31.926Z"
"FLIS0109","7.5","United Arab Emirates","22","Dubai","Highly Regarded","7.6","1:11","BSO","7.8","Solid British curriculum with strong sports and tech.","8.0","9.0","8.4","Provided","MS Showcase","UK/IB","100","Kent College Dubai","7.0","20%","Full Private",,"AED 13,500–18,000","KHDA","LFI","Mir Hashem","9.0","2026-05-26T10:41:07.834Z","0","[]",,"success","true","eTeach, LinkedIn","https://www.eteach.com/careers/kentcollege/","Kent College Dubai","1081286","kent-college-dubai-1081286","{""devices"":[],""suite"":[""Microsoft 365""],""lms"":[]}","Provided","1790403981343","8","FLIS0109","For-Profit","https://www.eteach.com/careers/kentcollege/","90","For-Profit","true","2026-09-25T11:35:46.969Z","1790336146969","false","{""_nanoseconds"":202000000,""_seconds"":1788170439}","{""schoolId"":""FLIS0120"",""schoolName"":""Kent College Dubai"",""category"":""LOW_TURNOVER"",""statusLabel"":""Low Turnover (Stable)"",""isUpdating"":false,""leadership_vacancies_count"":0,""primary_vacancies_count"":1,""senior_leadership_churn_percentage"":0,""leopardfishIntelAlert"":""Leopardfish Multi-Engine Audit: Stable retention pattern with 3 active vacancies detected across TES, GRC Search, and official school portals."",""churn_implications_commentary"":""Leopardfish Multi-Engine Audit: Stable retention pattern with 3 active vacancies detected across TES, GRC Search, and official school portals."",""secondary_vacancies_count"":2,""total_known_vacancies"":3,""estimated_churn_percentage"":3,""lastScrapedAt"":""2026-08-31T10:00:08.460Z"",""structured_vacancies"":[{""title"":""Vacancy at Kent College Dubai"",""department"":""Secondary"",""source"":""School ATS Portal"",""source_url"":""https://www.kent-college-dubai.com"",""date_listed"":""Recently"",""date_closing"":null,""status"":""OPEN"",""recruitmentCycle"":""CURRENT""},{""title"":""Evening Activities Supervisor"",""department"":""Secondary"",""source"":""School ATS Portal"",""source_url"":""https://www.kent-college-dubai.com"",""date_listed"":""Recently"",""date_closing"":null,""status"":""OPEN"",""recruitmentCycle"":""CURRENT""},{""title"":""Early Years Apprentice"",""department"":""Primary"",""source"":""School ATS Portal"",""source_url"":""https://www.kent-college-dubai.com"",""date_listed"":""Recently"",""date_closing"":null,""status"":""OPEN"",""recruitmentCycle"":""CURRENT""}],""scrapedJobsList"":[""Vacancy at Kent College Dubai - School ATS Portal"",""Evening Activities Supervisor - School ATS Portal"",""Early Years Apprentice - School ATS Portal""],""vacancies_discovered"":[{""title"":""Vacancy at Kent College Dubai"",""department"":""Secondary"",""source"":""School ATS Portal"",""source_url"":""https://www.kent-college-dubai.com"",""date_listed"":""Recently"",""date_closing"":null,""status"":""OPEN"",""recruitmentCycle"":""CURRENT""},{""title"":""Evening Activities Supervisor"",""department"":""Secondary"",""source"":""School ATS Portal"",""source_url"":""https://www.kent-college-dubai.com"",""date_listed"":""Recently"",""date_closing"":null,""status"":""OPEN"",""recruitmentCycle"":""CURRENT""},{""title"":""Early Years Apprentice"",""department"":""Primary"",""source"":""School ATS Portal"",""source_url"":""https://www.kent-college-dubai.com"",""date_listed"":""Recently"",""date_closing"":null,""status"":""OPEN"",""recruitmentCycle"":""CURRENT""}],""metrics"":{""leadershipVacanciesCount"":0,""primaryVacanciesCount"":1,""riskRating"":""LOW"",""leadershipChurnRatioPercent"":0,""totalKnownVacancies"":3,""estimatedStaffBase"":""90"",""secondaryVacanciesCount"":2,""estimatedChurnRatePercent"":3,""averageYearlyTesAdverts"":3}}","2026-08-31T10:00:08.460Z","AED","2025/2026","15750","Market Evidence — Range Midpoint","High","2026-09-27T07:09:31.926Z","15750","https://www.eteach.com","2026-09-27T07:09:31.926Z"
"FLIS0110","8.5","United Arab Emirates","22","Dubai","Outstanding","8.2","1:10","BSO/CIS","9.0","High academic expectations in a traditional boarding setting.","8.8","9.0","9.2","Provided","Apple Distinguished","UK/IB","165","Repton School Dubai","6.8","18%","Premium",,"AED 14,500–19,000","KHDA","LFI","Cognita","9.0","2026-05-26T10:41:07.834Z","0","[]",,"success","true","Excelsior Schools Portal, Teach Away, LinkedIn","https://www.reptondubai.org/careers/","Repton School Dubai","1057021","repton-school-dubai-1057021","{""devices"":[""Apple Mac""],""suite"":[""Apple Ecosystem""],""lms"":[]}","Provided","1790403981343","3","FLIS0110","For-Profit","https://www.reptondubai.org/careers/","150","For-Profit","true","2026-09-17T06:57:11.829Z","1789628231829","false","{""_nanoseconds"":379000000,""_seconds"":1788076636}",,"2026-08-30T07:57:16.377Z","AED","2025/2026","16750","Market Evidence — Range Midpoint","High","2026-09-27T07:09:31.926Z","16750","https://www.reptondubai.org","2026-09-27T07:09:31.926Z"
"FLIS0111","7.2","United Arab Emirates","24","Dubai","Highly Regarded","7.5","1:12","BSO","7.5","Community-focused school with good non-contact time.","7.5","9.0","8.1","Provided (Expat Compound Villa / Corporate Leased Apartment)","Standard LMS","UK","80","Horizon International School","7.5","22%","Standard",,"AED 12,500–16,500","KHDA","LFI","Cognita","9.0","2026-05-26T10:41:07.834Z","0","[]",,"success","true","Al Najah Education Portal, Teacher Horizons","https://hisdubai.ae/careers/","Horizon International School","1060959","horizon-international-school-1060959",,"Allowance","2026-09-26T06:10:30.811Z","2","FLIS0111","For-Profit","https://hisdubai.ae/careers/","70","For-Profit","true","2026-09-17T06:57:11.972Z","1789628231972","false","{""_nanoseconds"":627000000,""_seconds"":1788076629}",,"2026-08-30T07:57:09.626Z","AED","2025/2026","14500","Market Evidence — Range Midpoint","High","2026-09-27T07:09:31.926Z","14500","https://hisdubai.ae","2026-09-27T07:09:31.926Z"
"FLIS0112","7.5","Qatar","24","Doha","Highly Regarded","7.5","1:11","CIS","7.8","Nord Anglia school with multi-campus opportunities.","8.0","8.8","8.6","Provided","Canvas","UK/IB","125","Compass International School Doha","6.8","18%","Global",,"$3,750.00","BSO","LFI","Nord Anglia","8.8","2026-05-26T10:41:07.834Z","0","[]",,"success","true","Nord Anglia Career Portal, Teach Away","https://www.nordangliaeducation.com/cis-doha/careers","Compass International School Doha","1276094","compass-international-school-doha-1276094","{""devices"":[],""suite"":[],""lms"":[""Canvas""]}","Provided","1790415498143","3","FLIS0112","For-Profit","https://www.nordangliaeducation.com/cis-doha/careers","110","For-Profit","true","2026-09-26T06:44:06.250Z","1790405046250","false","{""_nanoseconds"":823000000,""_seconds"":1788076694}",,"2026-08-30T07:58:14.822Z","QAR","2025/2026","14167","MODELLED_ESTIMATE","Medium","2026-09-25T07:25:58.681Z","14167","https://www.nordangliaeducation.com","2026-09-25T12:18:17.167Z"
"FLIS0113","6.8","Qatar","25","Doha","Developing","7.0","1:12","AdvancED","6.5","Emerging American curriculum school.","7.5","8.8","7.4","Provided","Digital Hub","US","65","Etqan Global Academy","6.5","15%","Standard",,"$3,550.00",,"LFI","Private","8.8","2026-05-26T10:41:07.834Z","0","[]",,"success","true","Nord Anglia Career Portal","https://www.nordangliaeducation.com/careers","Etqan Global Academy",,,,"Provided","1790415498143","4","FLIS0113","For-Profit","https://www.nordangliaeducation.com/careers","55","For-Profit","true","2026-09-26T09:32:10.663Z","1790415130663","false","{""_nanoseconds"":594000000,""_seconds"":1788076611}",,"2026-08-30T07:56:51.593Z","QAR","2025/2026","13500","MODELLED_ESTIMATE","Medium","2026-09-25T08:14:16.426Z","13500","https://www.nordangliaeducation.com","2026-09-25T12:18:17.167Z"
"FLIS0114","9.3","Kuwait","25","Kuwait City","Highly Regarded","9.3","1:12","BSO","8.5","Large Nord Anglia British continuum campus in Salwa delivering top-tier British international education.","7.5","7.8","8.9","Provided furnished accommodation or allowance","Google Workspace","UK","210","British School of Kuwait","7.0","20%","Comprehensive Worldwide Medical",,"KWD 1,100 - 1,650 / month","BSO","LFI","Private","7.8","2026-05-26T10:41:07.834Z","0","[]",,"success","true","Nord Anglia Career Portal, Teach Away","https://bsk.edu.kw/vacancies","The British School of Kuwait",,,"{""devices"":[],""suite"":[""Google Workspace""],""lms"":[]}","Provided","1790403981343","6","FLIS0114","For-Profit","https://www.bsk.edu.kw/careers","190","For-Profit","true","2026-09-17T06:57:12.430Z","1789628232430","false","{""_nanoseconds"":740000000,""_seconds"":1788076622}",,"2026-08-30T07:57:02.739Z","KWD","2025/2026","1042","STRONG_MARKET_EVIDENCE","High","2026-09-25T07:25:58.681Z","1042","https://www.bsk.edu.kw","2026-09-25T12:18:17.167Z"
"FLIS0115","9.0","Oman","22","Muscat","World-Class","8.8","1:10","BSO","8.8","Top-tier non-profit with elite savings and stable culture.","8.0","9.0","9.1","Provided","Microsoft 365, Canvas integration","UK/A-Level","175","British School Muscat","8.5","20%","Comprehensive Medical Insurance provided",,"OMR 1,650","BSO","LFI","Community Board","9.0","2026-05-26T10:41:07.834Z","0","[]",,"success","true","Teacher Horizons, LinkedIn","https://www.britishschoolmuscat.com/work-for-us/vacancies","British School Muscat","1055453","british-school-muscat-1055453","{""devices"":[],""suite"":[""Microsoft 365""],""lms"":[""Canvas""]}","Provided (Accommodation Allowance or furnished housing)","2026-09-26T06:49:31.214Z","10","FLIS0115","Non-Profit","https://www.britishschoolmuscat.com/work-for-us/vacancies","160","Non-Profit","true","2026-09-17T06:57:12.580Z","1789628232580","false","{""_nanoseconds"":815000000,""_seconds"":1788076613}",,"2026-08-30T07:56:53.813Z","OMR","2025/2026","1708","STRONG_MARKET_EVIDENCE","High","2026-09-25T07:25:58.681Z","1708","https://www.britishschoolmuscat.com","2026-09-25T12:18:17.167Z"
"FLIS0116","8.2","Oman","13","Muscat","Outstanding","8.3","1:9","Middle States","8.5","Robust US-curriculum standard; non-selective AP entry.","8.8","9.0","8.9","Provided","1:1 Mac","US/AP","110","American International School of Muscat","7.8","20%","Premium",,"$5,400.00","CIS","LFI","Independent","9.0","2026-05-26T10:41:07.834Z","0","[]",,"success","true","Search Associates, ISS, LinkedIn","https://www.taism.com/employment","American International School of Muscat",,,"{""devices"":[""Apple Mac""],""suite"":[""Apple Ecosystem""],""lms"":[]}","Provided","2026-09-26T06:49:31.214Z","4","FLIS0116","Non-Profit","https://www.taism.com/employment","95","Non-Profit","true","2026-09-17T06:57:12.740Z","1789628232740","false","{""_nanoseconds"":245000000,""_seconds"":1788076609}",,"2026-08-30T07:56:49.243Z","OMR","2025/2026","1600","STRONG_MARKET_EVIDENCE","High","2026-09-25T08:14:16.426Z","1600","https://www.taism.com","2026-09-25T12:18:17.167Z"
"FLIS0117","7.8","Bahrain","24","Hamala","Highly Regarded","7.8","1:13","CIS/BSO","8.2","High city safety; consistent recruitment cycles.","7.8","8.5","8.8","Provided","Google/1:1","UK/A-Level","165","British School of Bahrain","7.2","18%","Global",,"$3,850.00","Local","LFI","Inspired","8.5","2026-05-26T10:41:07.834Z","0","[]",,"success","true","Inspired Education Portal, Teach Away, LinkedIn","https://www.britishschoolbahrain.com/careers","British School of Bahrain","1057331","british-school-of-bahrain-1057331","{""devices"":[],""suite"":[""Google Workspace""],""lms"":[]}","Provided","1790405335974","1","FLIS0117","For-Profit","https://www.britishschoolbahrain.com/careers","150","For-Profit","true","2026-09-17T06:57:12.883Z","1789628232883","false","{""_nanoseconds"":397000000,""_seconds"":1788076613}",,"2026-08-30T07:56:53.395Z","BHD","2025/2026","1500","STRONG_MARKET_EVIDENCE","High","2026-09-25T07:25:58.681Z","1500","https://www.britishschoolbahrain.com","2026-09-25T12:18:17.167Z"
"FLIS0118","7.4","Egypt","22","Cairo","Highly Regarded","7.5","1:11","BSO","8.6","Renowned academic institution; leading leadership hub.","8.0","6.5","8.5","Provided","1:1 iPad","UK/IB","125","British International School Cairo","7.0","20%","Private",,"$2,850.00","BSO","LFI","Community Board","6.5","2026-05-26T10:41:07.834Z","0","[]",,"success","true","Search Associates, Teacher Horizons, LinkedIn","https://www.bisc.edu.eg/careers","British International School Cairo","1060109","the-british-international-school-cairo-1060109","{""devices"":[""Apple iPad""],""suite"":[""Apple Ecosystem""],""lms"":[]}","Provided","1790403981343","2","FLIS0118","For-Profit","https://www.bisc.edu.eg/careers","115","For-Profit","true","2026-09-17T06:57:13.053Z","1789628233053","false","{""_nanoseconds"":815000000,""_seconds"":1788076623}",,"2026-08-30T07:57:03.814Z","USD","2025/2026","3200","STRONG_MARKET_EVIDENCE","High","2026-09-25T08:14:16.426Z","3200","https://www.bisc.edu.eg","2026-09-25T12:18:17.167Z"
"FLIS0119","7.0","Egypt","24","Cairo","Respectable","7.0","1:12","BSO","7.5","Strong academic name; monitors for ""Profit-Squeeze"".","7.5","6.0","7.8","Provided","1:1 iPad","UK/IB","120","Malvern College Egypt","6.5","15%","Private",,"$2,650.00","BSO","LFI","Malvern College Family of Schools","6.0","2026-05-26T10:41:07.834Z","0","[]",,"success","true","Malvern College Int'l Portal, Teach Away","https://malverncollege.edu.eg/careers/","Malvern College Egypt",,,"{""devices"":[""Apple iPad""],""suite"":[""Apple Ecosystem""],""lms"":[]}","Provided","2026-09-26T06:49:31.214Z","1","FLIS0119","For-Profit","https://malverncollege.edu.eg/careers/","110","For-Profit","true","2026-09-17T06:57:13.205Z","1789628233205","false","{""_nanoseconds"":716000000,""_seconds"":1788076617}",,"2026-08-30T07:56:57.714Z","USD","2025/2026","3000","STRONG_MARKET_EVIDENCE","High","2026-09-25T08:14:16.426Z","3000","https://malverncollege.edu.eg","2026-09-25T12:18:17.167Z"
"FLIS0120","7.2","Egypt","24","Cairo","Respectable","7.1","1:12","BSO","7.8","Established reputation; affected by local economic shifts.","7.5","6.0","8.5","Provided","1:1 iPad","UK/US/IB","125","El Alsson School","6.8","15%","Private",,"$2,650.00","Local","LFI","Private","6.0","2026-05-26T10:41:07.834Z","0","[]",,"success","true","Teacher Horizons, LinkedIn","https://www.alsson.com/careers/","El Alsson School","1056384","el-alsson-british-and-american-international-school-american-section-1056384","{""devices"":[""Apple iPad""],""suite"":[""Apple Ecosystem""],""lms"":[]}","Provided","1790403981343","3","FLIS0120","For-Profit","https://www.alsson.com/careers/","115","For-Profit","true","2026-09-17T06:57:13.351Z","1789628233351","false","{""_nanoseconds"":989000000,""_seconds"":1788076685}",,"2026-08-30T07:58:05.988Z","USD","2025/2026","2800","MODELLED_ESTIMATE","Medium","2026-09-25T08:14:16.426Z","2800","https://www.alsson.com","2026-09-25T12:18:17.167Z"
"FLIS0121","8.2","Kenya","18","Nairobi","Highly Regarded","7.9","1:9","CIS/MSA","8.5","High financial viability; security protocols are robust.","8.0","6.5","8.7","Provided","1:1 Mac","IB/US","145","International School of Kenya","7.5","20%","Full Private",,"$4,650.00","Local","LFI","Independent","6.5","2026-05-26T10:41:07.834Z","0","[]",,"success","true","Search Associates, ISS, LinkedIn","https://www.isk.ac.ke/employment","International School of Kenya",,,"{""devices"":[""Apple Mac""],""suite"":[""Apple Ecosystem""],""lms"":[]}","Full housing allowance / furnished accommodation provided","2026-09-26T06:49:31.214Z","5","FLIS0121","Non-Profit","https://www.isk.ac.ke/employment","130","Non-Profit","true",,,"false","{""_nanoseconds"":621000000,""_seconds"":1788076609}",,"2026-08-30T07:56:49.620Z","USD","2025/2026","4000","STRONG_MARKET_EVIDENCE","High","2026-09-25T07:25:58.681Z","4000","https://www.isk.ac.ke","2026-09-25T12:18:17.167Z"
"FLIS0122","7.5","Kenya","22","Nairobi","Highly Regarded","7.3","1:11","CIS/BSO","7.9","Distinguished academic record with premium facilities.","7.6","6.5","8.4","Allowance","1:1 iPad","UK/iGCSE","155","Brookhouse School","7.0","18%","Private",,"$3,250.00","Local","LFI","Inspired","6.5","2026-05-26T10:41:07.834Z","0","[]",,"success","true","Inspired Education Group Portal, LinkedIn","https://www.brookhouse.ac.ke/careers","Brookhouse School","1057702","brookhouse-schools-1057702","{""devices"":[""Apple iPad""],""suite"":[""Apple Ecosystem""],""lms"":[]}","Allowance","1790403981343","8","FLIS0122","For-Profit","https://www.brookhouse.ac.ke/careers","140","For-Profit","true",,,"false","{""_nanoseconds"":635000000,""_seconds"":1788076607}",,"2026-08-30T07:56:47.633Z","KES","2025/2026","320000","STRONG_MARKET_EVIDENCE","High","2026-09-25T08:14:16.426Z","320000","https://www.brookhouse.ac.ke","2026-09-25T12:18:17.167Z"
"FLIS0123","7.0","Kenya","22","Nairobi","Respectable","7.2","1:11","CIS","7.5","Established British school; caring community culture.","7.8","6.5","8.0","Provided","1:1 iPad","UK/IB","105","Braeburn Garden Estate","7.2","20%","Private",,"$3,150.00","ADEK","LFI","Braeburn Group","6.5","2026-05-26T10:41:07.834Z","0","[]",,"success","true","Braeburn Schools Group Portal, LinkedIn","https://gardenestate.braeburn.com/careers","Braeburn Garden Estate","1065558","braeburn-garden-estate-school-1065558","{""devices"":[""Apple iPad""],""suite"":[""Apple Ecosystem""],""lms"":[]}","Provided","1790405335974","2","FLIS0123","For-Profit","https://gardenestate.braeburn.com/careers","90","For-Profit","true",,,"false","{""_nanoseconds"":151000000,""_seconds"":1788076686}",,"2026-08-30T07:58:06.149Z","KES","2025/2026","280000","STRONG_MARKET_EVIDENCE","High","2026-09-25T08:14:16.426Z","280000","https://gardenestate.braeburn.com","2026-09-25T12:18:17.167Z"
"FLIS0124","6.8","South Africa","20","Cape Town","Respectable","7.1","1:10","COBIS","7.4","Solid community focus; DEI-driven recruitment.","7.2","7.0","8.1","Allowance","1:1 iPad","UK/A-Level","65","International School of Cape Town","7.5","20%","Private",,"$2,450.00","ADEK","LFI","Schools Group","7.0","2026-05-26T10:41:07.834Z","0","[]",,"success","true","Inspired Education Group Portal, LinkedIn","https://www.isct.co.za/careers","International School of Cape Town",,,"{""devices"":[""Apple iPad""],""suite"":[""Apple Ecosystem""],""lms"":[]}","Allowance","2026-09-26T06:49:31.214Z","5","FLIS0124","For-Profit","https://www.isct.co.za/careers","55","For-Profit","true",,,"false","{""_nanoseconds"":208000000,""_seconds"":1788076611}",,"2026-08-30T07:56:51.207Z","ZAR","2025/2026","40000","STRONG_MARKET_EVIDENCE","High","2026-09-25T08:14:16.426Z","40000","https://www.isct.co.za","2026-09-25T12:18:17.167Z"
"FLIS0125","8.0","South Africa","18","Johannesburg","Highly Regarded","7.9","1:8","CIS/MSA","8.7","Multi-campus elite IB school with boarding options.","8.5","6.5","9.0","Provided","1:1 Mac","IB/US","190","American International School of Johannesburg","8.0","20%","Full Private",,"$4,350.00","BSO","LFI","Independent","6.5","2026-05-26T10:41:07.834Z","0","[]",,"success","true","Search Associates, ISS, LinkedIn","https://www.aisj-jhb.com/employment","American International School of Johannesburg",,,"{""devices"":[""Apple Mac""],""suite"":[""Apple Ecosystem""],""lms"":[]}","Furnished housing provided according to family size","1790403981343","6","FLIS0125","For-Profit","https://www.aisj-jhb.com/employment","175","For-Profit","true",,,"false","{""_nanoseconds"":298000000,""_seconds"":1788076616}",,"2026-08-30T07:56:56.297Z","ZAR","2025/2026","52000","STRONG_MARKET_EVIDENCE","High","2026-09-25T08:14:16.426Z","52000","https://www.aisj-jhb.com","2026-09-25T12:18:17.167Z"
"FLIS0126","7.5","South Africa","20","Cape Town","Highly Regarded","7.8","1:11","WASC","8.3","Balanced US-curriculum with high-quality tech integration.","8.0","7.5","8.5","Allowance","1:1 Mac","US/AP","60","American International School of Cape Town","7.8","20%","Premium",,"$3,200.00","BSO","LFI","Independent","7.5","2026-05-26T10:41:07.834Z","0","[]",,"success","true","Search Associates, ISS, LinkedIn","https://www.aisct.org/employment/","American International School of Cape Town",,,"{""devices"":[""Apple Mac""],""suite"":[""Apple Ecosystem""],""lms"":[]}","Allowance","2026-09-26T06:49:31.214Z","12","FLIS0126","For-Profit","https://www.aisct.org/employment/","50","For-Profit","true",,,"false","{""_nanoseconds"":553000000,""_seconds"":1788076693}",,"2026-08-30T07:58:13.552Z","ZAR","2025/2026","43000","STRONG_MARKET_EVIDENCE","High","2026-09-25T08:14:16.426Z","43000","https://www.aisct.org","2026-09-25T12:18:17.167Z"
"FLIS0127","8.2","Vietnam","20","Hanoi","Outstanding","8.2","1:11","CIS/BSO","8.5","High academic outcomes; strong tech integration.","9.0","8.5","9.2","Provided","1:1 Mac/iPad","UK/IB","115","British International School Hanoi","7.5","18%","Global",,"$4,150.00","CIS","LFI","Nord Anglia","8.5","2026-05-26T10:41:07.834Z","0","[]",,"success","true","Nord Anglia Career Portal, Teach Away","https://www.nordangliaeducation.com/bis-hanoi/careers","British International School Hanoi","1066631","british-international-school-hanoi-1066631","{""devices"":[""Apple Mac"",""Apple iPad""],""suite"":[""Apple Ecosystem""],""lms"":[]}","Provided","1790193420261","1","FLIS0127","For-Profit","https://www.nordangliaeducation.com/bis-hanoi/careers","100","For-Profit","true","2026-09-26T09:33:34.895Z","1790415214895","false","{""_seconds"":1790275453,""_nanoseconds"":508000000}","{""schoolId"":""FLIS0127"",""schoolName"":""British International School Hanoi"",""category"":""LOW_TURNOVER"",""statusLabel"":""Low Turnover (Stable)"",""isUpdating"":false,""lastScrapedAt"":""2026-09-24T18:44:03.437Z"",""metrics"":{""estimatedStaffBase"":100,""totalKnownVacancies"":1,""estimatedChurnRatePercent"":1,""leadershipVacanciesCount"":0,""secondaryVacanciesCount"":0,""primaryVacanciesCount"":1,""riskRating"":""LOW"",""leadershipChurnRatioPercent"":0,""averageYearlyTesAdverts"":1},""scrapedJobsList"":[""Deputy Head of Primary (Posted: 2026-09-07T17:00:00.000Z; Closes: 2026-09-25) - TES""],""vacancies_discovered"":[{""title"":""Deputy Head of Primary"",""department"":""Primary"",""source"":""TES"",""source_url"":""https://www.british-international-school-hanoi.com"",""date_listed"":""2026-09-07T17:00:00.000Z"",""date_closing"":""2026-09-25"",""status"":""OPEN"",""recruitmentCycle"":""CURRENT""}],""structured_vacancies"":[{""title"":""Deputy Head of Primary"",""department"":""Primary"",""source"":""TES"",""source_url"":""https://www.british-international-school-hanoi.com"",""date_listed"":""2026-09-07T17:00:00.000Z"",""date_closing"":""2026-09-25"",""status"":""OPEN"",""recruitmentCycle"":""CURRENT""}],""total_known_vacancies"":1,""estimated_churn_percentage"":1,""leadership_vacancies_count"":0,""secondary_vacancies_count"":0,""primary_vacancies_count"":1,""leopardfishIntelAlert"":""Leopardfish Multi-Engine Audit: Stable retention pattern with 1 active vacancies detected across TES, GRC Search, and official school portals."",""churn_implications_commentary"":""Leopardfish Multi-Engine Audit: Stable retention pattern with 1 active vacancies detected across TES, GRC Search, and official school portals."",""senior_leadership_churn_percentage"":0}","2026-09-24T18:44:03.437Z","USD","2025/2026","3500","STRONG_MARKET_EVIDENCE","High","2026-09-25T07:25:58.681Z","3500","https://www.nordangliaeducation.com","2026-09-25T12:18:17.167Z"
"FLIS0128","8.8","Vietnam","24","HCMC","World-Class","8.4","1:11","CIS/BSO","9.2","Top-tier IB results globally; premium international hiring.","8.5","8.2","9.3","Allowance","Canvas/1:1","UK/IB","210","British International School Ho Chi Minh City","7.8","18%","Global",,"$4,250.00","KHDA/BSO","LFI","Nord Anglia","8.2","2026-05-26T10:41:07.834Z","0","[]",,"success","true","Nord Anglia Career Portal, Teach Away","https://www.nordangliaeducation.com/bis-hcmc/careers","British International School Ho Chi Minh City","1252077","british-international-school-ho-chi-minh-city-1252077","{""devices"":[],""suite"":[],""lms"":[""Canvas""]}","Allowance","1790415498143","0","FLIS0128","Non-Profit","https://www.nordangliaeducation.com/bis-hcmc/careers","190","Non-Profit","true","2026-09-26T06:43:58.400Z","1790405038400","false","{""_nanoseconds"":789000000,""_seconds"":1788076695}",,"2026-08-30T07:58:15.787Z","USD","2025/2026","3750","STRONG_MARKET_EVIDENCE","High","2026-09-25T07:25:58.681Z","3750","https://www.nordangliaeducation.com","2026-09-25T12:18:17.167Z"
"FLIS0129","8.5","Vietnam","20","Hanoi","World-Class","8.6","1:8","CIS/WASC","9.0","Elite UN-affiliated non-profit with premium tech and safety.","8.7","8.5","9.0","Allowance","1:1 MacBook","IB","140","UNIS Hanoi","8.2","25%","Premium",,"$5,450.00","KHDA","LFI","UN-Affiliated","8.5","2026-05-26T10:41:07.834Z","0","[]",,"success","true","Search Associates, Schrole, ISS","https://www.unishanoi.org/employment","UNIS Hanoi","1061898","united-nations-international-school-of-hanoi-1061898","{""devices"":[""Apple Mac""],""suite"":[""Apple Ecosystem""],""lms"":[]}","Allowance","1789148314021","0","FLIS0129","For-Profit","https://www.unishanoi.org/employment","120","For-Profit","true",,,"false","{""_nanoseconds"":534000000,""_seconds"":1788076615}",,"2026-08-30T07:56:55.533Z","USD","2025/2026","4167","STRONG_MARKET_EVIDENCE","High","2026-09-25T07:25:58.681Z","4167","https://www.unishanoi.org","2026-09-25T12:18:17.167Z"
"FLIS0130","8.4","Vietnam","24","HCMC","Outstanding","8.1","1:11","CIS/NEASC","8.8","Established IB World school; highly diverse student body.","8.6","8.2","8.9","Allowance","1:1 Mac","IB","155","International School Ho Chi Minh City","7.5","20%","Global",,"$4,100.00","KHDA","LFI","Cognita","8.2","2026-05-26T10:41:07.834Z","0","[]",,"success","true","Cognita Careers Portal, Search Associates","https://www.ishcmc.com/careers","International School Ho Chi Minh City","1057599","international-school-ho-chi-minh-city-ishcmc-1057599","{""devices"":[""Apple Mac""],""suite"":[""Apple Ecosystem""],""lms"":[]}","Allowance","2026-09-26T06:10:30.811Z","2","FLIS0130","For-Profit","https://www.ishcmc.com/careers","135","For-Profit","true",,,"false","{""_nanoseconds"":476000000,""_seconds"":1788177652}","{""schoolId"":""FLIS0141"",""schoolName"":""International School Ho Chi Minh City"",""category"":""LOW_TURNOVER"",""statusLabel"":""Low Turnover (Stable)"",""isUpdating"":false,""total_known_vacancies"":5,""primary_vacancies_count"":0,""leopardfishIntelAlert"":""Leopardfish Multi-Engine Audit: Stable retention pattern with 5 active vacancies detected across TES, GRC Search, and official school portals."",""churn_implications_commentary"":""Leopardfish Multi-Engine Audit: Stable retention pattern with 5 active vacancies detected across TES, GRC Search, and official school portals."",""senior_leadership_churn_percentage"":0,""secondary_vacancies_count"":3,""estimated_churn_percentage"":4,""lastScrapedAt"":""2026-08-31T12:00:22.141Z"",""structured_vacancies"":[{""title"":""Orchestra Director"",""department"":""Leadership"",""source"":""TES"",""source_url"":""https://www.international-school-ho-chi-minh-city.com"",""date_listed"":""Recently"",""date_closing"":null,""status"":""OPEN"",""recruitmentCycle"":""CURRENT""},{""title"":""Visa Support for International Students"",""department"":""Secondary"",""source"":""School Web"",""source_url"":""https://www.international-school-ho-chi-minh-city.com"",""date_listed"":""Recently"",""date_closing"":null,""status"":""OPEN"",""recruitmentCycle"":""CURRENT""},{""title"":""Leadership and Service"",""department"":""Secondary"",""source"":""School Web"",""source_url"":""https://www.international-school-ho-chi-minh-city.com"",""date_listed"":""Recently"",""date_closing"":null,""status"":""OPEN"",""recruitmentCycle"":""CURRENT""},{""title"":""Parent Teacher Organization"",""department"":""Secondary"",""source"":""School Web"",""source_url"":""https://www.international-school-ho-chi-minh-city.com"",""date_listed"":""Recently"",""date_closing"":null,""status"":""OPEN"",""recruitmentCycle"":""CURRENT""},{""title"":""Head of School"",""department"":""Leadership"",""source"":""TES"",""source_url"":""https://www.international-school-ho-chi-minh-city.com"",""date_listed"":""Recently"",""date_closing"":null,""status"":""OPEN"",""recruitmentCycle"":""CURRENT""}],""scrapedJobsList"":[""Orchestra Director - TES"",""Orchestra Director (Part-time)International School Ho Chi Minh City (ISHCMC), 28 Vo Truong Toan, An Khanh, HCMResponsibility... - TES"",""Visa Support for International Students - School Web"",""Leadership and Service - School Web"",""Parent Teacher Organization - School Web"",""Head of School - TES"",""Head of SchoolInternational School Ho Chi Minh City (ISHCMC), ISHCMCThe Head of School is responsible for delivering an exceptional student and family experience while ensuring the school is safe, high-performing, financially sustainable and deeply connected to its community. The role combines educational... - TES"",""Orchestra Director (Part-time) - TES""],""vacancies_discovered"":[{""title"":""Orchestra Director"",""department"":""Leadership"",""source"":""TES"",""source_url"":""https://www.international-school-ho-chi-minh-city.com"",""date_listed"":""Recently"",""date_closing"":null,""status"":""OPEN"",""recruitmentCycle"":""CURRENT""},{""title"":""Visa Support for International Students"",""department"":""Secondary"",""source"":""School Web"",""source_url"":""https://www.international-school-ho-chi-minh-city.com"",""date_listed"":""Recently"",""date_closing"":null,""status"":""OPEN"",""recruitmentCycle"":""CURRENT""},{""title"":""Leadership and Service"",""department"":""Secondary"",""source"":""School Web"",""source_url"":""https://www.international-school-ho-chi-minh-city.com"",""date_listed"":""Recently"",""date_closing"":null,""status"":""OPEN"",""recruitmentCycle"":""CURRENT""},{""title"":""Parent Teacher Organization"",""department"":""Secondary"",""source"":""School Web"",""source_url"":""https://www.international-school-ho-chi-minh-city.com"",""date_listed"":""Recently"",""date_closing"":null,""status"":""OPEN"",""recruitmentCycle"":""CURRENT""},{""title"":""Head of School"",""department"":""Leadership"",""source"":""TES"",""source_url"":""https://www.international-school-ho-chi-minh-city.com"",""date_listed"":""Recently"",""date_closing"":null,""status"":""OPEN"",""recruitmentCycle"":""CURRENT""}],""metrics"":{""totalKnownVacancies"":5,""primaryVacanciesCount"":0,""riskRating"":""LOW"",""averageYearlyTesAdverts"":5,""estimatedStaffBase"":""135"",""secondaryVacanciesCount"":3,""estimatedChurnRatePercent"":4,""leadershipChurnRatioPercent"":0,""leadershipVacanciesCount"":2},""leadership_vacancies_count"":2}","2026-08-31T12:00:22.141Z","USD","2025/2026","3833","STRONG_MARKET_EVIDENCE","High","2026-09-25T07:25:58.681Z","3833","https://www.ishcmc.com","2026-09-25T12:18:17.167Z"
"FLIS0131","8.9","Malaysia","16","Johor","Prestigious","8.8","1:8","HMC / FOBISIA / COBIS / BSA / IB World School","9.1","Authentic British boarding and day school campus on a 90-acre estate in Iskandar Puteri.","8.6","8.7","8.8","Provided On-Campus Housing","1:1 Mac","British / IGCSE / IB DP","110","Marlborough College Malaysia","8.3","24%","Global",,"$4,450","KHDA/BSO","LFI","Marlborough College UK Overseas Trust","8.7","2026-05-26T10:41:07.834Z","0","[]",,"success","true","Marlborough College UK Portal, Search Associates","https://www.marlboroughcollegemalaysia.org/about-us/work-here/","Marlborough College Malaysia",,,"{""devices"":[""Apple Mac""],""suite"":[""Apple Ecosystem""],""lms"":[]}","Provided","1789148314021","0","FLIS0131","Non-Profit","https://www.marlboroughcollegemalaysia.org/about-us/work-here/","95","Non-Profit","true",,,"false","{""_nanoseconds"":272000000,""_seconds"":1788076693}",,"2026-08-30T07:58:13.270Z","MYR","2025/2026","15000","STRONG_MARKET_EVIDENCE","High","2026-09-25T08:15:19.381Z","15000","https://www.marlboroughcollegemalaysia.org","2026-09-25T12:18:17.167Z"
"FLIS0132","8.4","Malaysia","21","Kuala Lumpur","Established","8.5","1:10","CIS / WASC / FOBISIA / Apple Distinguished","8.8","Flagship Taylor's Group British curriculum institution in Mont Kiara with outstanding academic tracks.","8.8","8.5","9.0","MYR 3,000–4,000/mo Stipend","Google/1:1","British / IGCSE / A-Levels","190","Garden International School","8.3","20%","Premium",,"$4,100","KHDA","LFI","Taylor's Education Group","8.5","2026-05-26T10:41:07.835Z","0","[]",,"success","true","Taylor's Education Portal, Search Associates","https://www.gardenschool.edu.my/about-gis/working-at-gis/","Garden International School","1057218","garden-international-school-kuala-lumpur-1057218","{""devices"":[],""suite"":[""Google Workspace""],""lms"":[]}","Allowance","1789148314021","0","FLIS0132","For-Profit","https://www.gardenschool.edu.my/about-gis/working-at-gis/","165","For-Profit","true",,,"false","{""_nanoseconds"":778000000,""_seconds"":1788076610}",,"2026-08-30T07:56:50.777Z","MYR","2025/2026","14200","STRONG_MARKET_EVIDENCE","High","2026-09-25T08:15:19.382Z","14200","https://www.gardenschool.edu.my","2026-09-25T12:18:17.167Z"
"FLIS0133","8.6","Malaysia","16","Negeri Sembilan","Prestigious","8.5","1:7","FOBISIA / COBIS / BSA / Cambridge International","8.8","Expansive 50-acre British boarding institution near KLIA with outstanding sports & academic training.","8.4","8.8","8.6","Provided On-Campus Accommodation","1:1 Mac","British / Cambridge IGCSE / A-Levels","85","Epsom College in Malaysia","8.2","22%","Global",,"$4,200","KHDA","LFI","Educatus Trust (Private Sister School)","8.8","2026-05-26T10:41:07.835Z","0","[]",,"success","true","Epsom College UK Portal, LinkedIn","https://www.epsomcollege.edu.my/join-us/work-at-epsom/","Epsom College in Malaysia","1061281","epsom-college-malaysia-1061281","{""devices"":[""Apple Mac""],""suite"":[""Apple Ecosystem""],""lms"":[]}","Provided","2026-09-26T06:49:31.214Z","1","FLIS0133","Private Trust","https://www.epsomcollege.edu.my/join-us/work-at-epsom/","75","Private Trust","true",,,"false","{""_nanoseconds"":397000000,""_seconds"":1788076607}",,"2026-08-30T07:56:47.395Z","MYR","2025/2026","13500","STRONG_MARKET_EVIDENCE","High","2026-09-25T08:15:19.382Z","13500","https://www.epsomcollege.edu.my","2026-09-25T12:18:17.167Z"
"FLIS0134","8.5","Malaysia","18","Kuala Lumpur","Established","8.5","1:8","WASC / IB World School / EARCOS","8.7","Long-established North American & IB World School in the expat heart of Mont Kiara.","8.4","8.5","8.9","MYR 3,500–4,500/mo Built-in Allowance","1:1 Mac","US / IB Continuum (PYP, MYP, DP)","105","Mont'Kiara International School","8.5","22%","Premium",,"$3,910","KHDA","LFI","Private (M-KIS Board)","8.5","2026-05-26T10:41:07.835Z","0","[]",,"success","true","Search Associates, LinkedIn","https://www.mkis.edu.my/job-vacancy","Mont'Kiara International School","1071798","mont-kiara-international-school-1071798","{""devices"":[""Apple Mac""],""suite"":[""Apple Ecosystem""],""lms"":[]}","Allowance","1789148314021","0","FLIS0134","For-Profit","https://www.mkis.edu.my/job-vacancy","95","For-Profit","true",,,"false","{""_nanoseconds"":769000000,""_seconds"":1788076602}",,"2026-08-30T07:56:42.768Z","MYR","2025/2026","13500","STRONG_MARKET_EVIDENCE","High","2026-09-25T08:15:19.382Z","13500","https://www.mkis.edu.my","2026-09-25T12:18:17.167Z"
"FLIS0135","8.6","Thailand","22","Bangkok","Outstanding","8.4","1:10","CIS","9.0","Premier riverside campus with elite academic outcomes.","8.8","8.0","9.1","Allowance","1:1 Mac","UK/A-Level","190","Shrewsbury International School Riverside","7.8","18%","Premium",,"$4,650.00","BSO","LFI","Private","8.0","2026-05-26T10:41:07.835Z","0","[]",,"success","true","Search Associates, Schrole, LinkedIn","https://www.shrewsbury.ac.th/riverside/careers","Shrewsbury International School Riverside","1057793","shrewsbury-international-school-bangkok-riverside-1057793","{""devices"":[""Apple Mac""],""suite"":[""Apple Ecosystem""],""lms"":[]}","Allowance","1789148314021","0","FLIS0135","For-Profit","https://www.shrewsbury.ac.th/riverside/careers","170","For-Profit","true",,,"false","{""_nanoseconds"":954000000,""_seconds"":1788076609}",,"2026-08-30T07:56:49.953Z","THB","2025/2026","145833","STRONG_MARKET_EVIDENCE","High","2026-09-25T08:15:19.382Z","145833","https://www.shrewsbury.ac.th","2026-09-25T12:18:17.167Z"
"FLIS0136","8.6","Thailand","22","Bangkok","Outstanding","8.5","1:10","CIS","9.1","High-standing non-profit foundation; elite tech.","8.8","8.0","9.2","Allowance","Firefly/1:1","UK/IB","210","Bangkok Patana School","8.0","20%","Premium",,"$4,750.00","CIS","LFI","Foundation","8.0","2026-05-26T10:41:07.835Z","0","[]",,"success","true","Search Associates, Schrole, LinkedIn","https://www.patana.ac.th/employment/","Bangkok Patana School","1054899","bangkok-patana-school-1054899","{""devices"":[],""suite"":[],""lms"":[""Firefly""]}","Allowance","1789148314021","1","FLIS0136","For-Profit","https://www.patana.ac.th/employment/","185","For-Profit","true",,,"false","{""_nanoseconds"":468000000,""_seconds"":1788076606}",,"2026-08-30T07:56:46.467Z","THB","2025/2026","150000","STRONG_MARKET_EVIDENCE","High","2026-09-25T07:25:58.681Z","150000","https://www.patana.ac.th","2026-09-25T12:18:17.167Z"
"FLIS0137","7.5","Thailand","24","Bangkok","Highly Regarded","7.6","1:12","CIS","7.8","Supportive community environment with inclusive tech.","8.0","8.0","8.3","Allowance","1:1 iPad","UK/IB","100","St. Andrews International School Sukhumvit 107","7.2","20%","Private",,"$3,650.00","BSO","LFI","Cognita","8.0","2026-05-26T10:41:07.835Z","0","[]",,"success","true","Cognita Careers Portal, Search Associates","https://www.standrews107.com/careers","St. Andrews International School Sukhumvit 107","1060428","st-andrews-international-school-sukhumvit-107-1060428","{""devices"":[""Apple iPad""],""suite"":[""Apple Ecosystem""],""lms"":[]}","Allowance","2026-09-26T06:10:30.811Z","1","FLIS0137","For-Profit","https://www.standrews107.com/careers","90","For-Profit","true",,,"false","{""_nanoseconds"":387000000,""_seconds"":1788076608}",,"2026-08-30T07:56:48.386Z","THB","2025/2026","108000","STRONG_MARKET_EVIDENCE","High","2026-09-25T08:25:20.427Z","108000","https://www.standrews107.com","2026-09-25T12:18:17.167Z"
"FLIS0138","8.0","Thailand","22","Bangkok","Highly Regarded","8.1","1:11","BSO","8.7","Highly regarded British satellite; high savings.","8.5","8.2","8.8","Provided","Canvas/1:1","UK/A-Level","105","Brighton College Bangkok","7.8","18%","Premium",,"$3,950.00","BSO","LFI","Private","8.2","2026-05-26T10:41:07.835Z","0","[]",,"success","true","Brighton College Int'l Portal, LinkedIn","https://brightoncollege.ac.th/careers/","Brighton College Bangkok","1078368","brighton-college-bangkok-krungthep-kreetha-1078368","{""devices"":[],""suite"":[],""lms"":[""Canvas""]}","Provided","2026-09-26T06:49:31.214Z","0","FLIS0138","For-Profit","https://brightoncollege.ac.th/careers/","95","For-Profit","true",,,"false","{""_nanoseconds"":152000000,""_seconds"":1788076688}",,"2026-08-30T07:58:08.150Z","THB","2025/2026","137500","MODELLED_ESTIMATE","Medium","2026-09-25T10:42:30.656Z","112000","https://brightoncollege.ac.th","2026-09-25T12:18:17.167Z"
"FLIS0139","7.8","Thailand","20","Bangkok","Highly Regarded","7.7","1:10","CIS/WASC","8.5","Rapidly growing gold-rated school in Bangkok hub.","8.5","8.2","8.2","Provided","Apple/1:1","UK/IB","125","King's College International School Bangkok","7.0","20%","Full Private",,"$4,150.00","CIS","LFI","Private","8.2","2026-05-26T10:41:07.835Z","0","[]",,"success","true","King's Wimbledon Portal, LinkedIn","https://www.kingsbangkok.ac.th/en/work-with-us","King's College International School Bangkok","1176707","king-s-college-international-school-bangkok-1176707","{""devices"":[""Apple Mac""],""suite"":[""Apple Ecosystem""],""lms"":[]}","Provided","1790405335974","1","FLIS0139","For-Profit","https://www.kingsbangkok.ac.th/en/work-with-us","110","For-Profit","true",,,"false","{""_nanoseconds"":405000000,""_seconds"":1788076605}",,"2026-08-30T07:56:45.403Z","THB","2025/2026","154167","STRONG_MARKET_EVIDENCE","High","2026-09-25T10:42:30.656Z","125000","https://www.kingsbangkok.ac.th","2026-09-25T12:18:17.167Z"
"FLIS0140","7.8","Thailand","22","Chonburi","Highly Regarded","7.6","1:10","BSO","8.2","Massive campus with elite boarding and British heritage.","8.0","8.2","8.1","Provided","1:1 iPad","UK/A-Level","140","Rugby School Thailand","7.2","20%","Private",,"$3,850.00","BSO","LFI","Private","8.2","2026-05-26T10:41:07.835Z","0","[]",,"success","true","Rugby School UK Portal, LinkedIn","https://www.rugbyschool.ac.th/careers/","Rugby School Thailand","1085372","rugby-school-thailand-1085372","{""devices"":[""Apple iPad""],""suite"":[""Apple Ecosystem""],""lms"":[]}","Provided","1789148314021","0","FLIS0140","For-Profit","https://www.rugbyschool.ac.th/careers/","125","For-Profit","true",,,"false","{""_nanoseconds"":846000000,""_seconds"":1788076622}",,"2026-08-30T07:57:02.845Z","THB","2025/2026","125000","STRONG_MARKET_EVIDENCE","High","2026-09-25T08:15:19.382Z","125000","https://www.rugbyschool.ac.th","2026-09-25T12:18:17.167Z"
"FLIS0141","8.2","Thailand","22","Bangkok","Highly Regarded","8.2","1:9","CIS/WASC","8.8","Strong British curriculum; monitors for city safety.","8.5","8.2","8.4","Provided","1:1 iPad/Mac","UK/A-Level","145","Wellington College International Bangkok","7.8","18%","Global",,"$4,250.00","BSO","LFI","Private","8.2","2026-05-26T10:41:07.835Z","0","[]",,"success","true","Wellington College Int'l Portal, LinkedIn","https://www.wellingtoncollege.ac.th/careers","Wellington College International Bangkok","1161804","wellington-college-international-bangkok-wcib-1161804","{""devices"":[""Apple Mac"",""Apple iPad""],""suite"":[""Apple Ecosystem""],""lms"":[]}","Provided","2026-09-25T12:29:24.933Z","4","FLIS0141","For-Profit","https://www.wellingtoncollege.ac.th/careers","130","For-Profit","true",,,"false","{""_nanoseconds"":422000000,""_seconds"":1788076683}",,"2026-08-30T07:58:03.421Z","THB","2025/2026","141667","STRONG_MARKET_EVIDENCE","High","2026-09-25T10:42:30.656Z","115000","https://www.wellingtoncollege.ac.th","2026-09-25T12:18:17.167Z"
"FLIS0142","8.8","Thailand","18","Bangkok","World-Class","8.7","1:9","CIS/WASC","9.2","Premier non-profit; high savings in a gated community.","9.0","8.2","9.5","Provided","1:1 Mac","US/AP/IB","205","International School Bangkok","8.4","22%","Premium",,"$5,150.00","CIS","LFI","Independent","8.2","2026-05-26T10:41:07.835Z","0","[]",,"success","true","Search Associates, Schrole, ISS","https://www.isb.ac.th/careers/","International School Bangkok",,,"{""devices"":[""Apple Mac""],""suite"":[""Apple Ecosystem""],""lms"":[]}","Provided","1789148314021","0","FLIS0142","Non-Profit","https://www.isb.ac.th/careers/","185","Non-Profit","true","2026-09-17T08:19:36.906Z","1789633176906","false","{""_nanoseconds"":929000000,""_seconds"":1788076610}",,"2026-08-30T07:56:50.927Z","THB","2025/2026","154167","STRONG_MARKET_EVIDENCE","High","2026-09-25T10:42:30.656Z","125000","https://www.isb.ac.th","2026-09-25T12:18:17.167Z"
"FLIS0143","7.2","Thailand","22","Phuket","Highly Regarded","7.7","1:9","CIS","8.0","High focus on wellbeing and social-emotional learning.","7.5","8.5","7.9","Provided","1:1 iPad","IB","75","UWC Thailand","8.0","25%","Private",,"$3,550.00","Local","LFI","Private","8.5","2026-05-26T10:41:07.835Z","0","[]",,"success","true","Search Associates, UWC Movement Portal","https://www.uwcthailand.ac.th/careers","UWC Thailand",,,"{""devices"":[""Apple iPad""],""suite"":[""Apple Ecosystem""],""lms"":[]}","Provided","1789148314021","0","FLIS0143","Non-Profit","https://www.uwcthailand.ac.th/careers","65","Non-Profit","true",,,"false","{""_nanoseconds"":300000000,""_seconds"":1788076606}",,"2026-08-30T07:56:46.299Z","THB","2025/2026","125000","MODELLED_ESTIMATE","Medium","2026-09-25T07:25:58.681Z","125000","https://www.uwcthailand.ac.th","2026-09-25T12:18:17.167Z"
"FLIS0144","8.5","Indonesia","22","Jakarta","Outstanding","8.3","1:10","CIS/WASC","8.8","Apple Distinguished School with strong heritage.","9.2","7.5","9.2","Provided","Apple/1:1","UK/IB","155","British School Jakarta","8.0","20%","Global",,"$4,650.00","Local","LFI","Independent","7.5","2026-05-26T10:41:07.835Z","0","[]",,"success","true","Search Associates, Schrole, LinkedIn","https://www.bsj.sch.id/work-at-bsj","British School Jakarta","1053515","british-school-jakarta-1053515","{""devices"":[""Apple Mac""],""suite"":[""Apple Ecosystem""],""lms"":[]}","Provided","1790405335974","1","FLIS0144","Non-Profit","https://www.bsj.sch.id/work-at-bsj","140","Non-Profit","true",,,"false","{""_nanoseconds"":913000000,""_seconds"":1788076623}",,"2026-08-30T07:57:02.686Z","USD","2025/2026","3500","STRONG_MARKET_EVIDENCE","High","2026-09-25T08:15:19.382Z","3500","https://www.bsj.sch.id","2026-09-25T12:18:17.167Z"
"FLIS0145","8.8","Indonesia","20","Jakarta","World-Class","8.4","1:8","WASC","9.2","Landmark institution with premium savings potential.","9.0","7.5","9.4","Provided","1:1 Mac","US/AP/IB","240","Jakarta Intercultural School","7.8","20%","Premium",,"$5,100.00","Local","LFI","Independent","7.5","2026-05-26T10:41:07.835Z","0","[]",,"success","true","Search Associates, Schrole, ISS","https://www.jisedu.or.id/work-with-us","Jakarta Intercultural School",,,"{""devices"":[""Apple Mac""],""suite"":[""Apple Ecosystem""],""lms"":[]}","Provided","1789148314021","2","FLIS0145","Non-Profit","https://www.jisedu.or.id/work-with-us","220","Non-Profit","true",,,"false","{""_nanoseconds"":572000000,""_seconds"":1788076609}",,"2026-08-30T07:56:49.571Z","USD","2025/2026","4167","STRONG_MARKET_EVIDENCE","High","2026-09-25T08:15:19.382Z","4167","https://www.jisedu.or.id","2026-09-25T12:18:17.167Z"
"FLIS0146","7.0","Indonesia","22","Jakarta","Respectable","7.3","1:11","BSO","7.5","Supportive environment; stable recruitment cycles.","7.5","7.5","7.8","Allowance","1:1 iPad","UK/IB","75","ACG School Jakarta","7.5","18%","Private",,"$3,450.00","Local","LFI","Inspired","7.5","2026-05-26T10:41:07.835Z","0","[]",,"success","true","Inspired Education Group Portal, LinkedIn","https://jakarta.acgedu.com/careers/","ACG School Jakarta",,,"{""devices"":[""Apple iPad""],""suite"":[""Apple Ecosystem""],""lms"":[]}","Allowance","2026-09-26T06:49:31.214Z","3","FLIS0146","For-Profit","https://jakarta.acgedu.com/careers/","65","For-Profit","true",,,"false","{""_nanoseconds"":997000000,""_seconds"":1788076601}",,"2026-08-30T07:56:41.996Z","USD","2025/2026","2800","MODELLED_ESTIMATE","Medium","2026-09-25T08:15:19.382Z","2800","https://jakarta.acgedu.com","2026-09-25T12:18:17.167Z"
"FLIS0147","7.2","Indonesia","20","Bali","Highly Regarded","7.7","1:9","CIS","8.0","High focus on wellbeing in a safe island location.","7.5","8.5","7.9","Provided","Google/1:1","IB","65","Canggu Community School Bali","8.0","25%","Private",,"$3,250.00","Local","LFI","Community","8.5","2026-05-26T10:41:07.835Z","0","[]",,"success","true","Schrole, LinkedIn","https://www.ccsbali.com/careers","Canggu Community School Bali",,,"{""devices"":[],""suite"":[""Google Workspace""],""lms"":[]}","Provided","1789148314021","0","FLIS0147","Non-Profit","https://www.ccsbali.com/careers","55","Non-Profit","true",,,"false","{""_nanoseconds"":223000000,""_seconds"":1788076605}",,"2026-08-30T07:56:45.222Z","USD","2025/2026","2600","MODELLED_ESTIMATE","Medium","2026-09-25T08:15:19.382Z","2600","https://www.ccsbali.com","2026-09-25T12:18:17.167Z"
"FLIS0148","7.8","Philippines","22","Manila","Highly Regarded","7.9","1:11","BSO","8.2","Elite British heritage school with consistent academic outcomes.","8.0","8.2","8.1","Provided","1:1 iPad","UK/A-Level","155","British School Manila","7.2","20%","Private",,"$4,250.00","BSO","LFI","Independent","8.2","2026-05-26T10:41:07.835Z","0","[]",,"success","true","Search Associates, Schrole, LinkedIn","https://www.britishschoolmanila.org/work-with-us","British School Manila","1057671","the-british-school-manila-1057671","{""devices"":[""Apple iPad""],""suite"":[""Apple Ecosystem""],""lms"":[]}","Provided","1790193420261","0","FLIS0148","Non-Profit","https://www.britishschoolmanila.org/work-with-us","140","Non-Profit","true",,,"false","{""_nanoseconds"":108000000,""_seconds"":1788076605}",,"2026-08-30T07:56:45.107Z","USD","2025/2026","3750","STRONG_MARKET_EVIDENCE","High","2026-09-25T08:15:19.382Z","3750","https://www.britishschoolmanila.org","2026-09-25T12:18:17.167Z"
"FLIS0149","8.5","Philippines","20","Manila","Highly Regarded","8.2","1:9","CIS","9.0","Academic powerhouse; workload monitored for high faculty pressure.","8.8","9.0","7.9","Provided","1:1 Mac","IB","210","International School Manila","6.5","15%","Premium",,"$5,300.00","BSO","LFI","Independent","9.0","2026-05-26T10:41:07.835Z","0","[]",,"success","true","Search Associates, ISS, LinkedIn","https://www.ismanila.org/work-at-ism","International School Manila",,,"{""devices"":[""Apple Mac""],""suite"":[""Apple Ecosystem""],""lms"":[]}","Provided","1790337468362","2","FLIS0149","Non-Profit","https://www.ismanila.org/work-at-ism","190","Non-Profit","true","2026-09-25T11:37:47.874Z","1790336267874","false","{""_nanoseconds"":940000000,""_seconds"":1788076594}",,"2026-08-30T07:56:34.938Z","USD","2025/2026","4200","STRONG_MARKET_EVIDENCE","High","2026-09-25T08:15:19.382Z","4200","https://www.ismanila.org","2026-09-25T12:18:17.167Z"
"FLIS0150","8.8","Japan","22","Tokyo","8.8","8.8","1:10","Candidate","8.0","The British School in Tokyo (BST) offers a Tier-1 flagship package with 90% subsidized accommodation in central Tokyo, 100% public transit reimbursement, 5% pension top-up + PMAC, annual return flights for family, and subsidized dependent tuition.","8.5","9.5","8.1","Subsidised (90%)","1:1 iPad","UK Curriculum (IGCSE, A-Levels)","145","British School in Tokyo","7.0","20%","Comprehensive Japanese PMAC health coverage provided for staff and dependent family members",,"$4,350.00","CIS","LFI","Non-Profit","9.5","2026-05-26T10:41:07.835Z","0","[]",,"success","true","Search Associates, GaijinPot Jobs, LinkedIn","https://www.bst.ac.jp/work-at-bst","British School in Tokyo","1057325","the-british-school-in-tokyo-1057325","{""devices"":[""Apple iPad""],""suite"":[""Apple Ecosystem""],""lms"":[]}","Subsidised (90%)","2026-09-26T06:49:31.214Z","2","FLIS0150","Non-Profit","https://www.bst.ac.jp/work-at-bst","130","Non-Profit","true",,,"false","{""_seconds"":1790271968,""_nanoseconds"":245000000}","{""schoolId"":""FLIS0150"",""schoolName"":""British School in Tokyo"",""category"":""LOW_TURNOVER"",""statusLabel"":""Low Turnover (Stable)"",""isUpdating"":false,""lastScrapedAt"":""2026-09-24T17:45:07.710Z"",""metrics"":{""estimatedStaffBase"":130,""totalKnownVacancies"":4,""estimatedChurnRatePercent"":3,""leadershipVacanciesCount"":0,""secondaryVacanciesCount"":4,""primaryVacanciesCount"":0,""riskRating"":""LOW"",""leadershipChurnRatioPercent"":0,""averageYearlyTesAdverts"":4},""scrapedJobsList"":[""Secondary School Counsellor (Posted: 2026-08-25T15:00:00.000Z; Closes: 2026-09-19) - TES"",""Teacher of Computer Science – Fixed term cover (Posted: 2026-09-15T15:00:00.000Z; Closes: 2026-10-03) - TES"",""Secondary EAL Teacher (Posted: Recently) - Cognita"",""IB MYP Science Teacher (Posted: Recently; Closes: [object Object]) - Tes""],""vacancies_discovered"":[{""title"":""Teacher of Computer Science – Fixed term cover"",""department"":""Secondary"",""source"":""TES"",""source_url"":""https://www.british-school-in-tokyo.com"",""date_listed"":""2026-09-15T15:00:00.000Z"",""date_closing"":""2026-10-03"",""status"":""OPEN"",""recruitmentCycle"":""CURRENT""},{""title"":""Secondary EAL Teacher"",""department"":""Secondary"",""source"":""Cognita"",""source_url"":""https://www.british-school-in-tokyo.com"",""date_listed"":""Recently"",""date_closing"":null,""status"":""OPEN"",""recruitmentCycle"":""CURRENT""},{""title"":""IB MYP Science Teacher"",""department"":""Secondary"",""source"":""Tes"",""source_url"":""https://www.british-school-in-tokyo.com"",""date_listed"":""Recently"",""date_closing"":""[object Object]"",""status"":""OPEN"",""recruitmentCycle"":""CURRENT""},{""title"":""Secondary School Counsellor"",""department"":""Secondary"",""source"":""TES"",""source_url"":""https://www.british-school-in-tokyo.com"",""date_listed"":""2026-08-25T15:00:00.000Z"",""date_closing"":null,""status"":""CLOSED"",""recruitmentCycle"":""CURRENT""}],""structured_vacancies"":[{""title"":""Teacher of Computer Science – Fixed term cover"",""department"":""Secondary"",""source"":""TES"",""source_url"":""https://www.british-school-in-tokyo.com"",""date_listed"":""2026-09-15T15:00:00.000Z"",""date_closing"":""2026-10-03"",""status"":""OPEN"",""recruitmentCycle"":""CURRENT""},{""title"":""Secondary EAL Teacher"",""department"":""Secondary"",""source"":""Cognita"",""source_url"":""https://www.british-school-in-tokyo.com"",""date_listed"":""Recently"",""date_closing"":null,""status"":""OPEN"",""recruitmentCycle"":""CURRENT""},{""title"":""IB MYP Science Teacher"",""department"":""Secondary"",""source"":""Tes"",""source_url"":""https://www.british-school-in-tokyo.com"",""date_listed"":""Recently"",""date_closing"":""[object Object]"",""status"":""OPEN"",""recruitmentCycle"":""CURRENT""},{""title"":""Secondary School Counsellor"",""department"":""Secondary"",""source"":""TES"",""source_url"":""https://www.british-school-in-tokyo.com"",""date_listed"":""2026-08-25T15:00:00.000Z"",""date_closing"":null,""status"":""CLOSED"",""recruitmentCycle"":""CURRENT""}],""total_known_vacancies"":4,""estimated_churn_percentage"":3,""leadership_vacancies_count"":0,""secondary_vacancies_count"":4,""primary_vacancies_count"":0,""leopardfishIntelAlert"":""Leopardfish Multi-Engine Audit: Stable retention pattern with 4 active vacancies detected across TES, GRC Search, and official school portals."",""churn_implications_commentary"":""Leopardfish Multi-Engine Audit: Stable retention pattern with 4 active vacancies detected across TES, GRC Search, and official school portals."",""senior_leadership_churn_percentage"":0}","2026-09-24T17:45:07.710Z","JPY","2025/2026","500000","STRONG_MARKET_EVIDENCE","High","2026-09-25T07:25:58.681Z","500000","https://www.bst.ac.jp","2026-09-25T12:18:17.167Z"
"FLIS0151","7.5","Japan","24","Tokyo","Highly Regarded","7.6","1:12","Candidate","7.5","Newer entry focusing on IB curriculum in a high-safety environment.","8.0","9.5","7.6","Allowance","1:1 iPad","IB","75","Malvern College Tokyo","7.0","20%","Private",,"$4,150.00","KHDA/BSO","LFI","Malvern College Family of Schools","9.5","2026-05-26T10:41:07.835Z","0","[]",,"success","true","Malvern College Int'l Portal, LinkedIn","https://www.malverncollegetokyo.jp/careers","Malvern College Tokyo","1262424","malvern-college-tokyo-1262424","{""devices"":[""Apple iPad""],""suite"":[""Apple Ecosystem""],""lms"":[]}","Allowance","2026-09-26T06:49:31.214Z","1","FLIS0151","For-Profit","https://www.malverncollegetokyo.jp/careers","65","For-Profit","true",,,"false","{""_nanoseconds"":365000000,""_seconds"":1788187444}","{""schoolId"":""FLIS0164"",""schoolName"":""Malvern College Tokyo"",""category"":""LOW_TURNOVER"",""statusLabel"":""Low Turnover (Stable)"",""isUpdating"":false,""total_known_vacancies"":4,""leadership_vacancies_count"":0,""secondary_vacancies_count"":4,""primary_vacancies_count"":0,""leopardfishIntelAlert"":""Leopardfish Multi-Engine Audit: Stable retention pattern with 4 active vacancies detected across TES, GRC Search, and official school portals."",""churn_implications_commentary"":""Leopardfish Multi-Engine Audit: Stable retention pattern with 4 active vacancies detected across TES, GRC Search, and official school portals."",""senior_leadership_churn_percentage"":0,""estimated_churn_percentage"":6,""lastScrapedAt"":""2026-08-31T14:43:43.998Z"",""structured_vacancies"":[{""title"":""Head of English and Drama"",""department"":""Secondary"",""source"":""Tes"",""source_url"":""https://www.malvern-college-tokyo.com"",""date_listed"":""22-28 Aug 2026"",""date_closing"":""11 Sep 2026 (Posted: Recently"",""status"":""OPEN"",""recruitmentCycle"":""CURRENT""},{""title"":""Head of Visual Art and Design"",""department"":""Secondary"",""source"":""TES"",""source_url"":""https://www.malvern-college-tokyo.com"",""date_listed"":""15 Aug 2026"",""date_closing"":""N/A"",""status"":""OPEN"",""recruitmentCycle"":""CURRENT""},{""title"":""Teacher of DesignMalvern College Tokyo, TokyoMalvern College Tokyo is excited to"",""department"":""Secondary"",""source"":""TES"",""source_url"":""https://www.malvern-college-tokyo.com"",""date_listed"":""Recently"",""date_closing"":null,""status"":""OPEN"",""recruitmentCycle"":""CURRENT""},{""title"":""Teacher of EAL"",""department"":""Secondary"",""source"":""Primary (Aug 2026; Posted: 15 Aug 2026; Closes: N/A)"",""source_url"":""https://www.malvern-college-tokyo.com"",""date_listed"":""Recently"",""date_closing"":null,""status"":""OPEN"",""recruitmentCycle"":""CURRENT""}],""scrapedJobsList"":[""Teacher of  Design (Posted: 2026-08-31T14:32:15.108Z) - Malvern College"",""Head of Visual Art and Design (Posted: 2026-08-31T14:32:15.108Z) - Malvern College"",""Head of English and Drama (Posted: 2026-08-31T14:32:15.106Z) - Malvern College"",""Teacher of  Design - Malvern College"",""Head of Visual Art and Design (Jan 2027; Posted: 15 Aug 2026; Closes: N/A) (Posted: Recently; Closes: 2026-09-11) - TES"",""Teacher of DesignMalvern College Tokyo, TokyoMalvern College Tokyo is excited to announce an opportunity for talented, enthusiastic, and energetic individuals to join our team starting in January 2027. The Teacher of Design will primarily teach Design within the International Baccalaureate... - TES"",""Head of English and Drama (Jan 2027; Posted: 22-28 Aug 2026; Closes: 11 Sep 2026 (Posted: Recently; Closes: 2023-12-08) - Tes"",""Teacher of Design (Jan 2027; Posted: 15 Aug 2026; Closes: N/A) (Posted: Recently; Closes: 2026-02-20) - TES"",""Head of Visual Art and DesignMalvern College Tokyo, TokyoMalvern College Tokyo is excited to announce an opportunity for talented, enthusiastic, and energetic individuals to join our team starting in January 2027. The Head of Visual Art and Design at Malvern College Tokyo plays a pivotal role in... - TES"",""Head of Visual Art and Design - Malvern College"",""Head of English and Drama - Malvern College"",""Head of English and DramaMalvern College Tokyo, TokyoMalvern College Tokyo is excited to announce an opportunity for talented, enthusiastic, and energetic individuals to join our team starting in January 2027. The Head of English and Drama at Malvern College Tokyo plays a pivotal role in leading... - TES"",""Head of Visual Art and Design - TES"",""Teacher of Design - TES"",""Teacher of EAL - Primary (Aug 2026; Posted: 15 Aug 2026; Closes: N/A)""],""vacancies_discovered"":[{""title"":""Head of English and Drama"",""department"":""Secondary"",""source"":""Tes"",""source_url"":""https://www.malvern-college-tokyo.com"",""date_listed"":""22-28 Aug 2026"",""date_closing"":""11 Sep 2026 (Posted: Recently"",""status"":""OPEN"",""recruitmentCycle"":""CURRENT""},{""title"":""Head of Visual Art and Design"",""department"":""Secondary"",""source"":""TES"",""source_url"":""https://www.malvern-college-tokyo.com"",""date_listed"":""15 Aug 2026"",""date_closing"":""N/A"",""status"":""OPEN"",""recruitmentCycle"":""CURRENT""},{""title"":""Teacher of DesignMalvern College Tokyo, TokyoMalvern College Tokyo is excited to"",""department"":""Secondary"",""source"":""TES"",""source_url"":""https://www.malvern-college-tokyo.com"",""date_listed"":""Recently"",""date_closing"":null,""status"":""OPEN"",""recruitmentCycle"":""CURRENT""},{""title"":""Teacher of EAL"",""department"":""Secondary"",""source"":""Primary (Aug 2026; Posted: 15 Aug 2026; Closes: N/A)"",""source_url"":""https://www.malvern-college-tokyo.com"",""date_listed"":""Recently"",""date_closing"":null,""status"":""OPEN"",""recruitmentCycle"":""CURRENT""}],""metrics"":{""totalKnownVacancies"":4,""leadershipVacanciesCount"":0,""secondaryVacanciesCount"":4,""primaryVacanciesCount"":0,""riskRating"":""LOW"",""leadershipChurnRatioPercent"":0,""averageYearlyTesAdverts"":4,""estimatedStaffBase"":""65"",""estimatedChurnRatePercent"":6}}","2026-08-31T14:43:43.998Z","JPY","2025/2026","483333","MODELLED_ESTIMATE","Medium","2026-09-25T07:25:58.682Z","483333","https://www.malverncollegetokyo.jp","2026-09-25T12:18:17.167Z"
"FLIS0152","8.8","Japan","22","Chiba","World-Class","8.5","1:9","WASC","9.2","British satellite with premium savings potential and tech ecosystem.","9.0","7.5","9.4","Provided","1:1 Mac","UK/A-Level","100","Rugby School Japan","7.8","20%","Premium",,"$4,850.00","KHDA","LFI","Trust","7.5","2026-05-26T10:41:07.835Z","0","[]",,"success","true","Rugby School UK Portal, GaijinPot Jobs, LinkedIn","https://www.rugbyschooljapan.ed.jp/careers","Rugby School Japan","1221682","rugby-school-japan-1221682","{""devices"":[""Apple Mac""],""suite"":[""Apple Ecosystem""],""lms"":[]}","Provided","1789148314021","0","FLIS0152","For-Profit","https://www.rugbyschooljapan.ed.jp/careers","85","For-Profit","true",,,"false","{""_nanoseconds"":174000000,""_seconds"":1788076694}",,"2026-08-30T07:58:14.173Z","JPY","2025/2026","508333","STRONG_MARKET_EVIDENCE","High","2026-09-25T07:25:58.682Z","508333","https://www.rugbyschooljapan.ed.jp","2026-09-25T12:18:17.167Z"
"FLIS0153","8.5","Japan","18","Appi Kogen","Outstanding","8.1","1:8","Candidate","8.0","High-end boarding with premium rural Japanese safety.","8.5","9.5","7.8","Provided","1:1 iPad","UK/A-Level","50","Harrow International School Appi","7.0","20%","Premium",,"$4,450.00","Local","LFI","Private","9.5","2026-05-26T10:41:07.835Z","0","[]",,"success","true","AISL Harrow Group Portal, Search Associates","https://www.harrowappi.jp/careers/","Harrow International School Appi","1219867","harrow-international-school-appi-1219867","{""devices"":[""Apple iPad""],""suite"":[""Apple Ecosystem""],""lms"":[]}","Provided","1790337468362","1","FLIS0153","For-Profit","https://www.harrowappi.jp/careers/","45","For-Profit","true",,,"false","{""_nanoseconds"":748000000,""_seconds"":1788076604}",,"2026-08-30T07:56:44.747Z","JPY","2025/2026","516667","STRONG_MARKET_EVIDENCE","High","2026-09-25T07:25:58.682Z","516667","https://www.harrowappi.jp","2026-09-25T12:18:17.167Z"
"FLIS0154","7.2","Japan","20","Yokohama","Highly Regarded","7.9","1:9","CIS/NEASC","8.5","Historic institution with high safety and community stability.","8.0","9.5","7.2","Allowance","Google","IB/US","75","St. Maur International School","7.8","20%","Premium",,"$4,250.00","CIS","LFI","Independent","9.5","2026-05-26T10:41:07.835Z","0","[]",,"success","true","Search Associates, LinkedIn","https://www.stmaur.ac.jp/employment","St. Maur International School",,,"{""devices"":[],""suite"":[""Google Workspace""],""lms"":[]}","Allowance","2026-09-26T06:49:31.214Z","1","FLIS0154","Non-Profit","https://www.stmaur.ac.jp/employment","60","Non-Profit","true",,,"false","{""_nanoseconds"":733000000,""_seconds"":1788076601}",,"2026-08-30T07:56:41.731Z","JPY","2025/2026","475000","MODELLED_ESTIMATE","Medium","2026-09-25T07:25:58.682Z","475000","https://www.stmaur.ac.jp","2026-09-25T12:18:17.167Z"
"FLIS0155","7.2","Japan","22","Yokohama","Highly Regarded","7.9","1:10","CIS/NEASC","8.7","Modern pedagogy focus in a high-safety coastal hub.","8.5","9.5","7.4","Allowance","1:1 Mac","IB","95","Yokohama International School","7.5","20%","Premium",,"$4,400.00","CIS","LFI","Independent","9.5","2026-05-26T10:41:07.835Z","0","[]",,"success","true","Search Associates, ISS, LinkedIn","https://www.yis.ac.jp/careers","Yokohama International School",,,"{""devices"":[""Apple Mac""],""suite"":[""Apple Ecosystem""],""lms"":[]}","Allowance","1789148314021","1","FLIS0155","Non-Profit","https://www.yis.ac.jp/careers","85","Non-Profit","true",,,"false","{""_nanoseconds"":418000000,""_seconds"":1788076598}",,"2026-08-30T07:56:38.416Z","JPY","2025/2026","516667","STRONG_MARKET_EVIDENCE","High","2026-09-25T07:25:58.682Z","516667","https://www.yis.ac.jp","2026-09-25T12:18:17.167Z"
"FLIS0156","7.4","Japan","18","Kobe","Highly Regarded","7.9","1:8","CIS/WASC","8.4","Reliable non-profit with strong work-life balance focus.","8.2","9.2","7.1","Provided","1:1 Mac","IB","75","Canadian Academy Kobe","8.0","22%","Full Private",,"$4,350.00","CIS","LFI","Foundation","9.2","2026-05-26T10:41:07.835Z","0","[]",,"success","true","Search Associates, ISS, LinkedIn","https://www.canacademy.ac.jp/employment","Canadian Academy Kobe",,,"{""devices"":[""Apple Mac""],""suite"":[""Apple Ecosystem""],""lms"":[]}","Provided","1789148314021","1","FLIS0156","Non-Profit","https://www.canacademy.ac.jp/employment","65","Non-Profit","true",,,"false","{""_nanoseconds"":77000000,""_seconds"":1788076599}",,"2026-08-30T07:56:39.076Z","JPY","2025/2026","466667","MODELLED_ESTIMATE","Medium","2026-09-25T07:25:58.682Z","466667","https://www.canacademy.ac.jp","2026-09-25T12:18:17.167Z"
"FLIS0157","8.4","South Korea","20","Seoul","World-Class","8.6","1:9","CIS/WASC","9.1","Elite non-profit with superior academic results.","8.8","9.0","9.1","Provided","1:1 Mac","IB/US","195","Seoul Foreign School","8.0","20%","Premium",,"$4,550.00","CIS","LFI","Independent","9.0","2026-05-26T10:41:07.835Z","0","[]",,"success","true","Search Associates, ISS, LinkedIn","https://www.seoulforeign.org/employment","Seoul Foreign School","1055417","seoul-foreign-school-1055417","{""devices"":[""Apple Mac""],""suite"":[""Apple Ecosystem""],""lms"":[]}","Generous housing coverage matching family needs","2026-09-26T06:49:31.214Z","7","FLIS0157","Non-Profit","https://www.seoulforeign.org/employment","180","Non-Profit","true",,,"false","{""_nanoseconds"":194000000,""_seconds"":1788076694}",,"2026-08-30T07:58:14.192Z","KRW","2025/2026","5166667","STRONG_MARKET_EVIDENCE","High","2026-09-25T07:25:58.682Z","5166667","https://www.seoulforeign.org","2026-09-25T12:18:17.167Z"
"FLIS0158","8.2","South Korea","22","Songdo","Outstanding","8.1","1:10","WASC","8.8","High-tech Songdo hub; monitors for corporate pressure.","9.0","8.5","8.9","Provided","Apple Dist.","IB","160","Chadwick International","7.5","18%","Premium",,"$4,850.00","WASC","LFI","Trust","8.5","2026-05-26T10:41:07.835Z","0","[]",,"success","true","Search Associates, Schrole, LinkedIn","https://www.chadwickinternational.org/employment","Chadwick International",,,"{""devices"":[""Apple Mac""],""suite"":[""Apple Ecosystem""],""lms"":[]}","Provided","1789148314021","0","FLIS0158","Non-Profit","https://www.chadwickinternational.org/employment","145","Non-Profit","true",,,"false","{""_nanoseconds"":867000000,""_seconds"":1788076597}",,"2026-08-30T07:56:37.866Z","KRW","2025/2026","5250000","STRONG_MARKET_EVIDENCE","High","2026-09-25T07:25:58.682Z","5250000","https://www.chadwickinternational.org","2026-09-25T12:18:17.167Z"
"FLIS0159","8.0","South Korea","20","Jeju","Outstanding","8.1","1:10","CIS","8.6","Elite Jeju facilities; high financial viability.","8.8","9.0","7.3","Provided","1:1 Mac","IB","125","Branksome Hall Asia","7.2","18%","Premium",,"$4,650.00","CIS","LFI","GEC Group","9.0","2026-05-26T10:41:07.835Z","0","[]",,"success","true","Schrole, LinkedIn","https://www.branksome.asia/careers","Branksome Hall Asia",,,"{""devices"":[""Apple Mac""],""suite"":[""Apple Ecosystem""],""lms"":[]}","Provided","1789148314021","0","FLIS0159","For-Profit","https://www.branksome.asia/careers","110","For-Profit","true",,,"false","{""_nanoseconds"":107000000,""_seconds"":1788076607}",,"2026-08-30T07:56:47.105Z","KRW","2025/2026","4666667","MODELLED_ESTIMATE","Medium","2026-09-25T07:25:58.682Z","4666667","https://www.branksome.asia","2026-09-25T12:18:17.167Z"
"FLIS0160","8.5","South Korea","20","Jeju","Highly Regarded","7.9","1:9","CIS","9.0","Academic powerhouse; monitored for ""Profit-Squeeze"".","8.8","9.0","8.2","Provided","1:1 Mac","UK/IB","150","North London Collegiate School Jeju","6.5","15%","Premium",,"$4,800.00","CIS","LFI","GEC Group","9.0","2026-05-26T10:41:07.835Z","0","[]",,"success","true","NLCS International Portal, LinkedIn","https://www.nlcsjeju.co.kr/careers","North London Collegiate School Jeju",,,"{""devices"":[""Apple Mac""],""suite"":[""Apple Ecosystem""],""lms"":[]}","Provided","1789148314021","0","FLIS0160","For-Profit","https://www.nlcsjeju.co.kr/careers","130","For-Profit","true",,,"false","{""_nanoseconds"":78000000,""_seconds"":1788076604}",,"2026-08-30T07:56:44.075Z","KRW","2025/2026","4833333","STRONG_MARKET_EVIDENCE","High","2026-09-25T08:15:19.382Z","4833333","https://www.nlcsjeju.co.kr","2026-09-25T12:18:17.167Z"
"FLIS0161","8.0","China","22","Shanghai","Outstanding","8.1","1:8","WASC","9.0","Holistic US-curriculum with exceptional student support.","8.8","8.2","8.4","Provided","1:1 Mac","US/AP","140","Concordia International School Shanghai","7.5","20%","Premium",,"$5,450.00","WASC","LFI","Independent","8.2","2026-05-26T10:41:07.835Z","0","[]",,"success","true","Search Associates, ISS, LinkedIn","https://www.concordiashanghai.org/employment","Concordia International School Shanghai",,,"{""devices"":[""Apple Mac""],""suite"":[""Apple Ecosystem""],""lms"":[]}","Provided","1790193420261","10","FLIS0161","Non-Profit","https://www.concordiashanghai.org/employment","120","Non-Profit","true",,,"false","{""_nanoseconds"":727000000,""_seconds"":1788076693}",,"2026-08-30T07:58:13.726Z","CNY","2025/2026","35417","STRONG_MARKET_EVIDENCE","High","2026-09-25T07:25:58.682Z","35417","https://www.concordiashanghai.org","2026-09-25T12:18:17.167Z"
"FLIS0162","8.4","China","22","Beijing","World-Class","8.5","1:8","CIS/WASC","9.2","Top-tier teacher autonomy and non-profit community.","9.4","8.0","9.1","Provided","1:1 Mac","IB","210","Western Academy of Beijing","8.0","22%","Global",,"$5,500.00","CIS","LFI","Independent","8.0","2026-05-26T10:41:07.835Z","0","[]",,"success","true","Search Associates, Schrole, ISS","https://www.wab.edu/work-at-wab","Western Academy of Beijing",,,"{""devices"":[""Apple Mac""],""suite"":[""Apple Ecosystem""],""lms"":[]}","Provided","1789148314021","0","FLIS0162","Non-Profit","https://www.wab.edu/work-at-wab","195","Non-Profit","true",,,"false","{""_nanoseconds"":471000000,""_seconds"":1788076600}",,"2026-08-30T07:56:40.469Z","CNY","2025/2026","34583","STRONG_MARKET_EVIDENCE","High","2026-09-25T07:25:58.682Z","34583","https://www.wab.edu","2026-09-25T12:18:17.167Z"
"FLIS0163","7.5","Poland","22","Warsaw","Highly Regarded","7.8","1:10","CIS","8.2","Stable environment; monitored for ""Profit-Squeeze"".","7.8","8.5","8.1","Allowance","1:1 iPad","UK/IB","125","British International School Warsaw","7.5","20%","Private",,"$3,450.00","BSO","LFI","Nord Anglia","8.5","2026-05-26T10:41:07.835Z","0","[]",,"success","true","Nord Anglia Career Portal, Teacher Horizons","https://www.nordangliaeducation.com/bis-warsaw/careers","British International School Warsaw","1057760","the-british-school-warsaw-1057760","{""devices"":[""Apple iPad""],""suite"":[""Apple Ecosystem""],""lms"":[]}","Allowance","2026-09-26T06:49:31.214Z","0","FLIS0163","For-Profit","https://www.nordangliaeducation.com/bis-warsaw/careers","110","For-Profit","true",,,"false","{""_nanoseconds"":529000000,""_seconds"":1788076595}",,"2026-08-30T07:56:35.527Z","PLN","2025/2026","14583","STRONG_MARKET_EVIDENCE","High","2026-09-25T08:15:19.382Z","14583","https://www.nordangliaeducation.com","2026-09-25T12:18:17.167Z"
"FLIS0164","7.0","Poland","15","Warsaw","Respectable","7.5","1:7","COBIS","8.5","Modern university-style culture; selective entry.","8.2","8.5","6.8","None","1:1 Device","UK/A-Level","80","Akademeia High School","6.8","15%","Private",,"$3,150.00","COBIS","LFI","Private","8.5","2026-05-26T10:41:07.835Z","0","[]",,"success","true","LinkedIn, Praca.pl","https://akademeia.edu.pl/en/careers/","Akademeia High School","1164028","akademeia-high-school-1164028","{""devices"":[""Mixed Devices""],""suite"":[],""lms"":[]}","None","2026-09-26T06:49:31.214Z","1","FLIS0164","For-Profit","https://akademeia.edu.pl/en/careers/","70","For-Profit","true",,,"false","{""_nanoseconds"":976000000,""_seconds"":1788076684}",,"2026-08-30T07:58:04.975Z","PLN","2025/2026","15500","STRONG_MARKET_EVIDENCE","High","2026-09-25T08:15:19.382Z","15500","https://akademeia.edu.pl","2026-09-25T12:18:17.167Z"
"FLIS0165","7.2","Romania","22","Bucharest","Respectable","7.4","1:7","BSO","7.9","Stable British curriculum; competitive local savings.","7.8","7.8","6.5","Allowance","1:1 iPad","UK/IB","85","International School of Bucharest","7.0","20%","Private",,"$3,150.00","BSO","LFI","Lumina","7.8","2026-05-26T10:41:07.835Z","0","[]",,"success","true","Lumina Educational Institutions Portal","https://www.isb.ro/careers/","International School of Bucharest","1057074","international-school-of-bucharest-1057074","{""devices"":[""Apple iPad""],""suite"":[""Apple Ecosystem""],""lms"":[]}","Allowance","2026-09-26T06:49:31.214Z","1","FLIS0165","For-Profit","https://www.isb.ro/careers/","67","For-Profit","true",,,"false","{""_nanoseconds"":254000000,""_seconds"":1788170415}","{""schoolId"":""FLIS0179"",""schoolName"":""International School of Bucharest"",""category"":""INSIGHT_UNAVAILABLE"",""statusLabel"":""Low Turnover (Stable)"",""isUpdating"":false,""scrapedJobsList"":[],""vacancies_discovered"":[],""structured_vacancies"":[],""total_known_vacancies"":0,""estimated_churn_percentage"":0,""leadership_vacancies_count"":0,""secondary_vacancies_count"":0,""primary_vacancies_count"":0,""leopardfishIntelAlert"":""No active public vacancies have been detected for this institution within the current 12-month recruitment cycle. This indicates either an exceptionally high staff retention profile or the utilization of localized, non-indexed internal application portals. Quantitative stability metrics cannot be calculated at this time."",""churn_implications_commentary"":""No active public vacancies have been detected for this institution within the current 12-month recruitment cycle. This indicates either an exceptionally high staff retention profile or the utilization of localized, non-indexed internal application portals. Quantitative stability metrics cannot be calculated at this time."",""senior_leadership_churn_percentage"":0,""staffroom_commentary"":""No active public vacancies have been detected for this institution within the current 12-month recruitment cycle. This indicates either an exceptionally high staff retention profile or the utilization of localized, non-indexed internal application portals. Quantitative stability metrics cannot be calculated at this time."",""lastScrapedAt"":""2026-08-31T10:00:15.252Z"",""metrics"":{""totalKnownVacancies"":0,""estimatedChurnRatePercent"":0,""leadershipVacanciesCount"":0,""secondaryVacanciesCount"":0,""primaryVacanciesCount"":0,""riskRating"":""INSIGHT_UNAVAILABLE"",""leadershipChurnRatioPercent"":0,""averageYearlyTesAdverts"":0,""estimatedStaffBase"":""67""}}","2026-08-31T10:00:15.252Z","EUR","2025/2026","3500","STRONG_MARKET_EVIDENCE","High","2026-09-25T07:25:58.682Z","3500","https://www.isb.ro","2026-09-25T12:18:17.167Z"
"FLIS0166","6.9","Czechia","22","Prague","Established","7.4","1:11","IB / BSO","8.5","Prominent Corporate/Tech","9.2","9.5","9.1","Not Included","Canvas / Seesaw","IGCSE / IB DP","160","Prague British International School","6.2","22","Private",,"$2,520","BSO","LFI","Nord Anglia","9.5","2026-05-26T10:41:07.835Z","0","[]",,"success","true","Nord Anglia Career Portal, Teacher Horizons","https://www.nordangliaeducation.com/pbis-prague/careers","Prague British International School","1057016","prague-british-international-school-kamyk-1057016","{""devices"":[],""suite"":[],""lms"":[""Canvas"",""Seesaw""]}","Not Included","1789148314021","0","FLIS0166","For-Profit","https://www.nordangliaeducation.com/pbis-prague/careers","145","For-Profit","true",,,"false","{""_nanoseconds"":893000000,""_seconds"":1788076612}",,"2026-08-30T07:56:52.888Z","CZK","2025/2026","83333","STRONG_MARKET_EVIDENCE","High","2026-09-25T07:25:58.682Z","83333","https://www.nordangliaeducation.com","2026-09-25T12:18:17.168Z"
"FLIS0167","6.5","Spain","25","Bilbao","Respectable","7.2","1:12","NABSS","7.8","High lifestyle score; salary limited by national scales.","7.5","9.0","6.2","Not Included","Google","UK/IB","65","St. George's British International School Bilbao","7.0","18%","State/Priv",,"$2,125","NABSS","LFI","Globeducate","9.0","2026-05-26T10:41:07.835Z","0","[]",,"success","true","Globeducate Careers Portal, InfoJobs Spain","https://stgeorgeschool.es/en/careers/","St. George's British International School Bilbao",,,"{""devices"":[],""suite"":[""Google Workspace""],""lms"":[]}","None","1789148314021","0","FLIS0167","For-Profit","https://stgeorgeschool.es/en/careers/","55","For-Profit","true",,,"false","{""_nanoseconds"":551000000,""_seconds"":1788076592}",,"2026-08-30T07:56:32.549Z","EUR","2025/2026","2250","MODELLED_ESTIMATE","Medium","2026-09-25T08:15:19.382Z","2250","https://stgeorgeschool.es","2026-09-25T12:18:17.168Z"
"FLIS0168","6.8","Finland","22","Helsinki","Highly Regarded","7.9","1:9","CIS/NEASC","8.2","Exceptional safety; high work-life balance.","8.0","9.8","6.9","Allowance","1:1 Mac","IB","60","International School of Helsinki","8.5","25%","Premium",,"$2,850","CIS","LFI","Independent","9.8","2026-05-26T10:41:07.835Z","0","[]",,"success","true","Search Associates, Opetus.fi","https://www.ishelsinki.fi/employment","International School of Helsinki",,,"{""devices"":[""Apple Mac""],""suite"":[""Apple Ecosystem""],""lms"":[]}","Allowance","1789148314021","0","FLIS0168","Non-Profit","https://www.ishelsinki.fi/employment","50","Non-Profit","true",,,"false","{""_nanoseconds"":507000000,""_seconds"":1788076678}",,"2026-08-30T07:57:58.506Z","EUR","2025/2026","3500","STRONG_MARKET_EVIDENCE","High","2026-09-25T07:25:58.682Z","3500","https://www.ishelsinki.fi","2026-09-25T12:18:17.168Z"
"FLIS0169","6.5","Finland","22","Helsinki","Highly Regarded","7.6","1:10","Independent","7.8","High security and professional autonomy.","7.5","9.8","5.8","Allowance","Google","UK/IB","65","British School in Helsinki","8.0","22%","Private",,"$2,700","Local","LFI","Independent","9.8","2026-05-26T10:41:07.835Z","0","[]",,"success","true","LinkedIn","https://www.thebritishschool.fi/vacancies","British School in Helsinki",,,"{""devices"":[],""suite"":[""Google Workspace""],""lms"":[]}","Allowance","1789148314021","0","FLIS0169","Non-Profit","https://www.thebritishschool.fi/vacancies","55","Non-Profit","true",,,"false","{""_nanoseconds"":466000000,""_seconds"":1788076678}",,"2026-08-30T07:57:58.465Z","EUR","2025/2026","2600","MODELLED_ESTIMATE","Medium","2026-09-25T08:15:19.382Z","2600","https://www.thebritishschool.fi/vacancies","2026-09-25T12:18:17.168Z"
"FLIS0170","7.0","Sweden","24","Stockholm","Highly Regarded","7.9","1:8","CIS/NEASC","8.4","Reinvests all profits into faculty and tech.","7.8","9.2","7.5","Allowance","Google","IB","95","Stockholm International School","8.2","22%","Premium",,"$4,000.00","CIS","LFI","Foundation","9.2","2026-05-26T10:41:07.835Z","0","[]",,"success","true","Search Associates, Arbetsförmedlingen","https://www.intsch.se/careers","Stockholm International School",,,"{""devices"":[],""suite"":[""Google Workspace""],""lms"":[]}","Allowance","2026-09-26T06:49:31.214Z","1","FLIS0170","Non-Profit","https://www.intsch.se/careers","85","Non-Profit","true",,,"false","{""_nanoseconds"":451000000,""_seconds"":1788076599}",,"2026-08-30T07:56:39.449Z","SEK","2025/2026","36667","STRONG_MARKET_EVIDENCE","High","2026-09-25T07:25:58.682Z","36667","https://www.intsch.se","2026-09-25T12:18:17.168Z"
"FLIS0171","6.8","Sweden","22","Stockholm","Highly Regarded","7.6","1:9","Community","8.2","Community-led non-profit with high staff wellbeing.","7.5","9.2","6.4","Allowance","Google","UK/iGCSE","60","British International School of Stockholm","8.0","22%","Private",,"$3,650.00","Local","LFI","Community","9.2","2026-05-26T10:41:07.835Z","0","[]",,"success","true","Search Associates, LinkedIn","https://www.bisstockholm.se/careers","British International School of Stockholm","1082172","british-international-school-of-stockholm-ekeby-campus-1082172","{""devices"":[],""suite"":[""Google Workspace""],""lms"":[]}","Allowance","1790337468362","1","FLIS0171","Non-Profit","https://www.bisstockholm.se/careers","50","Non-Profit","true","2026-09-25T11:38:21.311Z","1790336301311","false","{""_nanoseconds"":355000000,""_seconds"":1788076600}",,"2026-08-30T07:56:40.354Z","SEK","2025/2026","34167","MODELLED_ESTIMATE","Medium","2026-09-25T07:25:58.682Z","34167","https://www.bisstockholm.se","2026-09-25T12:18:17.168Z"
"FLIS0172","7.2","Denmark","22","Copenhagen","Outstanding","8.0","1:10","CIS","8.5","Flagship sustainable campus; high faculty autonomy.","8.0","9.5","8.7","Allowance","1:1 Mac","IB","145","Copenhagen International School","8.2","25%","Premium",,"$3,650","CIS","LFI","Foundation","9.5","2026-05-26T10:41:07.835Z","0","[]",,"success","true","Search Associates, Jobindex Denmark","https://www.copenhageninternational.school/about/careers/","Copenhagen International School",,,"{""devices"":[""Apple Mac""],""suite"":[""Apple Ecosystem""],""lms"":[]}","Allowance","1789148314021","0","FLIS0172","Non-Profit","https://www.copenhageninternational.school/about/careers/","130","Non-Profit","true",,,"false","{""_nanoseconds"":478000000,""_seconds"":1788076601}",,"2026-08-30T07:56:41.477Z","DKK","2025/2026","35000","STRONG_MARKET_EVIDENCE","High","2026-09-25T07:25:58.682Z","35000","https://www.copenhageninternational.school","2026-09-25T12:18:17.168Z"
"FLIS0173","6.5","UK","20","London","Respectable","7.4","1:9","CIS/ISI","8.8","Elite London IB; cost of living impacts savings.","8.2","8.5","8.4","None","1:1 iPad","IB","115","Southbank International School","6.8","18%","Private",,"$4,350.00","ISI","LFI","Cognita","8.5","2026-05-26T10:41:07.835Z","0","[]",,"success","true","Cognita Careers Portal, LinkedIn","https://www.southbank.org/careers","Southbank International School","1023050","southbank-international-school-hampstead-campus-1023050","{""devices"":[""Apple iPad""],""suite"":[""Apple Ecosystem""],""lms"":[]}","None","1789148314021","0","FLIS0173","For-Profit","https://www.southbank.org/careers","100","For-Profit","true",,,"false","{""_nanoseconds"":377000000,""_seconds"":1788076596}",,"2026-08-30T07:56:36.376Z","GBP","2025/2026","2750","STRONG_MARKET_EVIDENCE","High","2026-09-25T08:15:19.382Z","2750","https://www.southbank.org","2026-09-25T12:18:17.168Z"
"FLIS0174","7.5","UK","22","Surrey","Highly Regarded","7.8","1:9","CIS","8.7","Leading day/boarding school with premium provision.","8.5","8.5","8.8","Self-Funded (Unless Boarding Houseparent Role)","1:1 iPad","IB/US","175","ACS Cobham International School","7.2","20%","Premium",,"$4,450.00","ISI","LFI","ACS Schools","8.5","2026-05-26T10:41:07.835Z","0","[]",,"success","true","ACS International Schools Portal, LinkedIn","https://www.acs-schools.org/careers","ACS Cobham International School","1054365","acs-cobham-international-school-1054365","{""devices"":[""Apple iPad""],""suite"":[""Apple Ecosystem""],""lms"":[]}","Provided","2026-09-26T06:49:31.214Z","1","FLIS0174","For-Profit","https://www.acs-schools.org/careers","160","For-Profit","true",,,"false","{""_nanoseconds"":463000000,""_seconds"":1788076601}",,"2026-08-30T07:56:41.462Z","GBP","2025/2026","2750","STRONG_MARKET_EVIDENCE","High","2026-09-25T10:43:07.735Z","2750","https://www.acs-schools.org","2026-09-25T12:18:17.168Z"
"FLIS0175","7.6","Luxembourg","22","Luxembourg","Highly Regarded","7.9","1:10","BSO","8.2","Strong British curriculum in a high-safety hub.","7.8","9.5","6.2","Allowance","Google","UK/A-Level","125","St. George's International School Luxembourg","7.5","18%","Private",,"$4,650.00","BSO","LFI","Foundation","9.5","2026-05-26T10:41:07.835Z","0","[]",,"success","true","Search Associates, LinkedIn","https://www.st-georges.lu/careers","St. George's International School Luxembourg","1058183","st-george-s-international-school-luxembourg-1058183","{""devices"":[],""suite"":[""Google Workspace""],""lms"":[]}","Allowance","1789148314021","0","FLIS0175","Non-Profit","https://www.st-georges.lu/careers","110","Non-Profit","true",,,"false","{""_nanoseconds"":69000000,""_seconds"":1788076603}",,"2026-08-30T07:56:43.067Z","EUR","2025/2026","4833","STRONG_MARKET_EVIDENCE","High","2026-09-25T08:15:19.382Z","4833","https://www.st-georges.lu","2026-09-25T12:18:17.168Z"
"FLIS0176","7.8","Luxembourg","22","Luxembourg","Outstanding","8.2","1:10","CIS/NEASC","8.6","Top-tier European safety and faculty benefits.","8.2","9.5","8.9","Allowance","1:1 Mac","IB/US","165","International School of Luxembourg","8.0","22%","Premium",,"$4,950.00","CIS","LFI","Foundation","9.5","2026-05-26T10:41:07.835Z","0","[]",,"success","true","Search Associates, LinkedIn","https://www.islux.lu/careers","International School of Luxembourg",,,"{""devices"":[""Apple Mac""],""suite"":[""Apple Ecosystem""],""lms"":[]}","Relocation assistance provided (rentals in Luxembourg market)","1789148314021","0","FLIS0176","Non-Profit","https://www.islux.lu/careers","150","Non-Profit","true",,,"false","{""_nanoseconds"":164000000,""_seconds"":1788076694}",,"2026-08-30T07:58:14.163Z","EUR","2025/2026","5417","VERIFIED_SCALE","High","2026-09-25T07:25:58.682Z","5417","https://www.islux.lu","2026-09-25T12:18:17.168Z"
"FLIS0177","7.4","Belgium","22","Waterloo","Highly Regarded","7.8","1:9","CIS","8.2","Balanced IB school; performing arts focus.","7.8","8.8","6.1","Allowance","1:1 iPad","IB/US","125","St. John's International School Belgium","7.5","20%","Private",,"€55,000 - €65,000 gross/yr","CIS","LFI","Inspired","8.8","2026-05-26T10:41:07.835Z","0","[]",,"success","true","Inspired Education Group Portal, Search Associates","https://www.stjohns.be/careers","St. John's International School Belgium","1057076","st-john-s-international-school-1057076","{""devices"":[""Apple iPad""],""suite"":[""Apple Ecosystem""],""lms"":[]}","Allowance","1789148314021","0","FLIS0177","For-Profit","https://www.stjohns.be/careers","110","For-Profit","true",,,"false","{""_nanoseconds"":649000000,""_seconds"":1788076598}",,"2026-08-30T07:56:38.648Z","EUR","2025/2026","2850","STRONG_MARKET_EVIDENCE","High","2026-09-25T08:16:33.051Z","2850","https://www.stjohns.be","2026-09-25T12:18:17.168Z"
"FLIS0178","6.5","France","22","Nice","Respectable","7.2","1:10","CIS","7.5","Lifestyle school; salary vs. rent friction.","7.5","8.5","5.5","None","Google","IB","65","International School of Nice","7.2","18%","Private",,"$2,500","CIS","LFI","Globeducate","8.5","2026-05-26T10:41:07.835Z","0","[]",,"success","true","Globeducate Careers Portal, LinkedIn","https://www.isn-nice.com/join-the-team","International School of Nice","1059393","international-school-of-nice-isn-1059393","{""devices"":[],""suite"":[""Google Workspace""],""lms"":[]}","None","2026-09-26T06:49:31.214Z","2","FLIS0178","For-Profit","https://www.isn-nice.com/join-the-team","55","For-Profit","true",,,"false","{""_nanoseconds"":170000000,""_seconds"":1788076601}",,"2026-08-30T07:56:41.169Z","EUR","2025/2026","3167","MODELLED_ESTIMATE","Medium","2026-09-25T07:25:58.682Z","3167","https://www.isn-nice.com/join-the-team","2026-09-25T12:18:17.168Z"
"FLIS0179","6.5","France","22","Mougins","Respectable","7.3","1:10","CIS","7.8","Boutique British school in high-end hub.","7.5","8.5","5.8","None","Google","UK/A-Level","70","Mougins School","7.2","20%","Private",,"$2,600","CIS","LFI","Globeducate","8.5","2026-05-26T10:41:07.835Z","0","[]",,"success","true","Globeducate Careers Portal, LinkedIn","https://mougins.britishinternationalschool.com/about/work-with-us","Mougins School","1055155","mougins-school-1055155","{""devices"":[],""suite"":[""Google Workspace""],""lms"":[]}","None","1789148314021","0","FLIS0179","For-Profit","https://mougins.britishinternationalschool.com/about/work-with-us","60","For-Profit","true",,,"false","{""_nanoseconds"":63000000,""_seconds"":1788076593}",,"2026-08-30T07:56:33.061Z","EUR","2025/2026","2450","STRONG_MARKET_EVIDENCE","High","2026-09-25T08:16:33.052Z","2450","https://mougins.britishinternationalschool.com/about/work-with-us","2026-09-25T12:18:17.168Z"
"FLIS0180","6.8","Italy","22","Turin","Respectable","7.4","1:10","CIS","7.8","Balanced; typical Italian salary constraints.","7.5","8.5","5.4","Not Included","Google","IB","75","International School of Turin","7.5","20%","Private",,"$2,500","CIS","LFI","Independent Non-Profit","8.5","2026-05-26T10:41:07.835Z","0","[]",,"success","true","TES, TeacherHorizons, Direct","https://www.istorin.it/careers","International School of Turin",,,"{""devices"":[],""suite"":[""Google Workspace""],""lms"":[]}","None","1789150445853","0","FLIS0180","For-Profit","https://www.istorin.it/careers","65","For-Profit","true",,,"false","{""_nanoseconds"":166000000,""_seconds"":1788284788}","{""schoolId"":""FLIS0194"",""schoolName"":""International School of Turin"",""category"":""LOW_TURNOVER"",""statusLabel"":""Low Turnover (Stable)"",""isUpdating"":false,""metrics"":{""estimatedStaffBase"":60,""totalKnownVacancies"":15,""estimatedChurnRatePercent"":25,""leadershipVacanciesCount"":0,""secondaryVacanciesCount"":11,""primaryVacanciesCount"":4,""riskRating"":""LOW"",""leadershipChurnRatioPercent"":0,""averageYearlyTesAdverts"":15},""total_known_vacancies"":15,""estimated_churn_percentage"":25,""leadership_vacancies_count"":0,""secondary_vacancies_count"":11,""primary_vacancies_count"":4,""leopardfishIntelAlert"":""Leopardfish Multi-Engine Audit: Stable retention pattern with 15 active vacancies detected across TES, GRC Search, and official school portals."",""churn_implications_commentary"":""Leopardfish Multi-Engine Audit: Stable retention pattern with 15 active vacancies detected across TES, GRC Search, and official school portals."",""senior_leadership_churn_percentage"":0,""lastScrapedAt"":""2026-09-01T17:45:47.765Z"",""structured_vacancies"":[{""title"":""Profesor/a de Lengua Castellana"",""department"":""Secondary"",""source"":""Globeducate"",""source_url"":""https://www.international-school-of-turin.com"",""date_listed"":""2026-08-31T15:53:16.558Z"",""date_closing"":null,""status"":""OPEN"",""recruitmentCycle"":""CURRENT""},{""title"":""Greek Teacher"",""department"":""Secondary"",""source"":""Globeducate"",""source_url"":""https://www.international-school-of-turin.com"",""date_listed"":""2026-08-31T15:30:35.357Z"",""date_closing"":null,""status"":""OPEN"",""recruitmentCycle"":""CURRENT""},{""title"":""Early Years Practitioner | Kindergarten Teacher"",""department"":""Primary"",""source"":""Globeducate"",""source_url"":""https://www.international-school-of-turin.com"",""date_listed"":""2026-08-31T15:30:35.357Z"",""date_closing"":null,""status"":""OPEN"",""recruitmentCycle"":""CURRENT""},{""title"":""Class Teacher"",""department"":""Primary"",""source"":""Globeducate"",""source_url"":""https://www.international-school-of-turin.com"",""date_listed"":""2026-08-31T15:30:35.347Z"",""date_closing"":null,""status"":""OPEN"",""recruitmentCycle"":""CURRENT""},{""title"":""Design Technology Teacher"",""department"":""Secondary"",""source"":""Globeducate"",""source_url"":""https://www.international-school-of-turin.com"",""date_listed"":""2026-08-31T15:30:35.346Z"",""date_closing"":null,""status"":""OPEN"",""recruitmentCycle"":""CURRENT""},{""title"":""Teacher of Design Technology"",""department"":""Secondary"",""source"":""Globeducate"",""source_url"":""https://www.international-school-of-turin.com"",""date_listed"":""2026-08-31T15:30:35.346Z"",""date_closing"":null,""status"":""OPEN"",""recruitmentCycle"":""CURRENT""},{""title"":""Secondary German Teacher - Temporary Contract"",""department"":""Secondary"",""source"":""Globeducate"",""source_url"":""https://www.international-school-of-turin.com"",""date_listed"":""2026-08-31T15:30:35.345Z"",""date_closing"":null,""status"":""OPEN"",""recruitmentCycle"":""CURRENT""},{""title"":""English Teacher"",""department"":""Secondary"",""source"":""Globeducate"",""source_url"":""https://www.international-school-of-turin.com"",""date_listed"":""2026-08-31T15:30:35.344Z"",""date_closing"":null,""status"":""OPEN"",""recruitmentCycle"":""CURRENT""},{""title"":""PET And Sports Coaches"",""department"":""Secondary"",""source"":""Cognita"",""source_url"":""https://www.international-school-of-turin.com"",""date_listed"":""Recently"",""date_closing"":""31/08/2026"",""status"":""OPEN"",""recruitmentCycle"":""CURRENT""},{""title"":""Science Teacher"",""department"":""Secondary"",""source"":""Cognita"",""source_url"":""https://www.international-school-of-turin.com"",""date_listed"":""Recently"",""date_closing"":""12/06/2027"",""status"":""OPEN"",""recruitmentCycle"":""CURRENT""},{""title"":""Computer Teacher – Pre -Primary"",""department"":""Primary"",""source"":""Cognita"",""source_url"":""https://www.international-school-of-turin.com"",""date_listed"":""Recently"",""date_closing"":""30/09/2026"",""status"":""OPEN"",""recruitmentCycle"":""CURRENT""},{""title"":""School Administration Manager"",""department"":""Secondary"",""source"":""Cognita"",""source_url"":""https://www.international-school-of-turin.com"",""date_listed"":""Recently"",""date_closing"":""31/08/2026"",""status"":""OPEN"",""recruitmentCycle"":""CURRENT""},{""title"":""PE Teacher And Sports Coach"",""department"":""Secondary"",""source"":""Cognita"",""source_url"":""https://www.international-school-of-turin.com"",""date_listed"":""Recently"",""date_closing"":""31/08/2026"",""status"":""OPEN"",""recruitmentCycle"":""CURRENT""},{""title"":""Assistant Manager - Marketing"",""department"":""Secondary"",""source"":""Cognita"",""source_url"":""https://www.international-school-of-turin.com"",""date_listed"":""Recently"",""date_closing"":""17/10/2026"",""status"":""OPEN"",""recruitmentCycle"":""CURRENT""},{""title"":""Head of Nursery"",""department"":""Primary"",""source"":""Cognita"",""source_url"":""https://www.international-school-of-turin.com"",""date_listed"":""Recently"",""date_closing"":null,""status"":""CLOSED"",""recruitmentCycle"":""CURRENT""}],""scrapedJobsList"":[""Profesor/a de Lengua Castellana (Posted: 2026-08-31T15:53:16.558Z) - Globeducate"",""Design Technology Teacher (Posted: 2026-08-31T15:30:35.346Z) - Globeducate"",""English Teacher (Posted: 2026-08-31T15:30:35.344Z) - Globeducate"",""Class Teacher (Posted: 2026-08-31T15:30:35.347Z) - Globeducate"",""Greek Teacher (Posted: 2026-08-31T15:30:35.357Z) - Globeducate"",""Early Years Practitioner | Kindergarten Teacher (Posted: 2026-08-31T15:30:35.357Z) - Globeducate"",""Secondary German Teacher - Temporary Contract (Posted: 2026-08-31T15:30:35.345Z) - Globeducate"",""Teacher of Design Technology (Posted: 2026-08-31T15:30:35.346Z) - Globeducate"",""Profesor/a de Lengua Castellana - Globeducate"",""Design Technology Teacher - Globeducate"",""English Teacher - Globeducate"",""PET And Sports Coaches (Posted: Recently; Closes: 31/08/2026) - Cognita"",""Science Teacher (Grades 9–12) - Pool Posting (Posted: Recently; Closes: 12/06/2027) - Cognita"",""Computer Teacher – Pre -Primary (Posted: Recently; Closes: 30/09/2026) - Cognita"",""Pre School EY English Teacher (Posted: Recently; Closes: 27/09/2026) - Cognita"",""Head of Nursery (Maternity Cover) (Posted: Recently; Closes: 07/09/2026) - Cognita"",""School Administration Manager (Front of House) (Posted: Recently; Closes: 31/08/2026) - Cognita"",""PE Teacher And Sports Coach (Posted: Recently; Closes: 31/08/2026) - Cognita"",""Assistant Manager - Marketing (Posted: Recently; Closes: 17/10/2026) - Cognita"",""Class Teacher - Globeducate"",""Greek Teacher - Globeducate"",""Early Years Practitioner | Kindergarten Teacher - Globeducate"",""Secondary German Teacher - Temporary Contract - Globeducate"",""Teacher of Design Technology - Globeducate"",""Head of Nursery - Cognita"",""Science Teacher - Cognita""],""vacancies_discovered"":[{""title"":""Profesor/a de Lengua Castellana"",""department"":""Secondary"",""source"":""Globeducate"",""source_url"":""https://www.international-school-of-turin.com"",""date_listed"":""2026-08-31T15:53:16.558Z"",""date_closing"":null,""status"":""OPEN"",""recruitmentCycle"":""CURRENT""},{""title"":""Greek Teacher"",""department"":""Secondary"",""source"":""Globeducate"",""source_url"":""https://www.international-school-of-turin.com"",""date_listed"":""2026-08-31T15:30:35.357Z"",""date_closing"":null,""status"":""OPEN"",""recruitmentCycle"":""CURRENT""},{""title"":""Early Years Practitioner | Kindergarten Teacher"",""department"":""Primary"",""source"":""Globeducate"",""source_url"":""https://www.international-school-of-turin.com"",""date_listed"":""2026-08-31T15:30:35.357Z"",""date_closing"":null,""status"":""OPEN"",""recruitmentCycle"":""CURRENT""},{""title"":""Class Teacher"",""department"":""Primary"",""source"":""Globeducate"",""source_url"":""https://www.international-school-of-turin.com"",""date_listed"":""2026-08-31T15:30:35.347Z"",""date_closing"":null,""status"":""OPEN"",""recruitmentCycle"":""CURRENT""},{""title"":""Design Technology Teacher"",""department"":""Secondary"",""source"":""Globeducate"",""source_url"":""https://www.international-school-of-turin.com"",""date_listed"":""2026-08-31T15:30:35.346Z"",""date_closing"":null,""status"":""OPEN"",""recruitmentCycle"":""CURRENT""},{""title"":""Teacher of Design Technology"",""department"":""Secondary"",""source"":""Globeducate"",""source_url"":""https://www.international-school-of-turin.com"",""date_listed"":""2026-08-31T15:30:35.346Z"",""date_closing"":null,""status"":""OPEN"",""recruitmentCycle"":""CURRENT""},{""title"":""Secondary German Teacher - Temporary Contract"",""department"":""Secondary"",""source"":""Globeducate"",""source_url"":""https://www.international-school-of-turin.com"",""date_listed"":""2026-08-31T15:30:35.345Z"",""date_closing"":null,""status"":""OPEN"",""recruitmentCycle"":""CURRENT""},{""title"":""English Teacher"",""department"":""Secondary"",""source"":""Globeducate"",""source_url"":""https://www.international-school-of-turin.com"",""date_listed"":""2026-08-31T15:30:35.344Z"",""date_closing"":null,""status"":""OPEN"",""recruitmentCycle"":""CURRENT""},{""title"":""PET And Sports Coaches"",""department"":""Secondary"",""source"":""Cognita"",""source_url"":""https://www.international-school-of-turin.com"",""date_listed"":""Recently"",""date_closing"":""31/08/2026"",""status"":""OPEN"",""recruitmentCycle"":""CURRENT""},{""title"":""Science Teacher"",""department"":""Secondary"",""source"":""Cognita"",""source_url"":""https://www.international-school-of-turin.com"",""date_listed"":""Recently"",""date_closing"":""12/06/2027"",""status"":""OPEN"",""recruitmentCycle"":""CURRENT""},{""title"":""Computer Teacher – Pre -Primary"",""department"":""Primary"",""source"":""Cognita"",""source_url"":""https://www.international-school-of-turin.com"",""date_listed"":""Recently"",""date_closing"":""30/09/2026"",""status"":""OPEN"",""recruitmentCycle"":""CURRENT""},{""title"":""School Administration Manager"",""department"":""Secondary"",""source"":""Cognita"",""source_url"":""https://www.international-school-of-turin.com"",""date_listed"":""Recently"",""date_closing"":""31/08/2026"",""status"":""OPEN"",""recruitmentCycle"":""CURRENT""},{""title"":""PE Teacher And Sports Coach"",""department"":""Secondary"",""source"":""Cognita"",""source_url"":""https://www.international-school-of-turin.com"",""date_listed"":""Recently"",""date_closing"":""31/08/2026"",""status"":""OPEN"",""recruitmentCycle"":""CURRENT""},{""title"":""Assistant Manager - Marketing"",""department"":""Secondary"",""source"":""Cognita"",""source_url"":""https://www.international-school-of-turin.com"",""date_listed"":""Recently"",""date_closing"":""17/10/2026"",""status"":""OPEN"",""recruitmentCycle"":""CURRENT""},{""title"":""Head of Nursery"",""department"":""Primary"",""source"":""Cognita"",""source_url"":""https://www.international-school-of-turin.com"",""date_listed"":""Recently"",""date_closing"":null,""status"":""CLOSED"",""recruitmentCycle"":""CURRENT""}]}","2026-09-01T17:45:47.765Z","EUR","2025/2026","3000","MODELLED_ESTIMATE","Medium","2026-09-25T07:25:58.682Z","3000","https://www.istorin.it","2026-09-25T12:18:17.168Z"
"FLIS0181","6.8","Italy","22","Genoa","Respectable","7.3","1:11","CIS","7.5","Community-focused school in maritime city.","7.5","8.5","5.2","Not Included","Google","IB","65","International School of Genoa","7.5","20%","Private",,"$2,450","CIS","LFI","Independent Non-Profit","8.5","2026-05-26T10:41:07.835Z","0","[]",,"success","true","CIS Directory, Direct Career Page","https://www.isgenoa.it/careers","International School of Genoa",,,"{""devices"":[],""suite"":[""Google Workspace""],""lms"":[]}","None","1790337468362","1","FLIS0181","For-Profit","https://www.isgenoa.it/careers","55","For-Profit","true","2026-09-25T11:40:01.250Z","1790336401250","false","{""_nanoseconds"":531000000,""_seconds"":1788076591}",,"2026-08-30T07:56:31.530Z","EUR","2025/2026","3000","MODELLED_ESTIMATE","Medium","2026-09-25T07:25:58.682Z","3000","https://www.isgenoa.it","2026-09-25T12:18:17.168Z"
"FLIS0182","8.0","Brazil","20","Sao Paulo","Highly Regarded","7.9","1:9","BSO/CIS","8.9","Prestigious non-profit with elite provision.","8.2","6.5","8.8","Provided","1:1 iPad","UK/IB","155","St. Paul's School Brazil","7.8","20%","Full Private",,"$4,200.00","BSO","LFI","Trust","6.5","2026-05-26T10:41:07.835Z","0","[]",,"success","true","Search Associates, LinkedIn","https://www.stpauls.br/careers","St. Paul's School Brazil","1057345","st-paul-s-school-1057345","{""devices"":[""Apple iPad""],""suite"":[""Apple Ecosystem""],""lms"":[]}","Staff accommodation benefit provided","1789148314021","0","FLIS0182","Non-Profit","https://www.stpauls.br/careers","140","Non-Profit","true",,,"false","{""_seconds"":1790357980,""_nanoseconds"":633000000}","{""schoolId"":""FLIS0182"",""schoolName"":""St. Paul's School Brazil"",""category"":""INSIGHT_UNAVAILABLE"",""statusLabel"":""Low Turnover (Stable)"",""isUpdating"":false,""lastScrapedAt"":""2026-09-25T17:39:40.620Z"",""metrics"":{""estimatedStaffBase"":140,""totalKnownVacancies"":0,""estimatedChurnRatePercent"":0,""leadershipVacanciesCount"":0,""secondaryVacanciesCount"":0,""primaryVacanciesCount"":0,""riskRating"":""INSIGHT_UNAVAILABLE"",""leadershipChurnRatioPercent"":0,""averageYearlyTesAdverts"":0},""scrapedJobsList"":[],""vacancies_discovered"":[],""structured_vacancies"":[],""total_known_vacancies"":0,""estimated_churn_percentage"":0,""leadership_vacancies_count"":0,""secondary_vacancies_count"":0,""primary_vacancies_count"":0,""leopardfishIntelAlert"":""No active public vacancies have been detected for this institution within the current 12-month recruitment cycle. This indicates either an exceptionally high staff retention profile or the utilization of localized, non-indexed internal application portals. Quantitative stability metrics cannot be calculated at this time."",""churn_implications_commentary"":""No active public vacancies have been detected for this institution within the current 12-month recruitment cycle. This indicates either an exceptionally high staff retention profile or the utilization of localized, non-indexed internal application portals. Quantitative stability metrics cannot be calculated at this time."",""senior_leadership_churn_percentage"":0,""staffroom_commentary"":""No active public vacancies have been detected for this institution within the current 12-month recruitment cycle. This indicates either an exceptionally high staff retention profile or the utilization of localized, non-indexed internal application portals. Quantitative stability metrics cannot be calculated at this time.""}","2026-09-25T17:39:40.620Z","BRL","2025/2026","19167","STRONG_MARKET_EVIDENCE","High","2026-09-25T10:42:30.656Z","14300","https://www.stpauls.br","2026-09-25T12:18:17.168Z"
"FLIS0183","7.8","Brazil","22","Rio","Highly Regarded","7.5","1:10","BSO","8.5","Academic leader; monitors for city safety risks.","8.0","6.0","8.1","Allowance","1:1 Device","UK/IB","150","British School Rio de Janeiro","7.5","20%","Private",,"$4,050.00","BSO","LFI","Independent","6.0","2026-05-26T10:41:07.835Z","0","[]",,"success","true","Search Associates, LinkedIn","https://www.britishschool.g12.br/careers","British School Rio de Janeiro","1059187","the-british-school-rio-de-janeiro-botafogo-campus-1059187","{""devices"":[""Mixed Devices""],""suite"":[],""lms"":[]}","Allowance","1789148314021","0","FLIS0183","Non-Profit","https://www.britishschool.g12.br/careers","135","Non-Profit","true",,,"false","{""_nanoseconds"":358000000,""_seconds"":1788076593}",,"2026-08-30T07:56:33.355Z","BRL","2025/2026","17500","STRONG_MARKET_EVIDENCE","High","2026-09-25T07:25:58.682Z","17500","https://www.britishschool.g12.br","2026-09-25T12:18:17.168Z"
"FLIS0184","8.2","Brazil","20","Sao Paulo","Highly Regarded","7.9","1:9","NEASC","8.8","American non-profit; exceptional tenure/savings.","8.5","6.5","9.0","Provided","1:1 Mac","US/IB","190","Graded School Sao Paulo","8.0","20%","Full Private",,"$4,650.00","NEASC","LFI","Independent","6.5","2026-05-26T10:41:07.835Z","0","[]",,"success","true","Search Associates, ISS","https://www.graded.br/employment","Graded School Sao Paulo",,,"{""devices"":[""Apple Mac""],""suite"":[""Apple Ecosystem""],""lms"":[]}","Fully furnished housing provided + utilities allowance","2026-09-25T12:29:24.933Z","1","FLIS0184","Non-Profit","https://www.graded.br/employment","177","Non-Profit","true",,,"false","{""_seconds"":1790357993,""_nanoseconds"":823000000}","{""schoolId"":""FLIS0184"",""schoolName"":""Graded School Sao Paulo"",""category"":""LOW_TURNOVER"",""statusLabel"":""Low Turnover (Stable)"",""isUpdating"":false,""lastScrapedAt"":""2026-09-25T17:39:45.295Z"",""metrics"":{""estimatedStaffBase"":177,""totalKnownVacancies"":1,""estimatedChurnRatePercent"":1,""leadershipVacanciesCount"":1,""secondaryVacanciesCount"":0,""primaryVacanciesCount"":0,""riskRating"":""LOW"",""leadershipChurnRatioPercent"":25,""averageYearlyTesAdverts"":1},""scrapedJobsList"":[""High School Principal (Posted: Sep 24, 2026; Closes: Oct 21, 2026) - Search Associates""],""vacancies_discovered"":[{""title"":""High School Principal"",""department"":""Leadership"",""source"":""Search Associates"",""source_url"":""https://www.graded-school-sao-paulo.com"",""date_listed"":""Sep 24, 2026"",""date_closing"":""Oct 21, 2026"",""status"":""OPEN"",""recruitmentCycle"":""CURRENT""}],""structured_vacancies"":[{""title"":""High School Principal"",""department"":""Leadership"",""source"":""Search Associates"",""source_url"":""https://www.graded-school-sao-paulo.com"",""date_listed"":""Sep 24, 2026"",""date_closing"":""Oct 21, 2026"",""status"":""OPEN"",""recruitmentCycle"":""CURRENT""}],""total_known_vacancies"":1,""estimated_churn_percentage"":1,""leadership_vacancies_count"":1,""secondary_vacancies_count"":0,""primary_vacancies_count"":0,""leopardfishIntelAlert"":""Leopardfish Multi-Engine Audit: Stable retention pattern with 1 active vacancies detected across TES, GRC Search, and official school portals."",""churn_implications_commentary"":""Leopardfish Multi-Engine Audit: Stable retention pattern with 1 active vacancies detected across TES, GRC Search, and official school portals."",""senior_leadership_churn_percentage"":25}","2026-09-25T17:39:45.295Z","BRL","2025/2026","20000","STRONG_MARKET_EVIDENCE","High","2026-09-25T10:42:30.656Z","14800","https://www.graded.br","2026-09-25T12:18:17.168Z"
"FLIS0185","6.8","Argentina","25","B. Aires","Respectable","7.3","1:11","CIS","8.2","Bilingual legacy; economic volatility impacts.","7.8","6.5","6.4","None","Google","UK/IB","125","Northlands School Argentina","7.5","18%","State/Priv",,"$3,150.00","CIS","LFI","Foundation","6.5","2026-05-26T10:41:07.835Z","0","[]",,"success","true","Search Associates, LinkedIn","https://www.northlands.edu.ar/en/job-opportunities/","Northlands School Argentina",,,"{""devices"":[],""suite"":[""Google Workspace""],""lms"":[]}","Furnished accommodation provided + housing & relocation support","2026-09-25T12:29:24.933Z","2","FLIS0185","Non-Profit","https://www.northlands.edu.ar/en/job-opportunities/","110","Non-Profit","true",,,"false","{""_seconds"":1788173383,""_nanoseconds"":973000000}","{""schoolId"":""FLIS0199"",""schoolName"":""Northlands School Argentina"",""category"":""INSIGHT_UNAVAILABLE"",""statusLabel"":""Low Turnover (Stable)"",""isUpdating"":false,""lastScrapedAt"":""2026-08-31T10:49:43.964Z"",""metrics"":{""estimatedStaffBase"":""110"",""totalKnownVacancies"":0,""estimatedChurnRatePercent"":0,""leadershipVacanciesCount"":0,""secondaryVacanciesCount"":0,""primaryVacanciesCount"":0,""riskRating"":""INSIGHT_UNAVAILABLE"",""leadershipChurnRatioPercent"":0,""averageYearlyTesAdverts"":0},""scrapedJobsList"":[],""vacancies_discovered"":[],""structured_vacancies"":[],""total_known_vacancies"":0,""estimated_churn_percentage"":0,""leadership_vacancies_count"":0,""secondary_vacancies_count"":0,""primary_vacancies_count"":0,""leopardfishIntelAlert"":""No active public vacancies have been detected for this institution within the current 12-month recruitment cycle. This indicates either an exceptionally high staff retention profile or the utilization of localized, non-indexed internal application portals. Quantitative stability metrics cannot be calculated at this time."",""churn_implications_commentary"":""No active public vacancies have been detected for this institution within the current 12-month recruitment cycle. This indicates either an exceptionally high staff retention profile or the utilization of localized, non-indexed internal application portals. Quantitative stability metrics cannot be calculated at this time."",""senior_leadership_churn_percentage"":0,""staffroom_commentary"":""No active public vacancies have been detected for this institution within the current 12-month recruitment cycle. This indicates either an exceptionally high staff retention profile or the utilization of localized, non-indexed internal application portals. Quantitative stability metrics cannot be calculated at this time.""}","2026-08-31T10:49:43.964Z","USD","2025/2026","2200","MODELLED_ESTIMATE","Medium","2026-09-25T08:16:33.052Z","2200","https://www.northlands.edu.ar","2026-09-25T12:18:17.168Z"
"FLIS0186","8.8","Peru","22","Lima","Highly Regarded","8.0","1:11","CIS","8.5","Leading bilingual; strong non-profit heritage.","8.0","7.0","8.8","Consolidated Allowance (Included in Base Salary)","1:1 iPad","UK/IB","175","Markham College Peru","7.5","20%","Private",,"$4,166 - $5,000","CIS","LFI","Trust","7.0","2026-05-26T10:41:07.835Z","0","[]",,"success","true","Search Associates, LinkedIn","https://www.markham.edu.pe/careers","Markham College Peru","1057093","markham-college-1057093","{""devices"":[""Apple iPad""],""suite"":[""Apple Ecosystem""],""lms"":[]}","Consolidated Allowance","2026-09-26T06:10:30.811Z","1","FLIS0186","Non-Profit","https://www.markham.edu.pe/careers","160","Non-Profit","true",,,"false","{""_seconds"":1789800224,""_nanoseconds"":641000000}","{""schoolId"":""FLIS0200"",""schoolName"":""Markham College Peru"",""category"":""LOW_TURNOVER"",""statusLabel"":""Low Turnover (Stable)"",""isUpdating"":false,""lastScrapedAt"":""2026-09-19T06:43:02.199Z"",""metrics"":{""estimatedStaffBase"":160,""totalKnownVacancies"":3,""estimatedChurnRatePercent"":2,""leadershipVacanciesCount"":0,""secondaryVacanciesCount"":2,""primaryVacanciesCount"":1,""riskRating"":""LOW"",""leadershipChurnRatioPercent"":0,""averageYearlyTesAdverts"":3},""scrapedJobsList"":[""Head of Design & Technology - February 2027 (Posted: Recently; Closes: 2026-09-17) - TES"",""Head of Biology (Possible Environmental Systems & Societies (Posted: 2026-07-25T13:30:00.000Z; Closes: 2026-09-16) - TES"",""Head of Biology (Posted: Recently; Closes: [object Object]) - TES"",""Head of Design & Technology - February 2027 (Posted: Recently; Closes: [object Object]) - TES"",""Early Years Teacher - February 2027 (Posted: Recently; Closes: Rolling) - TES"",""Head of Biology (Possible Environmental Systems & Societies (Posted: Recently; Closes: [object Object]) - TES""],""vacancies_discovered"":[{""title"":""Head of Design & Technology - February 2027"",""department"":""Secondary"",""source"":""TES"",""source_url"":""https://www.markham-college-peru.com"",""date_listed"":""Recently"",""date_closing"":""[object Object]"",""status"":""OPEN"",""recruitmentCycle"":""CURRENT""},{""title"":""Head of Biology"",""department"":""Secondary"",""source"":""TES"",""source_url"":""https://www.markham-college-peru.com"",""date_listed"":""Recently"",""date_closing"":""[object Object]"",""status"":""OPEN"",""recruitmentCycle"":""CURRENT""},{""title"":""Early Years Teacher - February 2027"",""department"":""Primary"",""source"":""TES"",""source_url"":""https://www.markham-college-peru.com"",""date_listed"":""Recently"",""date_closing"":""Rolling"",""status"":""OPEN"",""recruitmentCycle"":""CURRENT""}],""structured_vacancies"":[{""title"":""Head of Design & Technology - February 2027"",""department"":""Secondary"",""source"":""TES"",""source_url"":""https://www.markham-college-peru.com"",""date_listed"":""Recently"",""date_closing"":""[object Object]"",""status"":""OPEN"",""recruitmentCycle"":""CURRENT""},{""title"":""Head of Biology"",""department"":""Secondary"",""source"":""TES"",""source_url"":""https://www.markham-college-peru.com"",""date_listed"":""Recently"",""date_closing"":""[object Object]"",""status"":""OPEN"",""recruitmentCycle"":""CURRENT""},{""title"":""Early Years Teacher - February 2027"",""department"":""Primary"",""source"":""TES"",""source_url"":""https://www.markham-college-peru.com"",""date_listed"":""Recently"",""date_closing"":""Rolling"",""status"":""OPEN"",""recruitmentCycle"":""CURRENT""}],""total_known_vacancies"":3,""estimated_churn_percentage"":2,""leadership_vacancies_count"":0,""secondary_vacancies_count"":2,""primary_vacancies_count"":1,""leopardfishIntelAlert"":""Leopardfish Multi-Engine Audit: Stable retention pattern with 3 active vacancies detected across TES, GRC Search, and official school portals."",""churn_implications_commentary"":""Leopardfish Multi-Engine Audit: Stable retention pattern with 3 active vacancies detected across TES, GRC Search, and official school portals."",""senior_leadership_churn_percentage"":0}","2026-09-19T06:43:02.199Z","USD","2025/2026","3333","STRONG_MARKET_EVIDENCE","High","2026-09-25T07:25:58.682Z","3333","https://www.markham.edu.pe","2026-09-25T12:18:17.168Z"
"FLIS0187","8.4","Oman","Avg 20; Max 22","Muscat","Highly Regarded","8.6","1:7","CIS, NEASC, IBO","8.6","Elite British International","8.2","9.3","9.0","Provided","Google Suite, Seesaw, 1:1 Device Program","IB (PYP, MYP, DP)","140","Sultans School","8.8","20%","Excellent health and dental",,"$50k - $70k USD (Net)","CIS / NEASC Accreditation","LFI","Association of Parents - Board","9.3","2026-05-26T10:41:07.835Z","0","[]",,"success","true","Teacher Horizons, LinkedIn","https://sultansschool.org/careers/","Sultans School","1054897","the-sultan-s-school-1054897","{""devices"":[""Mixed Devices""],""suite"":[""Google Workspace""],""lms"":[""Seesaw""]}","Provided","1789148314021","0","FLIS0187","Not-for-profit / Charity","https://sultansschool.org/careers/","140","Not-for-profit / Charity","true","2026-09-17T06:57:13.502Z","1789628233502","false","{""_nanoseconds"":813000000,""_seconds"":1788076591}",,"2026-08-30T07:56:31.811Z","OMR","2025/2026","1458","MODELLED_ESTIMATE","Medium","2026-09-25T07:25:58.682Z","1458","https://sultansschool.org","2026-09-25T12:18:17.168Z"
"FLIS0188","7.5","Czechia","20","Prague","Leading","8.0","1:10","IB / BSO","8.6","Highly Regarded British","8.4","9.5","8.2","Not Included","G-Suite / MB","IGCSE / IB DP","105","Parklane International School","7.4","20","VZP+",,"$2,490","BSO","Verified","Private","9.5","2026-05-26T10:41:07.835Z","0","[]",,"success","true","Teacher Horizons, Prace.cz, LinkedIn","https://www.parklane-is.com/careers","Parklane International School","1071241","park-lane-international-school-1071241","{""devices"":[""Apple Mac""],""suite"":[""Google Workspace""],""lms"":[""ManageBac"",""Veracross""]}","Not Included","1789148314021","0","FLIS0188","For-Profit","https://www.parklane-is.com/careers","95","For-Profit","true",,,"false","{""_seconds"":1788188809,""_nanoseconds"":804000000}","{""schoolId"":""FLIS0202"",""schoolName"":""Parklane International School"",""category"":""MODERATE_TURNOVER"",""statusLabel"":""Moderate Turnover (Healthy)"",""isUpdating"":false,""lastScrapedAt"":""2026-08-31T15:06:46.497Z"",""metrics"":{""estimatedStaffBase"":""95"",""totalKnownVacancies"":10,""estimatedChurnRatePercent"":11,""leadershipVacanciesCount"":1,""secondaryVacanciesCount"":6,""primaryVacanciesCount"":3,""riskRating"":""MODERATE"",""leadershipChurnRatioPercent"":0,""averageYearlyTesAdverts"":10},""scrapedJobsList"":[""Early Years / Preschool Practitioner - Schrole"",""Head of Middle School - TES"",""Key Stage One Primary School Class Teacher - TES"",""KS3 / IGCSE Mathematics Teacher - TES"",""Primary PE Specialist Teacher - TES"",""Secondary English as an Additional Language - TES"",""Teacher of Art & Design - TES"",""Teacher of English - TES Jobs Archive"",""Teacher of Science - TES"",""University and Careers Advisor - TES""],""vacancies_discovered"":[{""title"":""Early Years / Preschool Practitioner"",""department"":""Primary"",""source"":""Schrole"",""source_url"":""https://www.parklane-is.cz"",""date_listed"":""Recently"",""date_closing"":null,""status"":""OPEN"",""recruitmentCycle"":""CURRENT""},{""title"":""Head of Middle School"",""department"":""Leadership"",""source"":""TES"",""source_url"":""https://www.parklane-is.cz"",""date_listed"":""Recently"",""date_closing"":null,""status"":""OPEN"",""recruitmentCycle"":""CURRENT""},{""title"":""Key Stage One Primary School Class Teacher"",""department"":""Primary"",""source"":""TES"",""source_url"":""https://www.parklane-is.cz"",""date_listed"":""Recently"",""date_closing"":null,""status"":""OPEN"",""recruitmentCycle"":""CURRENT""},{""title"":""KS3 / IGCSE Mathematics Teacher"",""department"":""Secondary"",""source"":""TES"",""source_url"":""https://www.parklane-is.cz"",""date_listed"":""Recently"",""date_closing"":null,""status"":""OPEN"",""recruitmentCycle"":""CURRENT""},{""title"":""Primary PE Specialist Teacher"",""department"":""Primary"",""source"":""TES"",""source_url"":""https://www.parklane-is.cz"",""date_listed"":""Recently"",""date_closing"":null,""status"":""OPEN"",""recruitmentCycle"":""CURRENT""},{""title"":""Secondary English as an Additional Language"",""department"":""Secondary"",""source"":""TES"",""source_url"":""https://www.parklane-is.cz"",""date_listed"":""Recently"",""date_closing"":null,""status"":""OPEN"",""recruitmentCycle"":""CURRENT""},{""title"":""Teacher of Art & Design"",""department"":""Secondary"",""source"":""TES"",""source_url"":""https://www.parklane-is.cz"",""date_listed"":""Recently"",""date_closing"":null,""status"":""OPEN"",""recruitmentCycle"":""CURRENT""},{""title"":""Teacher of Science"",""department"":""Secondary"",""source"":""TES"",""source_url"":""https://www.parklane-is.cz"",""date_listed"":""Recently"",""date_closing"":null,""status"":""OPEN"",""recruitmentCycle"":""CURRENT""},{""title"":""University and Careers Advisor"",""department"":""Secondary"",""source"":""TES"",""source_url"":""https://www.parklane-is.cz"",""date_listed"":""Recently"",""date_closing"":null,""status"":""OPEN"",""recruitmentCycle"":""CURRENT""},{""title"":""Teacher of English"",""department"":""Secondary"",""source"":""TES Jobs Archive"",""source_url"":""https://www.parklane-is.cz"",""date_listed"":""Recently"",""date_closing"":null,""status"":""CLOSED"",""recruitmentCycle"":""CURRENT""}],""structured_vacancies"":[{""title"":""Early Years / Preschool Practitioner"",""department"":""Primary"",""source"":""Schrole"",""source_url"":""https://www.parklane-is.cz"",""date_listed"":""Recently"",""date_closing"":null,""status"":""OPEN"",""recruitmentCycle"":""CURRENT""},{""title"":""Head of Middle School"",""department"":""Leadership"",""source"":""TES"",""source_url"":""https://www.parklane-is.cz"",""date_listed"":""Recently"",""date_closing"":null,""status"":""OPEN"",""recruitmentCycle"":""CURRENT""},{""title"":""Key Stage One Primary School Class Teacher"",""department"":""Primary"",""source"":""TES"",""source_url"":""https://www.parklane-is.cz"",""date_listed"":""Recently"",""date_closing"":null,""status"":""OPEN"",""recruitmentCycle"":""CURRENT""},{""title"":""KS3 / IGCSE Mathematics Teacher"",""department"":""Secondary"",""source"":""TES"",""source_url"":""https://www.parklane-is.cz"",""date_listed"":""Recently"",""date_closing"":null,""status"":""OPEN"",""recruitmentCycle"":""CURRENT""},{""title"":""Primary PE Specialist Teacher"",""department"":""Primary"",""source"":""TES"",""source_url"":""https://www.parklane-is.cz"",""date_listed"":""Recently"",""date_closing"":null,""status"":""OPEN"",""recruitmentCycle"":""CURRENT""},{""title"":""Secondary English as an Additional Language"",""department"":""Secondary"",""source"":""TES"",""source_url"":""https://www.parklane-is.cz"",""date_listed"":""Recently"",""date_closing"":null,""status"":""OPEN"",""recruitmentCycle"":""CURRENT""},{""title"":""Teacher of Art & Design"",""department"":""Secondary"",""source"":""TES"",""source_url"":""https://www.parklane-is.cz"",""date_listed"":""Recently"",""date_closing"":null,""status"":""OPEN"",""recruitmentCycle"":""CURRENT""},{""title"":""Teacher of Science"",""department"":""Secondary"",""source"":""TES"",""source_url"":""https://www.parklane-is.cz"",""date_listed"":""Recently"",""date_closing"":null,""status"":""OPEN"",""recruitmentCycle"":""CURRENT""},{""title"":""University and Careers Advisor"",""department"":""Secondary"",""source"":""TES"",""source_url"":""https://www.parklane-is.cz"",""date_listed"":""Recently"",""date_closing"":null,""status"":""OPEN"",""recruitmentCycle"":""CURRENT""},{""title"":""Teacher of English"",""department"":""Secondary"",""source"":""TES Jobs Archive"",""source_url"":""https://www.parklane-is.cz"",""date_listed"":""Recently"",""date_closing"":null,""status"":""CLOSED"",""recruitmentCycle"":""CURRENT""}],""total_known_vacancies"":10,""estimated_churn_percentage"":11,""leadership_vacancies_count"":1,""secondary_vacancies_count"":6,""primary_vacancies_count"":3,""leopardfishIntelAlert"":""Parklane seems to have a pretty settled teaching staff at the moment, though there's a bit of movement in the leadership team with a couple of new headship and senior appointments over the last year. Across the rest of the school, we've spotted about seven secondary roles and two primary classroom positions advertised. With eleven vacancies in total, that's about a 13.8% turnover rate, which is completely normal for an international school as standard two-year contracts come to an end. It looks like they're mostly using TES to find their new classroom teachers."",""churn_implications_commentary"":""Parklane seems to have a pretty settled teaching staff at the moment, though there's a bit of movement in the leadership team with a couple of new headship and senior appointments over the last year. Across the rest of the school, we've spotted about seven secondary roles and two primary classroom positions advertised. With eleven vacancies in total, that's about a 13.8% turnover rate, which is completely normal for an international school as standard two-year contracts come to an end. It looks like they're mostly using TES to find their new classroom teachers."",""senior_leadership_churn_percentage"":0}","2026-08-31T15:06:46.497Z","CZK","2025/2026","62000","STRONG_MARKET_EVIDENCE","High","2026-09-25T08:16:33.052Z","62000","https://www.parklane-is.com","2026-09-25T12:18:17.168Z"
"FLIS0189","9.4","Oman","Avg 22; Max 24","Muscat","Highly Regarded","9.5","1:9","CIS, BSME","8.1","Flagship non-profit full IB continuum school in Muscat situated on a brand new state-of-the-art Madinat Al Irfan campus.","7.5","9.3","8.5","Provided furnished apartment/villa or allowance","HPL (High Performance Learning), Smart boards","Cambridge (iGCSE), Omani Ministry, IBDP","110","American British Academy","8.5","20%","Worldwide Comprehensive Medical",,"OMR 1,500 - 2,200 / month","CIS / Ministry of Education","LFI","Royal Patronage","9.3","2026-05-26T10:41:07.836Z","0","[]",,"success","true","Search Associates, Schrole, Teacher Horizons, CIS / ISS","https://www.abaoman.org/join-our-team","ABA Oman International School",,,,"Comfortable furnished housing provided","1789148314021","1","FLIS0189","Private / Not-for-Profit model","https://www.abaoman.org/community/careers","110","Private / Not-for-Profit model","true","2026-09-17T06:57:13.662Z","1789628233662","false","{""_nanoseconds"":169000000,""_seconds"":1788076589}",,"2026-08-30T07:56:29.166Z","OMR","2025/2026","1583","STRONG_MARKET_EVIDENCE","High","2026-09-25T08:16:33.052Z","1583","https://www.abaoman.org","2026-09-25T12:18:17.168Z"
"FLIS0190","5.5","Austria","12","St. Gilgen","7.5","7.5","1:5","CIS","8.1","IB World School in St. Gilgen operating under the Cognita Group in partnership with the local non-profit foundation (St. Gilgen International School Privatstiftung).","8.3","8.3","9.5","Full Room & Board for Boarding Staff / Allowances for Select Day Hires","Mixed LMS","IB","55","St. Gilgen International School","7.4","20%","Full coverage under Austrian statutory health insurance (ÖGK), accident insurance, and public pension contributions.",,"€40,000 - €45,000","Cognita",,"Cognita","8.3","2026-05-26T10:41:49.009Z","0","[]",,"success","true","Search Associates, Schrole, LinkedIn, Karriere.at","https://www.stgis.at/careers","St. Gilgen International School","1057170","st-gilgen-international-school-1057170","{""devices"":[""Mixed Devices""],""suite"":[],""lms"":[]}","Full room and board (on-campus apartment and meals) are provided for residential Houseparents, Boarding Assistants, and Mentors. Assistance and optional allowances apply to select day-school hires.","1790193420261","0","FLIS0190","Private / Cognita Group","https://www.schrole.com/schools/st-gilgen-international-school","55","Private / Cognita Group","true",,,"false","{""_nanoseconds"":832000000,""_seconds"":1788076599}",,"2026-08-30T07:56:39.830Z","EUR","2025/2026","2800","STRONG_MARKET_EVIDENCE","High","2026-09-25T08:16:33.052Z","2800","https://www.stgis.at","2026-09-25T12:18:17.168Z"
"FLIS0191","7.2","Austria","16","Vienna","7.8","7.8","1:9","IB DP, ACSI, MSA, Öffentlichkeitsrecht","7.9","US curriculum school in Vienna, Non-Profit, with 1:9 ratio and Mixed LMS.","7.8","7.9","9.4","Housing Assistance & Relocation Recruiter Support","Mixed LMS","US Common Core & IB DP","45","International Christian School of Vienna","8.0","20%","Yes",,"$4,000","ACSI / MSA",,"Non-Profit Independent Christian Board","7.9","2026-05-26T10:41:49.009Z","2","[{""title"":""Athletic Director"",""url"":""https://www.icsv.at/employment/vacancies/athletic-director"",""type"":""Full-Time / Part-Time"",""schoolYear"":""2027-2028"",""postedDate"":""2026-09-05T13:14:51.064Z""},{""title"":""Physical Education Teacher"",""url"":""https://www.icsv.at/employment/vacancies/physical-education"",""type"":""Full-Time / Part-Time"",""schoolYear"":""2027-2028"",""postedDate"":""2026-09-05T13:14:51.065Z""}]",,"success","true","Schrole, Teacher Horizons, LinkedIn, ACSI Jobs","https://www.icsv.at/vacancies","International Christian School of Vienna",,,"{""devices"":[""Mixed Devices""],""suite"":[],""lms"":[]}","Housing Assistance & Relocation Recruiter Support","1790193420261","0","FLIS0191","Non-Profit","https://www.icsv.at/vacancies","38","Non-Profit","true",,,"false","{""_nanoseconds"":98000000,""_seconds"":1788076694}",,"2026-08-30T07:58:14.097Z","EUR","2025/2026","2350","MODELLED_ESTIMATE","Medium","2026-09-25T11:08:43.859Z","2350","https://www.icsv.at","2026-09-25T12:18:17.168Z"
"FLIS0192","6.8","Austria","18","Velden","7.4","7.6","1:8","IB World","7.5","IB curriculum school in Velden, Non-Profit, with 1:8 ratio and Mixed LMS.","7.5","8.2","9.2","No","Mixed LMS","IB","38","International School Carinthia","7.9","22%","Yes",,"$3,875","Association",,"Non-Profit","8.2","2026-05-26T10:41:49.009Z","0","[]",,"success","true","Karriere.at, LinkedIn, Search Associates","https://isc.ac.at/we-are-isc/career/","International School Carinthia",,,"{""devices"":[""Mixed Devices""],""suite"":[],""lms"":[]}","No","1790193420261","1","FLIS0192","Yes","https://isc.ac.at/we-are-isc/career/","32","Yes","true",,,"false","{""_nanoseconds"":214000000,""_seconds"":1788076692}",,"2026-08-30T07:58:12.213Z","EUR","2025/2026","2400","MODELLED_ESTIMATE","Medium","2026-09-25T08:16:33.052Z","2400","https://isc.ac.at/we-are-isc/career/","2026-09-25T12:18:17.168Z"
"FLIS0193","8.5","Austria","20","Innsbruck","7.8","7.8","1:10","IB","7.4","IB curriculum school in Innsbruck, Public, with 1:10 ratio and Mixed LMS.","7.2","7.9","8.7","No","Mixed LMS","IB","85","International School Innsbruck","8.1","25%","Yes",,"$4,250","State",,"Public","7.9","2026-05-26T10:41:49.009Z","0","[]",,"success","true","Karriere.at, Tirol.gv.at Job Portal, LinkedIn","https://www.innsbruck-iis.at","International School Innsbruck",,,"{""devices"":[""Mixed Devices""],""suite"":[],""lms"":[]}","No","1790193420261","0","FLIS0193","Yes","https://www.innsbruck-iis.at","80","Yes","true",,,"false","{""_nanoseconds"":96000000,""_seconds"":1788076591}",,"2026-08-30T07:56:31.095Z","EUR","2025/2026","2400","MODELLED_ESTIMATE","Medium","2026-09-25T08:16:33.052Z","2400","https://www.innsbruck-iis.at","2026-09-25T12:18:17.168Z"
"FLIS0194","8.5","Austria","18","St. Pölten","7.6","7.6","1:11","IB","7.2","IB curriculum school in St. Pölten, Public, with 1:11 ratio and Mixed LMS.","7.0","7.4","8.5","Yes","Mixed LMS","IB","26","Lower Austrian International School","7.8","24%","Yes",,"$4,208","State",,"Public","7.4","2026-05-26T10:41:49.009Z","0","[]",,"success","true","Karriere.at, LinkedIn","https://www.lais.at","Lower Austrian International School",,,"{""devices"":[""Mixed Devices""],""suite"":[],""lms"":[]}","Yes","2026-09-26T06:49:31.214Z","1","FLIS0194","Yes","https://www.lais.at","22","Yes","true",,,"false","{""_nanoseconds"":684000000,""_seconds"":1788076584}",,"2026-08-30T07:56:24.682Z","EUR","2025/2026","2300","MODELLED_ESTIMATE","Medium","2026-09-25T08:16:33.052Z","2300","https://www.lais.at","2026-09-25T12:18:17.168Z"
"FLIS0195","8.8","Austria","15","Linz","8.2","8.1","1:11","IB","8.2","IB curriculum school in Linz, Public, with 1:11 ratio and Mixed LMS.","7.9","7.7","9.5","No","Mixed LMS","IB","48","Linz International School Auhof (LISA)","8.0","25%","Yes",,"$4,208","State",,"Public","7.7","2026-05-26T10:41:49.009Z","0","[]",,"success","true","Karriere.at, Oberösterreich Bildungsdirektion Portal","https://lisa.europagym.at/careers-lisa/","Linz International School Auhof (LISA)",,,"{""devices"":[""Mixed Devices""],""suite"":[],""lms"":[]}","No","1789148314021","0","FLIS0195","Yes","https://lisa.europagym.at/careers-lisa/","42","Yes","true",,,"false","{""_nanoseconds"":258000000,""_seconds"":1788076584}",,"2026-08-30T07:56:24.256Z","EUR","2025/2026","2450","MODELLED_ESTIMATE","Medium","2026-09-25T08:16:33.052Z","2450","https://lisa.europagym.at","2026-09-25T12:18:17.168Z"
"FLIS0196","8.6","Austria","18","Salzburg","8.1","8.1","1:10","IB","8.0","IB curriculum school in Salzburg, Public, with 1:10 ratio and Mixed LMS.","7.6","8.1","9.3","No","Mixed LMS","IB","40","SALIS - Salzburg International School","8.1","25%","Yes",,"$4,208","State",,"Public","8.1","2026-05-26T10:41:49.009Z","0","[]",,"success","true","Karriere.at, LinkedIn","https://salis.salzburg.at","SALIS - Salzburg International School",,,"{""devices"":[""Mixed Devices""],""suite"":[],""lms"":[]}","No","1789148314021","0","FLIS0196","Yes","https://salis.salzburg.at","35","Yes","true",,,"false","{""_nanoseconds"":795000000,""_seconds"":1788076587}",,"2026-08-30T07:56:27.793Z","EUR","2025/2026","2400","MODELLED_ESTIMATE","Medium","2026-09-25T08:16:33.052Z","2400","https://salis.salzburg.at","2026-09-25T12:18:17.168Z"
"FLIS0197","5.2","Austria","12","Krumbach","7","7.3","1:5","IB World","7.8","UK curriculum school in Krumbach, For-Profit, with 1:5 ratio and Mixed LMS.","8.2","8.5","9.1","Yes","Mixed LMS","UK, IBDP","25","Schloss Krumbach International School","6.9","18%","Yes",,"$3,666","Private",,"For-Profit","8.5","2026-05-26T10:41:49.009Z","0","[]",,"success","true","Join.com, Karriere.at, LinkedIn","https://join.com/companies/krumbach","Schloss Krumbach International School",,,"{""devices"":[""Mixed Devices""],""suite"":[],""lms"":[]}","Yes","1789148314021","0","FLIS0197","Yes","https://join.com/companies/krumbach","20","Yes","true",,,"false","{""_nanoseconds"":267000000,""_seconds"":1788076590}",,"2026-08-30T07:56:30.266Z","EUR","2025/2026","2500","MODELLED_ESTIMATE","Medium","2026-09-25T08:16:33.052Z","2500","https://join.com/companies/krumbach","2026-09-25T12:18:17.168Z"
"FLIS0198","7.0","Austria","21","Vienna","8.2","8.1","1:9","IB World","8.8","IB curriculum school in Vienna, Non-Profit, with 1:9 ratio and Mixed LMS.","8.8","7.9","9.7","€1,000 Arrival Stipend + Interest-Free Setup Loan","Mixed LMS","IB","162","Vienna International School","8.2","23%","Full coverage under Austrian statutory health insurance (ÖGK), accident insurance, and public pension contributions (Deductions ~40%-45% gross).",,"€67,200 - €94,794 gross/yr (14-Month Payroll Scale)","Association",,"Non-Profit Independent (UN / IAEA / CTBTO Associated)","7.9","2026-05-26T10:41:49.009Z","0","[]",,"success","true","Schrole, Search Associates, School Website, UN Job List","https://www.vis.ac.at/work-at-vis/current-vacancies","Vienna International School","1270224","vienna-international-school-1270224","{""devices"":[""Mixed Devices""],""suite"":[],""lms"":[]}","€1,000 one-off arrival housing stipend + Up to €4,400 interest-free setup loan (repayable over 10 monthly payroll deductions).","1789148314021","0","FLIS0198","Non-Profit","https://www.vis.ac.at/working-at-vis","145","Non-Profit","true",,,"false","{""_nanoseconds"":175000000,""_seconds"":1788076590}",,"2026-08-30T07:56:30.173Z","EUR","2025/2026","4167","STRONG_MARKET_EVIDENCE","High","2026-09-25T07:25:58.683Z","4167","https://www.vis.ac.at/work-at-vis/current-vacancies","2026-09-25T12:18:17.168Z"
"FLIS0199","7.5","Bahrain","25","Manama","7.6","7.6","1:12","Ministry","7.6","US / IB curriculum school in Manama, For-Profit, with 1:12 ratio and Google LMS.","7.4","8.5","9.2","Yes","Google LMS","UK/ IB","92","Arabian Pearl Gulf School","7.0","15%","Yes",,"$2,833","Private",,"For-Profit","8.5","2026-05-26T10:41:49.009Z","0","[]",,"success","true","LinkedIn, Gulf Talent","https://apgschool.com/careers/","Arabian Pearl Gulf School",,,"{""devices"":[],""suite"":[""Google Workspace""],""lms"":[]}","Yes","2026-09-25T12:29:24.933Z","1","FLIS0199","Yes","https://apgschool.com/careers/","85","Yes","true","2026-09-17T06:57:13.810Z","1789628233810","false","{""_nanoseconds"":4000000,""_seconds"":1788076586}",,"2026-08-30T07:56:26.002Z","BHD","2025/2026","1150","MODELLED_ESTIMATE","Medium","2026-09-25T08:16:33.052Z","1150","https://apgschool.com","2026-09-25T12:18:17.168Z"
"FLIS0200","8.8","Bahrain","20","Manama","8.3","8.3","1:9","CIS","8.4","US / IB curriculum school in Manama, For-Profit, with 1:9 ratio and Google LMS.","8.6","8.5","9.5","Yes","Google LMS","US / IB","82","American School of Bahrain","7.3","20%","Yes",,"$4,000","Esol Education",,"For-Profit","8.5","2026-05-26T10:41:49.009Z","0","[]",,"success","true","Emerge Education Portal, Search Associates, LinkedIn, Gulf Talent","https://www.asb.bh/about/careers","American School of Bahrain",,,"{""devices"":[],""suite"":[""Google Workspace""],""lms"":[]}","Yes","2026-09-26T06:49:31.214Z","1","FLIS0200","Yes","https://www.asb.bh/about/careers","75","Yes","true","2026-09-17T06:57:13.968Z","1789628233968","false","{""_nanoseconds"":478000000,""_seconds"":1788076585}",,"2026-08-30T07:56:25.475Z","BHD","2025/2026","1542","MODELLED_ESTIMATE","Medium","2026-09-25T07:25:58.683Z","1542","https://www.asb.bh","2026-09-25T12:18:17.168Z"
"FLIS0201","8.5","Bahrain","22","Juffair","8.1","8.1","1:9","Ministry","8.2","US / IB curriculum school in Juffair, Non-Profit, with 1:9 ratio and Microsoft LMS.","8.0","8.5","9.4","No","Microsoft LMS","US / IB","120","Bahrain Bayan School","7.5","20%","Yes",,"$3,666","Board",,"Non-Profit","8.5","2026-05-26T10:41:49.009Z","0","[]",,"success","true","Search Associates, Schrole, LinkedIn, Gulf Talent","https://www.bayanschool.edu.bh/page/view/92","Bahrain Bayan School","1075886","bahrain-bayan-school-1075886","{""devices"":[""Microsoft PC""],""suite"":[""Microsoft 365""],""lms"":[]}","No","1789148314021","0","FLIS0201","Yes","https://www.bayanschool.edu.bh/page/view/92","110","Yes","true","2026-09-17T06:57:14.115Z","1789628234115","false","{""_nanoseconds"":442000000,""_seconds"":1788076683}",,"2026-08-30T07:58:03.440Z","BHD","2025/2026","1450","STRONG_MARKET_EVIDENCE","High","2026-09-25T08:16:33.052Z","1450","https://www.bayanschool.edu.bh/page/view/92","2026-09-25T12:18:17.168Z"
"FLIS0202","7.8","Costa Rica","18","San José","Highly Regarded","8.2","1:8","CIS","8.2","IB World School in Santa Ana, Costa Rica, Non-Profit, offering the International Baccalaureate Diploma Programme.","8.2","8.5","9.3","Provided","Google LMS","IB","50","UWC Costa Rica","7.6","22%","Yes",,"$3,800.00","Board",,"UWC","8.5","2026-08-31T14:50:39.123Z","0","[]",,"success","true","Search Associates, Schrole, ISS, LinkedIn","https://uwccostarica.org/work-with-us/","UWC Costa Rica",,,"{""devices"":[],""suite"":[""Google Workspace""],""lms"":[]}","Provided","2026-09-26T06:49:31.214Z","1","FLIS0202","Yes","https://uwccostarica.org/work-with-us/","45","Yes","true",,,"false","{""_nanoseconds"":733000000,""_seconds"":1788327327}",,"2026-09-02T05:35:27.453Z","USD","2025/2026","2400","STRONG_MARKET_EVIDENCE","High","2026-09-25T08:16:33.052Z","2400","https://uwccostarica.org","2026-09-25T12:18:17.168Z"
"FLIS0203","8.0","Bahrain","22","Riffa","7.9","7.9","1:10","CIS","8.0","IB curriculum school in Riffa, For-Profit, with 1:10 ratio and Google LMS.","7.8","8.5","9.2","Yes","Google LMS","IB","105","Naseem International School","7.2","18%","Yes",,"$3,166","Private",,"For-Profit","8.5","2026-05-26T10:41:49.009Z","0","[]",,"success","true","Teacher Horizons, LinkedIn, Gulf Talent","https://nisbah.edu.bh/employee/","Naseem International School",,,"{""devices"":[],""suite"":[""Google Workspace""],""lms"":[]}","Yes","1790403981343","8","FLIS0203","Yes","https://nisbah.edu.bh/employee/","95","Yes","true","2026-09-25T11:40:58.041Z","1790336458041","false","{""_nanoseconds"":534000000,""_seconds"":1788076582}",,"2026-08-30T07:56:22.533Z","BHD","2025/2026","1300","MODELLED_ESTIMATE","Medium","2026-09-25T08:16:33.052Z","1300","https://nisbah.edu.bh","2026-09-25T12:18:17.168Z"
"FLIS0204","7.9","Malaysia","25","Shah Alam","Highly Regarded","7.4","1:13","Ministry","8.1","US curriculum school in Salmabad, For-Profit, with 1:13 ratio and Mixed LMS.","7.2","8.8","9.1","Provided","Mixed LMS","British / IB","155","Tenby International School Setia Eco Park","7.0","15%","Yes",,"$3,400.00","Britus Education",,"International Schools Partnership","8.8","2026-05-26T10:41:49.009Z","0","[]",,"success","true","Britus Educational Portal, Gulf Talent, LinkedIn","https://tenby.edu.my/setia-eco-park/work-with-us/","Tenby International School Setia Eco Park",,,"{""devices"":[""Mixed Devices""],""suite"":[],""lms"":[]}","Provided","1790337468362","11","FLIS0204","Yes","https://tenby.edu.my/setia-eco-park/work-with-us/","155","Yes","true",,,"false","{""_nanoseconds"":106000000,""_seconds"":1788360142}","{""schoolId"":""FLIS0219"",""schoolName"":""Tenby International School Setia Eco Park"",""isUpdating"":false,""senior_leadership_churn_percentage"":0,""leopardfishIntelAlert"":""Leopardfish Multi-Engine Audit: Stable retention pattern with 17 active vacancies detected across TES, GRC Search, and official school portals."",""estimated_churn_percentage"":11,""lastScrapedAt"":""2026-09-02T14:42:21.781Z"",""structured_vacancies"":[{""title"":""Science Teacher"",""department"":""Secondary"",""source"":""ISP"",""source_url"":""https://www.tenby-international-school-setia-eco-park.com"",""date_listed"":""2026-08-31T15:06:30.001Z"",""date_closing"":null,""status"":""OPEN"",""recruitmentCycle"":""CURRENT""},{""title"":""Head of Art"",""department"":""Secondary"",""source"":""ISP"",""source_url"":""https://www.tenby-international-school-setia-eco-park.com"",""date_listed"":""2026-08-31T15:06:30.000Z"",""date_closing"":null,""status"":""OPEN"",""recruitmentCycle"":""CURRENT""},{""title"":""Humanities Teacher"",""department"":""Secondary"",""source"":""ISP"",""source_url"":""https://www.tenby-international-school-setia-eco-park.com"",""date_listed"":""2026-08-31T15:06:30.000Z"",""date_closing"":null,""status"":""OPEN"",""recruitmentCycle"":""CURRENT""},{""title"":""Intern"",""department"":""Secondary"",""source"":""ISP"",""source_url"":""https://www.tenby-international-school-setia-eco-park.com"",""date_listed"":""2026-08-31T15:06:30.000Z"",""date_closing"":null,""status"":""OPEN"",""recruitmentCycle"":""CURRENT""},{""title"":""Head of Primary"",""department"":""Primary"",""source"":""ISP"",""source_url"":""https://www.tenby-international-school-setia-eco-park.com"",""date_listed"":""2026-08-31T15:06:30.000Z"",""date_closing"":null,""status"":""OPEN"",""recruitmentCycle"":""CURRENT""},{""title"":""Head of Mathematics"",""department"":""Secondary"",""source"":""ISP"",""source_url"":""https://www.tenby-international-school-setia-eco-park.com"",""date_listed"":""2026-08-31T15:06:30.000Z"",""date_closing"":null,""status"":""OPEN"",""recruitmentCycle"":""CURRENT""},{""title"":""Design and Technology Teacher"",""department"":""Secondary"",""source"":""ISP"",""source_url"":""https://www.tenby-international-school-setia-eco-park.com"",""date_listed"":""2026-08-31T15:06:29.998Z"",""date_closing"":null,""status"":""OPEN"",""recruitmentCycle"":""CURRENT""},{""title"":""ART TEACHER"",""department"":""Secondary"",""source"":""ISP"",""source_url"":""https://www.tenby-international-school-setia-eco-park.com"",""date_listed"":""2026-08-31T15:06:29.995Z"",""date_closing"":null,""status"":""OPEN"",""recruitmentCycle"":""CURRENT""},{""title"":""English Teacher"",""department"":""Secondary"",""source"":""ISP"",""source_url"":""https://www.tenby-international-school-setia-eco-park.com"",""date_listed"":""2026-08-31T15:06:29.991Z"",""date_closing"":null,""status"":""OPEN"",""recruitmentCycle"":""CURRENT""},{""title"":""Mathematics Teacher"",""department"":""Secondary"",""source"":""ISP"",""source_url"":""https://www.tenby-international-school-setia-eco-park.com"",""date_listed"":""2026-08-31T15:06:29.989Z"",""date_closing"":null,""status"":""OPEN"",""recruitmentCycle"":""CURRENT""},{""title"":""Head of Physical Education"",""department"":""Secondary"",""source"":""ISP"",""source_url"":""https://www.tenby-international-school-setia-eco-park.com"",""date_listed"":""2026-08-31T15:06:29.989Z"",""date_closing"":null,""status"":""OPEN"",""recruitmentCycle"":""CURRENT""},{""title"":""Head of Design Technology"",""department"":""Secondary"",""source"":""ISP"",""source_url"":""https://www.tenby-international-school-setia-eco-park.com"",""date_listed"":""2026-08-31T15:06:29.989Z"",""date_closing"":null,""status"":""OPEN"",""recruitmentCycle"":""CURRENT""},{""title"":""SEN Teacher"",""department"":""Secondary"",""source"":""ISP"",""source_url"":""https://www.tenby-international-school-setia-eco-park.com"",""date_listed"":""2026-08-31T15:06:29.988Z"",""date_closing"":null,""status"":""OPEN"",""recruitmentCycle"":""CURRENT""},{""title"":""EAL Teacher"",""department"":""Secondary"",""source"":""ISP"",""source_url"":""https://www.tenby-international-school-setia-eco-park.com"",""date_listed"":""2026-08-31T15:06:29.987Z"",""date_closing"":null,""status"":""OPEN"",""recruitmentCycle"":""CURRENT""},{""title"":""Primary Teacher"",""department"":""Primary"",""source"":""ISP"",""source_url"":""https://www.tenby-international-school-setia-eco-park.com"",""date_listed"":""2026-08-31T15:06:29.984Z"",""date_closing"":null,""status"":""OPEN"",""recruitmentCycle"":""CURRENT""},{""title"":""ICT Cover Teacher"",""department"":""Secondary"",""source"":""ISP"",""source_url"":""https://www.tenby-international-school-setia-eco-park.com"",""date_listed"":""2026-08-31T15:06:29.980Z"",""date_closing"":null,""status"":""OPEN"",""recruitmentCycle"":""CURRENT""},{""title"":""Economics Teacher"",""department"":""Secondary"",""source"":""ISP"",""source_url"":""https://www.tenby-international-school-setia-eco-park.com"",""date_listed"":""2026-08-31T15:06:29.979Z"",""date_closing"":null,""status"":""OPEN"",""recruitmentCycle"":""CURRENT""}],""primary_vacancies_count"":2,""statusLabel"":""Moderate Turnover (Healthy)"",""churn_implications_commentary"":""Leopardfish Multi-Engine Audit: Stable retention pattern with 17 active vacancies detected across TES, GRC Search, and official school portals."",""secondary_vacancies_count"":15,""total_known_vacancies"":17,""scrapedJobsList"":[""Design and Technology Teacher (Posted: 2026-08-31T15:06:29.998Z) - ISP"",""EAL Teacher (Posted: 2026-08-31T15:06:29.987Z) - ISP"",""Head of Art (Posted: 2026-08-31T15:06:30.000Z) - ISP"",""Primary Teacher (Posted: 2026-08-31T15:06:29.984Z) - ISP"",""Mathematics Teacher (Posted: 2026-08-31T15:06:29.989Z) - ISP"",""Humanities Teacher (Posted: 2026-08-31T15:06:30.000Z) - ISP"",""ICT Cover Teacher (Posted: 2026-08-31T15:06:29.980Z) - ISP"",""English Teacher (Posted: 2026-08-31T15:06:29.991Z) - ISP"",""Science Teacher (Maternity Cover) (Posted: 2026-08-31T15:06:30.001Z) - ISP"",""Economics Teacher (Posted: 2026-08-31T15:06:29.979Z) - ISP"",""Maths Teacher (National) (Posted: 2026-08-31T15:06:29.999Z) - ISP"",""Intern (Posted: 2026-08-31T15:06:30.000Z) - ISP"",""ART TEACHER (Posted: 2026-08-31T15:06:29.995Z) - ISP"",""Teacher (Posted: 2026-08-31T15:06:29.985Z) - ISP"",""Head of Physical Education (Primary) (Posted: 2026-08-31T15:06:29.989Z) - ISP"",""Head of Design Technology (Posted: 2026-08-31T15:06:29.989Z) - ISP"",""Head of Primary (Posted: 2026-08-31T15:06:30.000Z) - ISP"",""English Teacher IGCSE (Posted: 2026-08-31T15:06:29.991Z) - ISP"",""SEN Teacher (Posted: 2026-08-31T15:06:29.988Z) - ISP"",""Head of Mathematics (Posted: 2026-08-31T15:06:30.000Z) - ISP"",""Design and Technology Teacher - ISP"",""EAL Teacher - ISP"",""Head of Art - ISP"",""Primary Teacher - ISP"",""Mathematics Teacher - ISP"",""Humanities Teacher - ISP"",""ICT Cover Teacher - ISP"",""English Teacher - ISP"",""Science Teacher (Maternity Cover) - ISP"",""Economics Teacher - ISP"",""Maths Teacher (National) - ISP"",""Intern - ISP"",""ART TEACHER - ISP"",""Teacher - ISP"",""Head of Physical Education (Primary) - ISP"",""Head of Design Technology - ISP"",""Head of Primary - ISP"",""English Teacher IGCSE - ISP"",""SEN Teacher - ISP"",""Head of Mathematics - ISP"",""Head of Physical Education - ISP"",""Science Teacher - ISP""],""vacancies_discovered"":[{""title"":""Science Teacher"",""department"":""Secondary"",""source"":""ISP"",""source_url"":""https://www.tenby-international-school-setia-eco-park.com"",""date_listed"":""2026-08-31T15:06:30.001Z"",""date_closing"":null,""status"":""OPEN"",""recruitmentCycle"":""CURRENT""},{""title"":""Head of Art"",""department"":""Secondary"",""source"":""ISP"",""source_url"":""https://www.tenby-international-school-setia-eco-park.com"",""date_listed"":""2026-08-31T15:06:30.000Z"",""date_closing"":null,""status"":""OPEN"",""recruitmentCycle"":""CURRENT""},{""title"":""Humanities Teacher"",""department"":""Secondary"",""source"":""ISP"",""source_url"":""https://www.tenby-international-school-setia-eco-park.com"",""date_listed"":""2026-08-31T15:06:30.000Z"",""date_closing"":null,""status"":""OPEN"",""recruitmentCycle"":""CURRENT""},{""title"":""Intern"",""department"":""Secondary"",""source"":""ISP"",""source_url"":""https://www.tenby-international-school-setia-eco-park.com"",""date_listed"":""2026-08-31T15:06:30.000Z"",""date_closing"":null,""status"":""OPEN"",""recruitmentCycle"":""CURRENT""},{""title"":""Head of Primary"",""department"":""Primary"",""source"":""ISP"",""source_url"":""https://www.tenby-international-school-setia-eco-park.com"",""date_listed"":""2026-08-31T15:06:30.000Z"",""date_closing"":null,""status"":""OPEN"",""recruitmentCycle"":""CURRENT""},{""title"":""Head of Mathematics"",""department"":""Secondary"",""source"":""ISP"",""source_url"":""https://www.tenby-international-school-setia-eco-park.com"",""date_listed"":""2026-08-31T15:06:30.000Z"",""date_closing"":null,""status"":""OPEN"",""recruitmentCycle"":""CURRENT""},{""title"":""Design and Technology Teacher"",""department"":""Secondary"",""source"":""ISP"",""source_url"":""https://www.tenby-international-school-setia-eco-park.com"",""date_listed"":""2026-08-31T15:06:29.998Z"",""date_closing"":null,""status"":""OPEN"",""recruitmentCycle"":""CURRENT""},{""title"":""ART TEACHER"",""department"":""Secondary"",""source"":""ISP"",""source_url"":""https://www.tenby-international-school-setia-eco-park.com"",""date_listed"":""2026-08-31T15:06:29.995Z"",""date_closing"":null,""status"":""OPEN"",""recruitmentCycle"":""CURRENT""},{""title"":""English Teacher"",""department"":""Secondary"",""source"":""ISP"",""source_url"":""https://www.tenby-international-school-setia-eco-park.com"",""date_listed"":""2026-08-31T15:06:29.991Z"",""date_closing"":null,""status"":""OPEN"",""recruitmentCycle"":""CURRENT""},{""title"":""Mathematics Teacher"",""department"":""Secondary"",""source"":""ISP"",""source_url"":""https://www.tenby-international-school-setia-eco-park.com"",""date_listed"":""2026-08-31T15:06:29.989Z"",""date_closing"":null,""status"":""OPEN"",""recruitmentCycle"":""CURRENT""},{""title"":""Head of Physical Education"",""department"":""Secondary"",""source"":""ISP"",""source_url"":""https://www.tenby-international-school-setia-eco-park.com"",""date_listed"":""2026-08-31T15:06:29.989Z"",""date_closing"":null,""status"":""OPEN"",""recruitmentCycle"":""CURRENT""},{""title"":""Head of Design Technology"",""department"":""Secondary"",""source"":""ISP"",""source_url"":""https://www.tenby-international-school-setia-eco-park.com"",""date_listed"":""2026-08-31T15:06:29.989Z"",""date_closing"":null,""status"":""OPEN"",""recruitmentCycle"":""CURRENT""},{""title"":""SEN Teacher"",""department"":""Secondary"",""source"":""ISP"",""source_url"":""https://www.tenby-international-school-setia-eco-park.com"",""date_listed"":""2026-08-31T15:06:29.988Z"",""date_closing"":null,""status"":""OPEN"",""recruitmentCycle"":""CURRENT""},{""title"":""EAL Teacher"",""department"":""Secondary"",""source"":""ISP"",""source_url"":""https://www.tenby-international-school-setia-eco-park.com"",""date_listed"":""2026-08-31T15:06:29.987Z"",""date_closing"":null,""status"":""OPEN"",""recruitmentCycle"":""CURRENT""},{""title"":""Primary Teacher"",""department"":""Primary"",""source"":""ISP"",""source_url"":""https://www.tenby-international-school-setia-eco-park.com"",""date_listed"":""2026-08-31T15:06:29.984Z"",""date_closing"":null,""status"":""OPEN"",""recruitmentCycle"":""CURRENT""},{""title"":""ICT Cover Teacher"",""department"":""Secondary"",""source"":""ISP"",""source_url"":""https://www.tenby-international-school-setia-eco-park.com"",""date_listed"":""2026-08-31T15:06:29.980Z"",""date_closing"":null,""status"":""OPEN"",""recruitmentCycle"":""CURRENT""},{""title"":""Economics Teacher"",""department"":""Secondary"",""source"":""ISP"",""source_url"":""https://www.tenby-international-school-setia-eco-park.com"",""date_listed"":""2026-08-31T15:06:29.979Z"",""date_closing"":null,""status"":""OPEN"",""recruitmentCycle"":""CURRENT""}],""metrics"":{""estimatedStaffBase"":""155"",""leadershipChurnRatioPercent"":0,""totalKnownVacancies"":17,""primaryVacanciesCount"":2,""secondaryVacanciesCount"":15,""estimatedChurnRatePercent"":11,""averageYearlyTesAdverts"":17,""leadershipVacanciesCount"":0,""riskRating"":""MODERATE""},""category"":""MODERATE_TURNOVER"",""leadership_vacancies_count"":0}","2026-09-02T14:42:21.781Z","MYR","2025/2026","11500","MODELLED_ESTIMATE","Medium","2026-09-25T08:16:33.052Z","11500","https://tenby.edu.my/setia-eco-park/","2026-09-25T12:18:17.168Z"
"FLIS0205","8.0","United Arab Emirates","22","Dubai","Highly Regarded","7.6","1:10","Ministry","8.0","American curriculum ISP school in Dubai Investment Park, UAE, offering US curriculum and AP courses.","7.5","9.8","9.0","Provided","Microsoft LMS","American","62","Nibras International School","7.1","16%","Yes",,"AED 11,500–15,500","Private",,"International Schools Partnership","9.8","2026-05-26T10:41:49.010Z","0","[]",,"success","true","Teach Away, LinkedIn, Gulf Talent","https://nisdubai.ae/careers/","Nibras International School","1066982","nibras-international-school-1066982","{""devices"":[""Microsoft PC""],""suite"":[""Microsoft 365""],""lms"":[]}","Provided","1790337468362","2","FLIS0205","Yes","https://nisdubai.ae/careers/","55","Yes","true","2026-09-17T06:57:14.422Z","1789628234422","false","{""_nanoseconds"":572000000,""_seconds"":1788076586}",,"2026-08-30T07:56:26.570Z","AED","2025/2026","13500","Market Evidence — Range Midpoint","High","2026-09-27T07:09:31.926Z","13500","https://nisdubai.ae","2026-09-27T07:09:31.926Z"
"FLIS0206","8.0","Italy","22","Milan","Highly Regarded","8.0","1:10","BISA","8.2","IB World School and Globeducate institution in Milan, Italy, offering international education from Early Years through IB Diploma.","7.8","8.9","9.4","Not Included","Google LMS","IB","68","ICS Milan International School","7.6","20%","Yes",,"$2,450","Inspired",,"Globeducate","8.9","2026-05-26T10:41:49.010Z","0","[]",,"success","true","Teacher Horizons, LinkedIn, Gulf Talent","https://icsmilan.com/work-with-us/","ICS Milan International School",,,"{""devices"":[],""suite"":[""Google Workspace""],""lms"":[]}","Provided","2026-09-26T06:49:31.214Z","3","FLIS0206","Yes","https://icsmilan.com/work-with-us/","60","Yes","true",,,"false","{""_nanoseconds"":490000000,""_seconds"":1788291316}",,"2026-09-01T19:35:15.049Z","EUR","2025/2026","2150","STRONG_MARKET_EVIDENCE","High","2026-09-25T08:18:33.087Z","2150","https://icsmilan.com","2026-09-25T12:18:17.168Z"
"FLIS0207","8.1","Spain","26","Barcelona","Highly Regarded","7.3","1:14","Ministry","8.3","UK curriculum school in Juffair, For-Profit, with 1:14 ratio and Microsoft LMS.","7.0","9.2","8.8","Not Included","Microsoft LMS","IB / Spanish","45","Agora Sant Cugat International School","6.8","14%","Yes",,"$2,075","Private",,"Globeducate","9.2","2026-05-26T10:41:49.010Z","0","[]",,"success","true","Gulf Talent, LinkedIn","https://santcugat.agorainternationalschool.es/en/work-with-us","Agora Sant Cugat International School",,,"{""devices"":[""Microsoft PC""],""suite"":[""Microsoft 365""],""lms"":[]}","Provided","1790193420261","3","FLIS0207","Yes","https://santcugat.agorainternationalschool.es/en/work-with-us","40","Yes","true",,,"false","{""_nanoseconds"":491000000,""_seconds"":1788076581}",,"2026-08-30T07:56:21.489Z","EUR","2025/2026","1950","STRONG_MARKET_EVIDENCE","High","2026-09-25T08:25:20.427Z","1950","https://agorasantcugat.edu.es","2026-09-25T12:18:17.168Z"
"FLIS0208","7.9","Portugal","20","Lagoa","Highly Regarded","8.0","1:9","CIS","8.0","UK / IB curriculum school in Riffa, Non-Profit, with 1:9 ratio and Microsoft LMS.","7.6","9.5","9.3","Not Included","Microsoft LMS","British","82","Nobel Algarve British International School","7.4","20%","Yes",,"$1,950","Board",,"Globeducate","9.5","2026-05-26T10:41:49.010Z","0","[]",,"success","true","LinkedIn, Gulf Talent","https://nobelalgarve.schoolrecruiter.com","Nobel Algarve British International School",,,"{""devices"":[""Microsoft PC""],""suite"":[""Microsoft 365""],""lms"":[]}","Provided","1790193420261","2","FLIS0208","Yes","https://nobelalgarve.schoolrecruiter.com","75","Yes","true",,,"false","{""_nanoseconds"":767000000,""_seconds"":1788076580}",,"2026-08-30T07:56:20.765Z","EUR","2025/2026","1700","STRONG_MARKET_EVIDENCE","High","2026-09-25T08:18:33.088Z","1700","https://nobelalgarve.com","2026-09-25T12:18:17.168Z"
"FLIS0209","9.6","Bahrain","23","Isa Town","8.4","9.7","1:10","BSME","8.7","Premier non-profit British curriculum school in Bahrain, consistently ranked among the world's top 100 private schools.","8.5","8.5","9.7","Provided accommodation or generous BHD allowance","Mixed LMS","UK","170","St Christopher's School","7.5","20%","Comprehensive Worldwide Medical Coverage",,"BHD 1,400 - 2,100 / month","Association",,"Non-Profit","8.5","2026-05-26T10:41:49.010Z","0","[]",,"success","true","SchoolRecruiter Portal, Search Associates, LinkedIn","https://www.st-chris.net/working-with-us","St Christopher's School Bahrain",,,"{""devices"":[""Mixed Devices""],""suite"":[],""lms"":[]}","Housing Allowance Included in Base","1789148314021","0","FLIS0209","Yes","https://st-chris.schoolrecruiter.com/","155","Yes","true","2026-09-17T06:57:14.586Z","1789628234586","false","{""_nanoseconds"":789000000,""_seconds"":1788164344}","{""schoolId"":""FLIS0224"",""schoolName"":""St Christopher's School"",""category"":""LOW_TURNOVER"",""statusLabel"":""Low Turnover (Stable)"",""isUpdating"":false,""lastScrapedAt"":""2026-08-31T08:19:03.360Z"",""metrics"":{""estimatedStaffBase"":""155"",""totalKnownVacancies"":1,""estimatedChurnRatePercent"":1,""leadershipVacanciesCount"":0,""secondaryVacanciesCount"":1,""primaryVacanciesCount"":0,""riskRating"":""LOW"",""leadershipChurnRatioPercent"":0,""averageYearlyTesAdverts"":1},""scrapedJobsList"":[""Vacancy at St Christopher's School - School ATS Portal""],""vacancies_discovered"":[{""title"":""Vacancy at St Christopher's School"",""department"":""Secondary"",""source"":""School ATS Portal"",""source_url"":""https://www.st-christophers-school.com"",""date_listed"":""Recently"",""date_closing"":null,""status"":""OPEN"",""recruitmentCycle"":""CURRENT""}],""structured_vacancies"":[{""title"":""Vacancy at St Christopher's School"",""department"":""Secondary"",""source"":""School ATS Portal"",""source_url"":""https://www.st-christophers-school.com"",""date_listed"":""Recently"",""date_closing"":null,""status"":""OPEN"",""recruitmentCycle"":""CURRENT""}],""total_known_vacancies"":1,""estimated_churn_percentage"":1,""leadership_vacancies_count"":0,""secondary_vacancies_count"":1,""primary_vacancies_count"":0,""leopardfishIntelAlert"":""Leopardfish Multi-Engine Audit: Stable retention pattern with 1 active vacancies detected across TES, GRC Search, and official school portals."",""churn_implications_commentary"":""Leopardfish Multi-Engine Audit: Stable retention pattern with 1 active vacancies detected across TES, GRC Search, and official school portals."",""senior_leadership_churn_percentage"":0}","2026-08-31T08:19:03.360Z","BHD","2025/2026","1600","STRONG_MARKET_EVIDENCE","High","2026-09-25T08:25:20.427Z","1600","https://st-chris.schoolrecruiter.com/","2026-09-25T12:18:17.168Z"
"FLIS0210","8.2","Belgium","18","Ekeren","8.2","8.2","1:7","CIS","8.4","IB curriculum school in Ekeren, Non-Profit, with 1:7 ratio and Google LMS.","8.2","8.5","9.5","No","Google LMS","IB","54","Antwerp International School","7.6","22%","Yes",,"$4,416","Foundation",,"Non-Profit","8.5","2026-05-26T10:41:49.010Z","0","[]",,"success","true","Search Associates, Schrole, LinkedIn","https://isbedu.be/careers-with-isbe","Antwerp International School",,,"{""devices"":[],""suite"":[""Google Workspace""],""lms"":[]}","No","1789148314021","0","FLIS0210","Yes","https://isbedu.be/careers-with-isbe","48","Yes","true",,,"false","{""_nanoseconds"":958000000,""_seconds"":1788076675}",,"2026-08-30T07:57:55.956Z","EUR","2025/2026","3583","MODELLED_ESTIMATE","Medium","2026-09-25T07:25:58.683Z","3583","https://isbedu.be","2026-09-25T12:18:17.168Z"
"FLIS0211","8.0","Belgium","20","Brussels","8","8.0","1:8","CIS","7.8","IB curriculum school in Brussels, For-Profit, with 1:8 ratio and Google LMS.","7.8","8.8","9.3","No","Google LMS","IB","40","BEPS International School","7.4","20%","Yes",,"$4,083","Private",,"For-Profit","8.8","2026-05-26T10:41:49.010Z","0","[]",,"success","true","Search Associates, LinkedIn","https://www.beps.com/about/join-our-team/","BEPS International School",,,"{""devices"":[],""suite"":[""Google Workspace""],""lms"":[]}","No","1789148314021","0","FLIS0211","Yes","https://www.beps.com/about/join-our-team/","35","Yes","true",,,"false","{""_nanoseconds"":153000000,""_seconds"":1788076578}",,"2026-08-30T07:56:18.151Z","EUR","2025/2026","2450","MODELLED_ESTIMATE","Medium","2026-09-25T08:25:20.427Z","2450","https://www.beps.com","2026-09-25T12:18:17.168Z"
"FLIS0212","8.1","Belgium","22","Brussels","7.9","7.9","1:9","IB World","7.6","IB curriculum school in Brussels, For-Profit, with 1:9 ratio and Microsoft LMS.","8.0","8.8","9.2","No","Microsoft LMS","IB","48","Bogaerts International School","7.2","18%","Yes",,"$3,916","Private",,"For-Profit","8.8","2026-05-26T10:41:49.010Z","0","[]",,"success","true","LinkedIn, Teacher Horizons","https://www.bischool.com/careers/vacancies","Bogaerts International School",,,"{""devices"":[""Microsoft PC""],""suite"":[""Microsoft 365""],""lms"":[]}","No","1790193420261","0","FLIS0212","Yes","https://www.bischool.com/careers/vacancies","42","Yes","true",,,"false","{""_nanoseconds"":16000000,""_seconds"":1788076583}",,"2026-08-30T07:56:23.012Z","EUR","2025/2026","2400","MODELLED_ESTIMATE","Medium","2026-09-25T08:18:33.088Z","2400","https://www.bis-school.com","2026-09-25T12:18:17.168Z"
"FLIS0213","7.9","Belgium","18","Brussels","7.9","7.9","1:8","IAPS","7.8","UK curriculum school in Brussels, Non-Profit, with 1:8 ratio and Mixed LMS.","7.5","8.8","9.3","No","Mixed LMS","UK","28","British Junior Academy of Brussels","7.6","20%","Yes",,"$4,000","Association",,"Non-Profit","8.8","2026-05-26T10:41:49.010Z","0","[]",,"success","true","Teacher Horizons, LinkedIn","https://www.bjab.org/our-community/work-with-us","British Junior Academy of Brussels","1057697","british-junior-academy-of-brussels-1057697","{""devices"":[""Mixed Devices""],""suite"":[],""lms"":[]}","No","2026-09-26T06:10:30.811Z","0","FLIS0213","Yes","https://www.bjab.org/our-community/work-with-us","25","Yes","true",,,"false","{""_nanoseconds"":794000000,""_seconds"":1788076674}",,"2026-08-30T07:57:54.792Z","EUR","2025/2026","2450","MODELLED_ESTIMATE","Medium","2026-09-25T08:18:33.088Z","2450","https://www.bjab.org/our-community/work-with-us#vacancies","2026-09-25T12:18:17.168Z"
"FLIS0214","8.4","Belgium","22","Waterloo","8.1","8.1","1:9","BNSA","8.1","IB / UK curriculum school in Waterloo, Non-Profit, with 1:9 ratio and Mixed LMS.","8.0","8.8","9.4","Yes","Mixed LMS","IB / UK","62","European School of Bruxelles-Argenteuil","7.3","22%","Yes",,"$4,333","Foundation",,"Non-Profit","8.8","2026-05-26T10:41:49.010Z","0","[]",,"success","true","LinkedIn, Euraxess","https://www.europeanschool.be/career/","European School of Bruxelles-Argenteuil",,,"{""devices"":[""Mixed Devices""],""suite"":[],""lms"":[]}","Yes","1790193420261","0","FLIS0214","Yes","https://www.europeanschool.be/career/","55","Yes","true",,,"false","{""_nanoseconds"":515000000,""_seconds"":1788076579}",,"2026-08-30T07:56:19.514Z","EUR","2025/2026","2600","MODELLED_ESTIMATE","Medium","2026-09-25T08:18:33.088Z","2600","https://www.esi-argenteuil.be","2026-09-25T12:18:17.168Z"
"FLIS0215","7.8","Belgium","15","Tervuren","7.8","7.8","1:6","MACTE","7.5","US curriculum school in Tervuren, For-Profit, with 1:6 ratio and Google LMS.","7.2","8.8","9.1","No","Google LMS","US","32","International Montessori School","7.5","18%","Yes",,"$3,750","Private",,"For-Profit","8.8","2026-05-26T10:41:49.010Z","0","[]",,"success","true","AMI (Association Montessori Internationale) Jobs, LinkedIn","https://www.montessori-brussels.org/about-us/careers/","International Montessori School",,,"{""devices"":[],""suite"":[""Google Workspace""],""lms"":[]}","No","1789148314021","0","FLIS0215","Yes","https://www.montessori-brussels.org/about-us/careers/","28","Yes","true",,,"false","{""_nanoseconds"":8000000,""_seconds"":1788076580}",,"2026-08-30T07:56:20.007Z","EUR","2025/2026","2300","MODELLED_ESTIMATE","Medium","2026-09-25T08:18:33.088Z","2300","https://www.montessori-brussels.org","2026-09-25T12:18:17.168Z"
"FLIS0216","7.6","Belgium","18","Ghent","7.8","7.8","1:8","CIS","7.4","UK curriculum school in Ghent, Non-Profit, with 1:8 ratio and Google LMS.","7.5","8.8","9.0","No","Google LMS","UK","22","International School Ghent vzw","7.8","22%","Yes",,"$3,833","Association",,"Non-Profit","8.8","2026-05-26T10:41:49.010Z","0","[]",,"success","true","VDAB Belgium, LinkedIn","https://isg-ghent.org/our-vacancies/","International School Ghent vzw",,,"{""devices"":[],""suite"":[""Google Workspace""],""lms"":[]}","No","1789148314021","0","FLIS0216","Yes","https://isg-ghent.org/our-vacancies/","18","Yes","true",,,"false","{""_nanoseconds"":525000000,""_seconds"":1788076579}",,"2026-08-30T07:56:19.524Z","EUR","2025/2026","2350","MODELLED_ESTIMATE","Medium","2026-09-25T08:18:33.088Z","2350","https://www.isgnt.be","2026-09-25T12:18:17.168Z"
"FLIS0217","7.7","Belgium","22","Antwerp","7.7","7.7","1:10","Ministry","7.5","UK curriculum school in Antwerp, For-Profit, with 1:10 ratio and Microsoft LMS.","7.6","8.5","9.1","No","Microsoft LMS","UK","25","International School of Belgium","7.3","18%","Yes",,"$3,666","Private",,"For-Profit","8.5","2026-05-26T10:41:49.010Z","0","[]",,"success","true","Search Associates, Schrole, ISS, LinkedIn","https://isbedu.be/careers-with-isbe/","International School of Belgium","1074131","international-school-of-belgium-1074131","{""devices"":[""Microsoft PC""],""suite"":[""Microsoft 365""],""lms"":[]}","No","1790337468362","3","FLIS0217","Yes","https://isbedu.be/careers-with-isbe/","22","Yes","true","2026-09-25T11:41:31.758Z","1790336491758","false","{""_seconds"":1789889259,""_nanoseconds"":327000000}","{""schoolId"":""FLIS0233"",""schoolName"":""International School of Belgium"",""category"":""INSIGHT_UNAVAILABLE"",""statusLabel"":""Low Turnover (Stable)"",""isUpdating"":false,""lastScrapedAt"":""2026-09-20T07:27:39.326Z"",""metrics"":{""estimatedStaffBase"":22,""totalKnownVacancies"":0,""estimatedChurnRatePercent"":0,""leadershipVacanciesCount"":0,""secondaryVacanciesCount"":0,""primaryVacanciesCount"":0,""riskRating"":""INSIGHT_UNAVAILABLE"",""leadershipChurnRatioPercent"":0,""averageYearlyTesAdverts"":0},""scrapedJobsList"":[],""vacancies_discovered"":[],""structured_vacancies"":[],""total_known_vacancies"":0,""estimated_churn_percentage"":0,""leadership_vacancies_count"":0,""secondary_vacancies_count"":0,""primary_vacancies_count"":0,""leopardfishIntelAlert"":""No active public vacancies have been detected for this institution within the current 12-month recruitment cycle. This indicates either an exceptionally high staff retention profile or the utilization of localized, non-indexed internal application portals. Quantitative stability metrics cannot be calculated at this time."",""churn_implications_commentary"":""No active public vacancies have been detected for this institution within the current 12-month recruitment cycle. This indicates either an exceptionally high staff retention profile or the utilization of localized, non-indexed internal application portals. Quantitative stability metrics cannot be calculated at this time."",""senior_leadership_churn_percentage"":0,""staffroom_commentary"":""No active public vacancies have been detected for this institution within the current 12-month recruitment cycle. This indicates either an exceptionally high staff retention profile or the utilization of localized, non-indexed internal application portals. Quantitative stability metrics cannot be calculated at this time.""}","2026-09-20T07:27:39.326Z","EUR","2025/2026","2400","MODELLED_ESTIMATE","Medium","2026-09-25T08:18:33.088Z","2400","https://www.isb.be","2026-09-25T12:18:17.168Z"
"FLIS0218","8.1","Belgium","18","Waterloo","8.1","8.1","1:8","CIS","7.9","UK / IB curriculum school in Waterloo, For-Profit, with 1:8 ratio and Google LMS.","8.2","8.8","9.3","No","Google LMS","UK / IB","30","International School of Flanders Waterloo","7.5","20%","Yes",,"$4,083","ISF",,"For-Profit","8.8","2026-05-26T10:41:49.010Z","0","[]",,"success","true","ISF Group Portal, LinkedIn","https://www.isfwaterloo.org/302/job-opportunities","International School of Flanders Waterloo",,,"{""devices"":[],""suite"":[""Google Workspace""],""lms"":[]}","No","1789148314021","0","FLIS0218","Yes","https://www.isfwaterloo.org/302/job-opportunities","26","Yes","true",,,"false","{""_nanoseconds"":847000000,""_seconds"":1788076580}",,"2026-08-30T07:56:20.846Z","EUR","2025/2026","2400","MODELLED_ESTIMATE","Medium","2026-09-25T08:18:33.088Z","2400","https://www.isfwaterloo.org","2026-09-25T12:18:17.168Z"
"FLIS0219","8.0","Belgium","18","Rhode-Saint-Genèse","8","8.0","1:8","CIS","7.8","UK / IB curriculum school in Rhode-Saint-Genèse, For-Profit, with 1:8 ratio and Google LMS.","8.0","8.8","9.3","No","Google LMS","UK / IB","28","International School of Flanders RHSG","7.5","20%","Yes",,"$4,083","ISF",,"For-Profit","8.8","2026-05-26T10:41:49.010Z","0","[]",,"success","true","ISF Group Portal, LinkedIn","https://isftervuren.org/788/job-opportunities","International School of Flanders RHSG",,,"{""devices"":[],""suite"":[""Google Workspace""],""lms"":[]}","No","2026-09-26T06:49:31.214Z","3","FLIS0219","Yes","https://isftervuren.org/788/job-opportunities","24","Yes","true",,,"false","{""_nanoseconds"":833000000,""_seconds"":1788076580}",,"2026-08-30T07:56:20.831Z","EUR","2025/2026","2400","MODELLED_ESTIMATE","Medium","2026-09-25T08:18:33.088Z","2400","https://www.isfwaterloo.org","2026-09-25T12:18:17.168Z"
"FLIS0220","7.9","Belgium","20","Brussels","7.9","7.9","1:9","IB World","7.7","IB curriculum school in Brussels, For-Profit, with 1:9 ratio and Microsoft LMS.","7.8","8.8","9.2","No","Microsoft LMS","IB","32","Montgomery International School","7.1","16%","Yes",,"$3,875","Private",,"For-Profit","8.8","2026-05-26T10:41:49.010Z","0","[]",,"success","true","LinkedIn, Teacher Horizons","https://www.mischool.be/nav-footer-links/career","Montgomery International School",,,"{""devices"":[""Microsoft PC""],""suite"":[""Microsoft 365""],""lms"":[]}","No","1789148314021","0","FLIS0220","Yes","https://www.mischool.be/nav-footer-links/career","28","Yes","true",,,"false","{""_nanoseconds"":114000000,""_seconds"":1788076594}",,"2026-08-30T07:56:34.112Z","EUR","2025/2026","2450","MODELLED_ESTIMATE","Medium","2026-09-25T08:18:33.088Z","2450","https://www.mischool.be/nav-footer-links/career","2026-09-25T12:18:17.168Z"
"FLIS0221","6.8","Azerbaijan","22","Baku","7","6.9","1:8","CIS","7.2","UK curriculum school in Baku, For-Profit, with 1:8 ratio format and Microsoft LMS.","6.5","6.8","8.5","Yes","Microsoft","UK","65","Azerbaijan British College","7.0","20%","Yes",,"$2,333","Private",,"For-Profit","6.8","2026-05-26T10:41:49.010Z","0","[]",,"success","true","Teacher Horizons, Teach Away, LinkedIn","https://abc.edu.az/accreditation-inspections","Azerbaijan British College","1064480","azerbaijan-british-college-1064480","{""devices"":[""Microsoft PC""],""suite"":[""Microsoft 365""],""lms"":[]}","Yes","2026-09-26T06:49:31.214Z","3","FLIS0221","Yes","https://abc.edu.az/accreditation-inspections","55","Yes","true",,,"false","{""_seconds"":1790269272,""_nanoseconds"":243000000}","{""schoolId"":""FLIS0221"",""schoolName"":""Azerbaijan British College"",""category"":""MODERATE_TURNOVER"",""statusLabel"":""Moderate Turnover (Healthy)"",""isUpdating"":false,""lastScrapedAt"":""2026-09-24T16:58:39.260Z"",""metrics"":{""estimatedStaffBase"":55,""totalKnownVacancies"":6,""estimatedChurnRatePercent"":11,""leadershipVacanciesCount"":0,""secondaryVacanciesCount"":4,""primaryVacanciesCount"":2,""riskRating"":""MODERATE"",""leadershipChurnRatioPercent"":0,""averageYearlyTesAdverts"":6},""scrapedJobsList"":[""Primary Teacher (Posted: Recently; Closes: [object Object]) - TES"",""FS Teacher - available immediately (Posted: Recently; Closes: [object Object]) - TES"",""Secondary PE Teacher (Posted: Recently; Closes: [object Object]) - TES"",""FS Teacher (Available Immediately) (Posted: Recently; Closes: [object Object]) - TES"",""Early Years Teacher (Posted: Recently; Closes: [object Object]) - Globeducate"",""FS Teacher (Posted: Recently; Closes: [object Object]) - TES"",""Physics Teacher | September or January start (Posted: Recently; Closes: [object Object]) - Globeducate""],""vacancies_discovered"":[{""title"":""Primary Teacher"",""department"":""Primary"",""source"":""TES"",""source_url"":""https://www.azerbaijan-british-college.com"",""date_listed"":""Recently"",""date_closing"":""[object Object]"",""status"":""OPEN"",""recruitmentCycle"":""CURRENT""},{""title"":""FS Teacher - available immediately"",""department"":""Secondary"",""source"":""TES"",""source_url"":""https://www.azerbaijan-british-college.com"",""date_listed"":""Recently"",""date_closing"":""[object Object]"",""status"":""OPEN"",""recruitmentCycle"":""CURRENT""},{""title"":""Secondary PE Teacher"",""department"":""Secondary"",""source"":""TES"",""source_url"":""https://www.azerbaijan-british-college.com"",""date_listed"":""Recently"",""date_closing"":""[object Object]"",""status"":""OPEN"",""recruitmentCycle"":""CURRENT""},{""title"":""FS Teacher"",""department"":""Secondary"",""source"":""TES"",""source_url"":""https://www.azerbaijan-british-college.com"",""date_listed"":""Recently"",""date_closing"":""[object Object]"",""status"":""OPEN"",""recruitmentCycle"":""CURRENT""},{""title"":""Early Years Teacher"",""department"":""Primary"",""source"":""Globeducate"",""source_url"":""https://www.azerbaijan-british-college.com"",""date_listed"":""Recently"",""date_closing"":""[object Object]"",""status"":""OPEN"",""recruitmentCycle"":""CURRENT""},{""title"":""Physics Teacher | September or January start"",""department"":""Secondary"",""source"":""Globeducate"",""source_url"":""https://www.azerbaijan-british-college.com"",""date_listed"":""Recently"",""date_closing"":""[object Object]"",""status"":""OPEN"",""recruitmentCycle"":""CURRENT""}],""structured_vacancies"":[{""title"":""Primary Teacher"",""department"":""Primary"",""source"":""TES"",""source_url"":""https://www.azerbaijan-british-college.com"",""date_listed"":""Recently"",""date_closing"":""[object Object]"",""status"":""OPEN"",""recruitmentCycle"":""CURRENT""},{""title"":""FS Teacher - available immediately"",""department"":""Secondary"",""source"":""TES"",""source_url"":""https://www.azerbaijan-british-college.com"",""date_listed"":""Recently"",""date_closing"":""[object Object]"",""status"":""OPEN"",""recruitmentCycle"":""CURRENT""},{""title"":""Secondary PE Teacher"",""department"":""Secondary"",""source"":""TES"",""source_url"":""https://www.azerbaijan-british-college.com"",""date_listed"":""Recently"",""date_closing"":""[object Object]"",""status"":""OPEN"",""recruitmentCycle"":""CURRENT""},{""title"":""FS Teacher"",""department"":""Secondary"",""source"":""TES"",""source_url"":""https://www.azerbaijan-british-college.com"",""date_listed"":""Recently"",""date_closing"":""[object Object]"",""status"":""OPEN"",""recruitmentCycle"":""CURRENT""},{""title"":""Early Years Teacher"",""department"":""Primary"",""source"":""Globeducate"",""source_url"":""https://www.azerbaijan-british-college.com"",""date_listed"":""Recently"",""date_closing"":""[object Object]"",""status"":""OPEN"",""recruitmentCycle"":""CURRENT""},{""title"":""Physics Teacher | September or January start"",""department"":""Secondary"",""source"":""Globeducate"",""source_url"":""https://www.azerbaijan-british-college.com"",""date_listed"":""Recently"",""date_closing"":""[object Object]"",""status"":""OPEN"",""recruitmentCycle"":""CURRENT""}],""total_known_vacancies"":6,""estimated_churn_percentage"":11,""leadership_vacancies_count"":0,""secondary_vacancies_count"":4,""primary_vacancies_count"":2,""leopardfishIntelAlert"":""Leopardfish Multi-Engine Audit: Stable retention pattern with 6 active vacancies detected across TES, GRC Search, and official school portals."",""churn_implications_commentary"":""Leopardfish Multi-Engine Audit: Stable retention pattern with 6 active vacancies detected across TES, GRC Search, and official school portals."",""senior_leadership_churn_percentage"":0}","2026-09-24T16:58:39.260Z","AZN","2025/2026","5000","STRONG_MARKET_EVIDENCE","High","2026-09-25T08:18:33.088Z","5000","https://abc.edu.az","2026-09-25T12:18:17.168Z"
"FLIS0222","8.4","Azerbaijan","18","Baku","8.2","8.2","1:7","MSA","7.5","Baku International School (QSI) offers a premier USD-denominated tax-free package ($39,000–$49,000 USD net/yr) with fully furnished school-provided accommodation, utility coverage, $4,500 annual overseas allowance, $2,000 completion bonus, worldwide health cover, and 100% dependent tuition remission.","6.8","6.8","8.8","Provided","Google","US Curriculum, Advanced Placement (AP)","32","Baku International School","7.5","25%","Worldwide International Health Insurance (Full premium paid by QSI for teacher and minor dependents)",,"$39,000 - $49,000 / year (Tax-Free USD)","QSI",,"Non-Profit","6.8","2026-05-26T10:41:49.010Z","0","[]",,"success","true","QSI Portal, Search Associates","https://www.qsi.org/careers","Baku International School",,,"{""devices"":[],""suite"":[""Google Workspace""],""lms"":[]}","Yes","2026-09-26T06:49:31.214Z","1","FLIS0222","Yes","https://www.qsi.org/careers","25","Yes","true",,,"false","{""_seconds"":1790269424,""_nanoseconds"":43000000}","{""schoolId"":""FLIS0222"",""schoolName"":""Baku International School"",""category"":""MODERATE_TURNOVER"",""statusLabel"":""Moderate Turnover (Healthy)"",""isUpdating"":false,""lastScrapedAt"":""2026-09-24T17:03:00.804Z"",""metrics"":{""estimatedStaffBase"":25,""totalKnownVacancies"":3,""estimatedChurnRatePercent"":12,""leadershipVacanciesCount"":1,""secondaryVacanciesCount"":1,""primaryVacanciesCount"":1,""riskRating"":""MODERATE"",""leadershipChurnRatioPercent"":0,""averageYearlyTesAdverts"":3},""scrapedJobsList"":[""Chemistry Teacher (Posted: Recently; Closes: [object Object]) - Globeducate"",""Head of Administration (Posted: Recently; Closes: [object Object]) - Globeducate"",""Primary Native Teacher (Posted: Recently; Closes: [object Object]) - Globeducate""],""vacancies_discovered"":[{""title"":""Chemistry Teacher"",""department"":""Secondary"",""source"":""Globeducate"",""source_url"":""https://www.baku-international-school.com"",""date_listed"":""Recently"",""date_closing"":""[object Object]"",""status"":""OPEN"",""recruitmentCycle"":""CURRENT""},{""title"":""Head of Administration"",""department"":""Leadership"",""source"":""Globeducate"",""source_url"":""https://www.baku-international-school.com"",""date_listed"":""Recently"",""date_closing"":""[object Object]"",""status"":""OPEN"",""recruitmentCycle"":""CURRENT""},{""title"":""Primary Native Teacher"",""department"":""Primary"",""source"":""Globeducate"",""source_url"":""https://www.baku-international-school.com"",""date_listed"":""Recently"",""date_closing"":""[object Object]"",""status"":""OPEN"",""recruitmentCycle"":""CURRENT""}],""structured_vacancies"":[{""title"":""Chemistry Teacher"",""department"":""Secondary"",""source"":""Globeducate"",""source_url"":""https://www.baku-international-school.com"",""date_listed"":""Recently"",""date_closing"":""[object Object]"",""status"":""OPEN"",""recruitmentCycle"":""CURRENT""},{""title"":""Head of Administration"",""department"":""Leadership"",""source"":""Globeducate"",""source_url"":""https://www.baku-international-school.com"",""date_listed"":""Recently"",""date_closing"":""[object Object]"",""status"":""OPEN"",""recruitmentCycle"":""CURRENT""},{""title"":""Primary Native Teacher"",""department"":""Primary"",""source"":""Globeducate"",""source_url"":""https://www.baku-international-school.com"",""date_listed"":""Recently"",""date_closing"":""[object Object]"",""status"":""OPEN"",""recruitmentCycle"":""CURRENT""}],""total_known_vacancies"":3,""estimated_churn_percentage"":12,""leadership_vacancies_count"":1,""secondary_vacancies_count"":1,""primary_vacancies_count"":1,""leopardfishIntelAlert"":""Leopardfish Multi-Engine Audit: Stable retention pattern with 3 active vacancies detected across TES, GRC Search, and official school portals."",""churn_implications_commentary"":""Leopardfish Multi-Engine Audit: Stable retention pattern with 3 active vacancies detected across TES, GRC Search, and official school portals."",""senior_leadership_churn_percentage"":0}","2026-09-24T17:03:00.804Z","AZN","2025/2026","4600","STRONG_MARKET_EVIDENCE","High","2026-09-25T08:18:33.088Z","4600","https://baku.qsi.org","2026-09-25T12:18:17.168Z"
"FLIS0223","6.8","Azerbaijan","24","Baku","6.8","6.8","1:9","CIE","7.0","UK curriculum school in Baku, For-Profit, with 1:9 ratio format and Mixed LMS.","6.5","6.8","8.5","Yes","Mixed","UK","72","Baku Oxford School","6.8","20%","Yes",,"$2,166","Private",,"For-Profit","6.8","2026-05-26T10:41:49.010Z","0","[]",,"success","true","Teacher Horizons, LinkedIn","https://www.bakuoxfordschool.com/employment","Baku Oxford School","1076164","baku-oxford-school-1076164","{""devices"":[""Mixed Devices""],""suite"":[],""lms"":[]}","Yes","2026-09-26T06:49:31.214Z","1","FLIS0223","Yes","https://www.bakuoxfordschool.com/employment","60","Yes","true",,,"false","{""_seconds"":1790269616,""_nanoseconds"":443000000}","{""schoolId"":""FLIS0223"",""schoolName"":""Baku Oxford School"",""category"":""LOW_TURNOVER"",""statusLabel"":""Low Turnover (Stable)"",""isUpdating"":false,""lastScrapedAt"":""2026-09-24T17:06:34.746Z"",""metrics"":{""estimatedStaffBase"":60,""totalKnownVacancies"":2,""estimatedChurnRatePercent"":3,""leadershipVacanciesCount"":0,""secondaryVacanciesCount"":2,""primaryVacanciesCount"":0,""riskRating"":""LOW"",""leadershipChurnRatioPercent"":0,""averageYearlyTesAdverts"":2},""scrapedJobsList"":[""Design Technology Teacher (Posted: Recently; Closes: [object Object]) - Globeducate"",""Teacher of Design Technology (Posted: Recently; Closes: [object Object]) - Globeducate""],""vacancies_discovered"":[{""title"":""Design Technology Teacher"",""department"":""Secondary"",""source"":""Globeducate"",""source_url"":""https://www.baku-oxford-school.com"",""date_listed"":""Recently"",""date_closing"":""[object Object]"",""status"":""OPEN"",""recruitmentCycle"":""CURRENT""},{""title"":""Teacher of Design Technology"",""department"":""Secondary"",""source"":""Globeducate"",""source_url"":""https://www.baku-oxford-school.com"",""date_listed"":""Recently"",""date_closing"":""[object Object]"",""status"":""OPEN"",""recruitmentCycle"":""CURRENT""}],""structured_vacancies"":[{""title"":""Design Technology Teacher"",""department"":""Secondary"",""source"":""Globeducate"",""source_url"":""https://www.baku-oxford-school.com"",""date_listed"":""Recently"",""date_closing"":""[object Object]"",""status"":""OPEN"",""recruitmentCycle"":""CURRENT""},{""title"":""Teacher of Design Technology"",""department"":""Secondary"",""source"":""Globeducate"",""source_url"":""https://www.baku-oxford-school.com"",""date_listed"":""Recently"",""date_closing"":""[object Object]"",""status"":""OPEN"",""recruitmentCycle"":""CURRENT""}],""total_known_vacancies"":2,""estimated_churn_percentage"":3,""leadership_vacancies_count"":0,""secondary_vacancies_count"":2,""primary_vacancies_count"":0,""leopardfishIntelAlert"":""Leopardfish Multi-Engine Audit: Stable retention pattern with 2 active vacancies detected across TES, GRC Search, and official school portals."",""churn_implications_commentary"":""Leopardfish Multi-Engine Audit: Stable retention pattern with 2 active vacancies detected across TES, GRC Search, and official school portals."",""senior_leadership_churn_percentage"":0}","2026-09-24T17:06:34.746Z","AZN","2025/2026","3750","MODELLED_ESTIMATE","Medium","2026-09-25T07:25:58.683Z","3750","https://www.bakuoxfordschool.com","2026-09-25T12:18:17.168Z"
"FLIS0224","7.0","Azerbaijan","22","Baku","7.2","7.2","1:9","IBO","7.2","Khazar University Dunya IB School offers a hybrid university-affiliated compensation package ($22,000–$32,000 USD net/yr) with provided Baku apartment housing/allowance, annual round-trip flight, local private medical cover, and sponsored IB training workshops.","6.2","6.8","8.2","Provided","Mixed","IB (PYP, MYP, DP)","58","Khazar University Dunya IB School","6.8","20%","Local Private Medical Insurance across Baku clinics",,"$1,833","University",,"Non-Profit","6.8","2026-05-26T10:41:49.010Z","0","[]",,"success","true","Khazar University Portal, IB World Schools Board, LinkedIn","https://khazar.org/en/item/510","Khazar University Dunya IB School",,,"{""devices"":[""Mixed Devices""],""suite"":[],""lms"":[]}","Yes","1789148314021","0","FLIS0224","Yes","https://khazar.org/en/item/510","50","Yes","true",,,"false","{""_nanoseconds"":998000000,""_seconds"":1788076579}",,"2026-08-30T07:56:19.997Z","AZN","2025/2026","3000","MODELLED_ESTIMATE","Medium","2026-09-25T08:18:33.088Z","3000","https://dunya.khazar.org","2026-09-25T12:18:17.168Z"
"FLIS0225","7.0","Azerbaijan","24","Baku","6.8","6.8","1:10","CIE","7.0","UK curriculum school in Baku, For-Profit, with 1:10 ratio format and Microsoft LMS.","6.5","6.8","8.5","Provided (Expat Compound Villa / Corporate Leased Apartment)","Microsoft","UK","95","Modern Educational Complex Named in Honor of Heydar Aliyev","6.5","18%","Yes",,"$2,000","Private",,"For-Profit","6.8","2026-05-26T10:41:49.010Z","0","[]",,"success","true","JobSearch.az, LinkedIn","https://www.mtk.edu.az/en/vacancies","Modern Educational Complex Named in Honor of Heydar Aliyev",,,"{""devices"":[""Microsoft PC""],""suite"":[""Microsoft 365""],""lms"":[]}","Yes","1789148314021","0","FLIS0225","Yes","https://www.mtk.edu.az/en/vacancies","80","Yes","true",,,"false","{""_nanoseconds"":201000000,""_seconds"":1788076579}",,"2026-08-30T07:56:19.199Z","AZN","2025/2026","3800","MODELLED_ESTIMATE","Medium","2026-09-25T11:08:43.860Z","3800","https://mtk.edu.az/az/vacancies","2026-09-25T12:18:17.168Z"
"FLIS0226","8.8","Azerbaijan","18","Baku","8.4","8.4","1:6","CIS","8.5","The International School of Azerbaijan (TISA) provides a premier diplomatic/oil-sector expat package with 100% school-provided furnished housing, covered utilities, international health coverage, and an outstanding ~71% net savings margin in Baku.","8.2","6.8","9.2","Provided","Google","IB (PYP, MYP, DP)","55","The International School of Azerbaijan","8.0","30%","Worldwide International Comprehensive Health Cover",,"$42,000 - $54,000 / year (Tax-Free USD)","Board",,"Non-Profit","6.8","2026-05-26T10:41:49.010Z","0","[]",,"success","true","Search Associates, ISS, Schrole, LinkedIn","https://www.tisa.az/careers","The International School of Azerbaijan",,,"{""devices"":[],""suite"":[""Google Workspace""],""lms"":[]}","Yes","2026-09-25T12:06:09.708Z","1","FLIS0226","Yes","https://www.tisa.az/about-us/working-at-tisa/","45","Yes","true",,,"false","{""_nanoseconds"":678000000,""_seconds"":1788076575}",,"2026-08-30T07:56:15.677Z","AZN","2025/2026","5417","STRONG_MARKET_EVIDENCE","High","2026-09-25T07:25:58.683Z","5417","https://www.tisa.az/about-us/working-at-tisa/","2026-09-25T12:18:17.168Z"
"FLIS0227","8.1","France","20","Paris","Established","8.3","1:10","French MOE, IB World School, Cambridge International, ECIS","8.5","Bilingual French and international IB curriculum flagship in central Paris.",,,,"Self-Funded (Petite Couronne Commuter Benchmark: €1,150/mo; Boulogne/Issy/Levallois via direct Metro/RER. Garantie Visale institutional guarantor support provided)",,"French / IGCSE / IB DP",,"EIB Paris International School",,"20%",,,"$3,600",,,"Globeducate",,,,,,"success","true","Globeducate","https://eibparis.schoolrecruiter.com","EIB Paris International School",,,,,"1790193420261","6","FLIS0227","For-Profit","https://eibparis.schoolrecruiter.com",,"For-Profit","true",,,"false","{""_seconds"":1789148265,""_nanoseconds"":286000000}","{""schoolId"":""FLIS0243"",""schoolName"":""EIB Paris International School"",""category"":""LOW_TURNOVER"",""statusLabel"":""Low Turnover (Stable)"",""isUpdating"":false,""lastScrapedAt"":""2026-09-11T17:28:01.987Z"",""metrics"":{""estimatedStaffBase"":60,""totalKnownVacancies"":7,""estimatedChurnRatePercent"":12,""leadershipVacanciesCount"":0,""secondaryVacanciesCount"":7,""primaryVacanciesCount"":0,""riskRating"":""LOW"",""leadershipChurnRatioPercent"":0,""averageYearlyTesAdverts"":7},""scrapedJobsList"":[""Responsable recrutement et formation (Posted: 2026-09-01T17:45:02.144Z) - Globeducate"",""Art Teacher (Posted: 2026-09-01T17:45:02.143Z) - Globeducate"",""History & Geography Teacher (Posted: 2026-09-01T17:49:24.466Z) - Globeducate"",""English Teacher (Posted: 2026-09-01T17:49:24.466Z) - Globeducate"",""Spanish Teacher (Posted: 2026-09-01T17:49:24.466Z) - Globeducate"",""French as a Foreign Language (FLE) Teacher (Posted: 2026-09-01T17:49:24.470Z) - Globeducate"",""French Teacher (Posted: 2026-09-01T17:49:24.466Z) - Globeducate"",""Responsable recrutement et formation (Posted: Recently; Closes: Rolling) - Globeducate"",""Art Teacher (Posted: Recently; Closes: Rolling) - Globeducate"",""History & Geography Teacher (Posted: Recently; Closes: Rolling) - Globeducate"",""English Teacher (Posted: Recently; Closes: Rolling) - Globeducate"",""Spanish Teacher (Posted: Recently; Closes: Rolling) - Globeducate"",""French as a Foreign Language (FLE) Teacher (Posted: Recently; Closes: Rolling) - Globeducate"",""French Teacher (Posted: Recently; Closes: Rolling) - Globeducate""],""vacancies_discovered"":[{""title"":""French as a Foreign Language"",""department"":""Secondary"",""source"":""Globeducate"",""source_url"":""https://www.eib-paris-international-school.com"",""date_listed"":""2026-09-01T17:49:24.470Z"",""date_closing"":null,""status"":""OPEN"",""recruitmentCycle"":""CURRENT""},{""title"":""History & Geography Teacher"",""department"":""Secondary"",""source"":""Globeducate"",""source_url"":""https://www.eib-paris-international-school.com"",""date_listed"":""2026-09-01T17:49:24.466Z"",""date_closing"":null,""status"":""OPEN"",""recruitmentCycle"":""CURRENT""},{""title"":""English Teacher"",""department"":""Secondary"",""source"":""Globeducate"",""source_url"":""https://www.eib-paris-international-school.com"",""date_listed"":""2026-09-01T17:49:24.466Z"",""date_closing"":null,""status"":""OPEN"",""recruitmentCycle"":""CURRENT""},{""title"":""Spanish Teacher"",""department"":""Secondary"",""source"":""Globeducate"",""source_url"":""https://www.eib-paris-international-school.com"",""date_listed"":""2026-09-01T17:49:24.466Z"",""date_closing"":null,""status"":""OPEN"",""recruitmentCycle"":""CURRENT""},{""title"":""French Teacher"",""department"":""Secondary"",""source"":""Globeducate"",""source_url"":""https://www.eib-paris-international-school.com"",""date_listed"":""2026-09-01T17:49:24.466Z"",""date_closing"":null,""status"":""OPEN"",""recruitmentCycle"":""CURRENT""},{""title"":""Responsable recrutement et formation"",""department"":""Secondary"",""source"":""Globeducate"",""source_url"":""https://www.eib-paris-international-school.com"",""date_listed"":""2026-09-01T17:45:02.144Z"",""date_closing"":null,""status"":""OPEN"",""recruitmentCycle"":""CURRENT""},{""title"":""Art Teacher"",""department"":""Secondary"",""source"":""Globeducate"",""source_url"":""https://www.eib-paris-international-school.com"",""date_listed"":""2026-09-01T17:45:02.143Z"",""date_closing"":null,""status"":""OPEN"",""recruitmentCycle"":""CURRENT""}],""structured_vacancies"":[{""title"":""French as a Foreign Language"",""department"":""Secondary"",""source"":""Globeducate"",""source_url"":""https://www.eib-paris-international-school.com"",""date_listed"":""2026-09-01T17:49:24.470Z"",""date_closing"":null,""status"":""OPEN"",""recruitmentCycle"":""CURRENT""},{""title"":""History & Geography Teacher"",""department"":""Secondary"",""source"":""Globeducate"",""source_url"":""https://www.eib-paris-international-school.com"",""date_listed"":""2026-09-01T17:49:24.466Z"",""date_closing"":null,""status"":""OPEN"",""recruitmentCycle"":""CURRENT""},{""title"":""English Teacher"",""department"":""Secondary"",""source"":""Globeducate"",""source_url"":""https://www.eib-paris-international-school.com"",""date_listed"":""2026-09-01T17:49:24.466Z"",""date_closing"":null,""status"":""OPEN"",""recruitmentCycle"":""CURRENT""},{""title"":""Spanish Teacher"",""department"":""Secondary"",""source"":""Globeducate"",""source_url"":""https://www.eib-paris-international-school.com"",""date_listed"":""2026-09-01T17:49:24.466Z"",""date_closing"":null,""status"":""OPEN"",""recruitmentCycle"":""CURRENT""},{""title"":""French Teacher"",""department"":""Secondary"",""source"":""Globeducate"",""source_url"":""https://www.eib-paris-international-school.com"",""date_listed"":""2026-09-01T17:49:24.466Z"",""date_closing"":null,""status"":""OPEN"",""recruitmentCycle"":""CURRENT""},{""title"":""Responsable recrutement et formation"",""department"":""Secondary"",""source"":""Globeducate"",""source_url"":""https://www.eib-paris-international-school.com"",""date_listed"":""2026-09-01T17:45:02.144Z"",""date_closing"":null,""status"":""OPEN"",""recruitmentCycle"":""CURRENT""},{""title"":""Art Teacher"",""department"":""Secondary"",""source"":""Globeducate"",""source_url"":""https://www.eib-paris-international-school.com"",""date_listed"":""2026-09-01T17:45:02.143Z"",""date_closing"":null,""status"":""OPEN"",""recruitmentCycle"":""CURRENT""}],""total_known_vacancies"":7,""estimated_churn_percentage"":12,""leadership_vacancies_count"":0,""secondary_vacancies_count"":7,""primary_vacancies_count"":0,""leopardfishIntelAlert"":""Leopardfish Multi-Engine Audit: Stable retention pattern with 7 active vacancies detected across TES, GRC Search, and official school portals."",""churn_implications_commentary"":""Leopardfish Multi-Engine Audit: Stable retention pattern with 7 active vacancies detected across TES, GRC Search, and official school portals."",""senior_leadership_churn_percentage"":0}","2026-09-11T17:28:01.987Z","EUR","2025/2026","2450","STRONG_MARKET_EVIDENCE","High","2026-09-25T10:23:46.688Z","2450","https://www.eibparis.com","2026-09-25T12:18:17.168Z"
"FLIS0228","8.2","France","18","Paris","Established","8.4","1:9","IB World School, ECIS","8.6","Full IB continuum international school in the 15th arrondissement of Paris.",,,,"Self-Funded (Petite Couronne Commuter Benchmark: €1,150/mo; Boulogne/Issy/Levallois via direct Metro/RER. Garantie Visale institutional guarantor support provided)",,"IB Continuum (PYP, MYP, DP)",,"ICS Paris International School",,"22%",,,"$3,700",,,"Globeducate",,,,,,"success","true","Globeducate","https://icsparis.schoolrecruiter.com","ICS Paris International School",,,,,"1790193420261","0","FLIS0228","For-Profit","https://icsparis.schoolrecruiter.com",,"For-Profit","true",,,"false","{""_seconds"":1789147682,""_nanoseconds"":256000000}","{""schoolId"":""FLIS0244"",""schoolName"":""ICS Paris International School"",""category"":""INSIGHT_UNAVAILABLE"",""statusLabel"":""Low Turnover (Stable)"",""isUpdating"":false,""lastScrapedAt"":""2026-09-11T17:28:02.243Z"",""metrics"":{""estimatedStaffBase"":60,""totalKnownVacancies"":0,""estimatedChurnRatePercent"":0,""leadershipVacanciesCount"":0,""secondaryVacanciesCount"":0,""primaryVacanciesCount"":0,""riskRating"":""INSIGHT_UNAVAILABLE"",""leadershipChurnRatioPercent"":0,""averageYearlyTesAdverts"":0},""scrapedJobsList"":[],""vacancies_discovered"":[],""structured_vacancies"":[],""total_known_vacancies"":0,""estimated_churn_percentage"":0,""leadership_vacancies_count"":0,""secondary_vacancies_count"":0,""primary_vacancies_count"":0,""leopardfishIntelAlert"":""No active public vacancies have been detected for this institution within the current 12-month recruitment cycle. This indicates either an exceptionally high staff retention profile or the utilization of localized, non-indexed internal application portals. Quantitative stability metrics cannot be calculated at this time."",""churn_implications_commentary"":""No active public vacancies have been detected for this institution within the current 12-month recruitment cycle. This indicates either an exceptionally high staff retention profile or the utilization of localized, non-indexed internal application portals. Quantitative stability metrics cannot be calculated at this time."",""senior_leadership_churn_percentage"":0,""staffroom_commentary"":""No active public vacancies have been detected for this institution within the current 12-month recruitment cycle. This indicates either an exceptionally high staff retention profile or the utilization of localized, non-indexed internal application portals. Quantitative stability metrics cannot be calculated at this time.""}","2026-09-11T17:28:02.243Z","EUR","2025/2026","2500","STRONG_MARKET_EVIDENCE","High","2026-09-25T10:23:46.688Z","2500","https://www.icsparis.fr","2026-09-25T12:18:17.168Z"
"FLIS0229","6.0","Cyprus","22","Limassol","Established","7.0","1:11","Cyprus MOE, Cambridge International, Pearson Edexcel, IB World School","7.9","Globeducate network school with campuses across Cyprus, tightly compressed by Limassol living costs.",,,,"Not Included",,"IB DP / Cambridge / Apolytirion",,"PASCAL International Education Cyprus",,"20%",,,"$2,070",,,"Globeducate",,,,,,"success","true","Globeducate","https://pascal.schoolrecruiter.com/","PASCAL International Education Cyprus",,,,,"1790337468362","9","FLIS0229","For-Profit","https://pascal.schoolrecruiter.com/",,"For-Profit","true",,,"false","{""_seconds"":1789147684,""_nanoseconds"":714000000}","{""schoolId"":""FLIS0245"",""schoolName"":""PASCAL International Education Cyprus"",""category"":""LOW_TURNOVER"",""statusLabel"":""Low Turnover (Stable)"",""isUpdating"":false,""lastScrapedAt"":""2026-09-11T17:28:04.044Z"",""metrics"":{""estimatedStaffBase"":60,""totalKnownVacancies"":9,""estimatedChurnRatePercent"":15,""leadershipVacanciesCount"":0,""secondaryVacanciesCount"":7,""primaryVacanciesCount"":2,""riskRating"":""LOW"",""leadershipChurnRatioPercent"":0,""averageYearlyTesAdverts"":9},""scrapedJobsList"":[""People & Culture Officer (Posted: 2026-09-01T17:45:02.143Z) - Globeducate"",""French Teacher (Maternity Cover) (Posted: 2026-09-01T17:49:24.470Z) - Globeducate"",""Chemistry Teacher (Posted: 2026-09-01T17:45:02.143Z) - Globeducate"",""Mathematics Teacher (Posted: 2026-09-01T17:45:02.143Z) - Globeducate"",""English Teacher (Posted: 2026-09-01T17:49:24.465Z) - Globeducate"",""Biology Teacher (Posted: 2026-09-01T17:49:24.466Z) - Globeducate"",""Class Teacher (Posted: 2026-09-01T17:49:24.465Z) - Globeducate"",""Greek Teacher (Posted: 2026-09-01T17:49:24.470Z) - Globeducate"",""Early Years Practitioner | Kindergarten Teacher (Posted: 2026-09-01T17:49:24.470Z) - Globeducate"",""Biology Teacher (Posted: Recently; Closes: Rolling) - Globeducate"",""Chemistry Teacher (Posted: Recently; Closes: Rolling) - Globeducate"",""Class Teacher (Posted: Recently; Closes: Rolling) - Globeducate"",""Early Years Practitioner | Kindergarten Teacher (Posted: Recently; Closes: Rolling) - Globeducate"",""English Teacher (Posted: Recently; Closes: Rolling) - Globeducate"",""French Teacher (Maternity Cover) (Posted: Recently; Closes: Rolling) - Globeducate"",""French Teacher (Posted: Recently; Closes: Rolling) - Globeducate"",""Greek Teacher (Posted: Recently; Closes: Rolling) - Globeducate"",""Mathematics Teacher (Posted: Recently; Closes: Rolling) - Globeducate"",""People & Culture Officer (Posted: Recently; Closes: Rolling) - Globeducate""],""vacancies_discovered"":[{""title"":""French Teacher"",""department"":""Secondary"",""source"":""Globeducate"",""source_url"":""https://www.pascal-international-education-cyprus.com"",""date_listed"":""2026-09-01T17:49:24.470Z"",""date_closing"":null,""status"":""OPEN"",""recruitmentCycle"":""CURRENT""},{""title"":""Greek Teacher"",""department"":""Secondary"",""source"":""Globeducate"",""source_url"":""https://www.pascal-international-education-cyprus.com"",""date_listed"":""2026-09-01T17:49:24.470Z"",""date_closing"":null,""status"":""OPEN"",""recruitmentCycle"":""CURRENT""},{""title"":""Early Years Practitioner | Kindergarten Teacher"",""department"":""Primary"",""source"":""Globeducate"",""source_url"":""https://www.pascal-international-education-cyprus.com"",""date_listed"":""2026-09-01T17:49:24.470Z"",""date_closing"":null,""status"":""OPEN"",""recruitmentCycle"":""CURRENT""},{""title"":""Biology Teacher"",""department"":""Secondary"",""source"":""Globeducate"",""source_url"":""https://www.pascal-international-education-cyprus.com"",""date_listed"":""2026-09-01T17:49:24.466Z"",""date_closing"":null,""status"":""OPEN"",""recruitmentCycle"":""CURRENT""},{""title"":""English Teacher"",""department"":""Secondary"",""source"":""Globeducate"",""source_url"":""https://www.pascal-international-education-cyprus.com"",""date_listed"":""2026-09-01T17:49:24.465Z"",""date_closing"":null,""status"":""OPEN"",""recruitmentCycle"":""CURRENT""},{""title"":""Class Teacher"",""department"":""Primary"",""source"":""Globeducate"",""source_url"":""https://www.pascal-international-education-cyprus.com"",""date_listed"":""2026-09-01T17:49:24.465Z"",""date_closing"":null,""status"":""OPEN"",""recruitmentCycle"":""CURRENT""},{""title"":""People & Culture Officer"",""department"":""Secondary"",""source"":""Globeducate"",""source_url"":""https://www.pascal-international-education-cyprus.com"",""date_listed"":""2026-09-01T17:45:02.143Z"",""date_closing"":null,""status"":""OPEN"",""recruitmentCycle"":""CURRENT""},{""title"":""Chemistry Teacher"",""department"":""Secondary"",""source"":""Globeducate"",""source_url"":""https://www.pascal-international-education-cyprus.com"",""date_listed"":""2026-09-01T17:45:02.143Z"",""date_closing"":null,""status"":""OPEN"",""recruitmentCycle"":""CURRENT""},{""title"":""Mathematics Teacher"",""department"":""Secondary"",""source"":""Globeducate"",""source_url"":""https://www.pascal-international-education-cyprus.com"",""date_listed"":""2026-09-01T17:45:02.143Z"",""date_closing"":null,""status"":""OPEN"",""recruitmentCycle"":""CURRENT""}],""structured_vacancies"":[{""title"":""French Teacher"",""department"":""Secondary"",""source"":""Globeducate"",""source_url"":""https://www.pascal-international-education-cyprus.com"",""date_listed"":""2026-09-01T17:49:24.470Z"",""date_closing"":null,""status"":""OPEN"",""recruitmentCycle"":""CURRENT""},{""title"":""Greek Teacher"",""department"":""Secondary"",""source"":""Globeducate"",""source_url"":""https://www.pascal-international-education-cyprus.com"",""date_listed"":""2026-09-01T17:49:24.470Z"",""date_closing"":null,""status"":""OPEN"",""recruitmentCycle"":""CURRENT""},{""title"":""Early Years Practitioner | Kindergarten Teacher"",""department"":""Primary"",""source"":""Globeducate"",""source_url"":""https://www.pascal-international-education-cyprus.com"",""date_listed"":""2026-09-01T17:49:24.470Z"",""date_closing"":null,""status"":""OPEN"",""recruitmentCycle"":""CURRENT""},{""title"":""Biology Teacher"",""department"":""Secondary"",""source"":""Globeducate"",""source_url"":""https://www.pascal-international-education-cyprus.com"",""date_listed"":""2026-09-01T17:49:24.466Z"",""date_closing"":null,""status"":""OPEN"",""recruitmentCycle"":""CURRENT""},{""title"":""English Teacher"",""department"":""Secondary"",""source"":""Globeducate"",""source_url"":""https://www.pascal-international-education-cyprus.com"",""date_listed"":""2026-09-01T17:49:24.465Z"",""date_closing"":null,""status"":""OPEN"",""recruitmentCycle"":""CURRENT""},{""title"":""Class Teacher"",""department"":""Primary"",""source"":""Globeducate"",""source_url"":""https://www.pascal-international-education-cyprus.com"",""date_listed"":""2026-09-01T17:49:24.465Z"",""date_closing"":null,""status"":""OPEN"",""recruitmentCycle"":""CURRENT""},{""title"":""People & Culture Officer"",""department"":""Secondary"",""source"":""Globeducate"",""source_url"":""https://www.pascal-international-education-cyprus.com"",""date_listed"":""2026-09-01T17:45:02.143Z"",""date_closing"":null,""status"":""OPEN"",""recruitmentCycle"":""CURRENT""},{""title"":""Chemistry Teacher"",""department"":""Secondary"",""source"":""Globeducate"",""source_url"":""https://www.pascal-international-education-cyprus.com"",""date_listed"":""2026-09-01T17:45:02.143Z"",""date_closing"":null,""status"":""OPEN"",""recruitmentCycle"":""CURRENT""},{""title"":""Mathematics Teacher"",""department"":""Secondary"",""source"":""Globeducate"",""source_url"":""https://www.pascal-international-education-cyprus.com"",""date_listed"":""2026-09-01T17:45:02.143Z"",""date_closing"":null,""status"":""OPEN"",""recruitmentCycle"":""CURRENT""}],""total_known_vacancies"":9,""estimated_churn_percentage"":15,""leadership_vacancies_count"":0,""secondary_vacancies_count"":7,""primary_vacancies_count"":2,""leopardfishIntelAlert"":""Leopardfish Multi-Engine Audit: Stable retention pattern with 9 active vacancies detected across TES, GRC Search, and official school portals."",""churn_implications_commentary"":""Leopardfish Multi-Engine Audit: Stable retention pattern with 9 active vacancies detected across TES, GRC Search, and official school portals."",""senior_leadership_churn_percentage"":0}","2026-09-11T17:28:04.044Z","EUR","2025/2026","1850","STRONG_MARKET_EVIDENCE","High","2026-09-25T08:18:33.088Z","1850","https://www.pascal.ac.cy","2026-09-25T12:18:17.168Z"
"FLIS0230","8.1","Spain","20","Villaviciosa de Odón, Madrid","Established","8.3","1:10","IB World School, Spanish MOE, Eco-Schools","8.5","Expansive IB World School campus located in Villaviciosa de Odón, Madrid.",,,,"€700–1,000/mo allowance/self",,"Spanish / IB Continuum",,"Agora Madrid International School",,"20%",,,"$2,850",,,"Globeducate",,,,,,"success","true","Globeducate","https://madrid.agorainternationalschool.es/en/work-with-us","Agora Madrid International School",,,,,"1790193420261","2","FLIS0230","For-Profit","https://madrid.agorainternationalschool.es/en/work-with-us",,"For-Profit","true",,,"false","{""_seconds"":1789147878,""_nanoseconds"":47000000}","{""schoolId"":""FLIS0246"",""schoolName"":""Agora Madrid International School"",""category"":""LOW_TURNOVER"",""statusLabel"":""Low Turnover (Stable)"",""isUpdating"":false,""lastScrapedAt"":""2026-09-11T17:27:18.837Z"",""metrics"":{""estimatedStaffBase"":60,""totalKnownVacancies"":2,""estimatedChurnRatePercent"":3,""leadershipVacanciesCount"":0,""secondaryVacanciesCount"":2,""primaryVacanciesCount"":0,""riskRating"":""LOW"",""leadershipChurnRatioPercent"":0,""averageYearlyTesAdverts"":2},""scrapedJobsList"":[""Biology Teacher (Posted: 2026-09-01T17:49:24.466Z) - Globeducate"",""German Teacher (Posted: 2026-09-01T17:49:24.466Z) - Globeducate"",""Biology Teacher (Posted: Recently; Closes: Rolling) - Globeducate"",""German Teacher (Posted: Recently; Closes: Rolling) - Globeducate""],""vacancies_discovered"":[{""title"":""Biology Teacher"",""department"":""Secondary"",""source"":""Globeducate"",""source_url"":""https://www.agora-madrid-international-school.com"",""date_listed"":""2026-09-01T17:49:24.466Z"",""date_closing"":null,""status"":""OPEN"",""recruitmentCycle"":""CURRENT""},{""title"":""German Teacher"",""department"":""Secondary"",""source"":""Globeducate"",""source_url"":""https://www.agora-madrid-international-school.com"",""date_listed"":""2026-09-01T17:49:24.466Z"",""date_closing"":null,""status"":""OPEN"",""recruitmentCycle"":""CURRENT""}],""structured_vacancies"":[{""title"":""Biology Teacher"",""department"":""Secondary"",""source"":""Globeducate"",""source_url"":""https://www.agora-madrid-international-school.com"",""date_listed"":""2026-09-01T17:49:24.466Z"",""date_closing"":null,""status"":""OPEN"",""recruitmentCycle"":""CURRENT""},{""title"":""German Teacher"",""department"":""Secondary"",""source"":""Globeducate"",""source_url"":""https://www.agora-madrid-international-school.com"",""date_listed"":""2026-09-01T17:49:24.466Z"",""date_closing"":null,""status"":""OPEN"",""recruitmentCycle"":""CURRENT""}],""total_known_vacancies"":2,""estimated_churn_percentage"":3,""leadership_vacancies_count"":0,""secondary_vacancies_count"":2,""primary_vacancies_count"":0,""leopardfishIntelAlert"":""Leopardfish Multi-Engine Audit: Stable retention pattern with 2 active vacancies detected across TES, GRC Search, and official school portals."",""churn_implications_commentary"":""Leopardfish Multi-Engine Audit: Stable retention pattern with 2 active vacancies detected across TES, GRC Search, and official school portals."",""senior_leadership_churn_percentage"":0}","2026-09-11T17:27:18.837Z","EUR","2025/2026","1900","STRONG_MARKET_EVIDENCE","High","2026-09-25T08:18:33.088Z","1900","https://madrid.agorainternationalschool.es","2026-09-25T12:18:17.168Z"
"FLIS0231","8.2","Spain","24","Rocafort, Valencia","Established","8.3","1:12","BSO Outstanding, NABSS, Spanish MOE","8.4","Leading BSO-inspected British international school in Rocafort, Valencia.",,,,"€600–900/mo allowance/self",,"UK National / IGCSE / A-Levels / BTEC",,"Cambridge House British International School",,"20%",,,"$2,650",,,"Globeducate",,,,,,"success","true","Globeducate","https://cambridgehouse.schoolrecruiter.com","Cambridge House British International School",,,,,"1789148314021","0","FLIS0231","For-Profit","https://cambridgehouse.schoolrecruiter.com",,"For-Profit","true",,,"false","{""_seconds"":1789147685,""_nanoseconds"":419000000}","{""schoolId"":""FLIS0248"",""schoolName"":""Cambridge House British International School"",""category"":""LOW_TURNOVER"",""statusLabel"":""Low Turnover (Stable)"",""isUpdating"":false,""lastScrapedAt"":""2026-09-11T17:27:18.938Z"",""metrics"":{""estimatedStaffBase"":60,""totalKnownVacancies"":1,""estimatedChurnRatePercent"":2,""leadershipVacanciesCount"":0,""secondaryVacanciesCount"":1,""primaryVacanciesCount"":0,""riskRating"":""LOW"",""leadershipChurnRatioPercent"":0,""averageYearlyTesAdverts"":1},""scrapedJobsList"":[""Reprographics & Uniform Assistant (Posted: 2026-09-01T17:49:24.466Z) - Globeducate"",""Reprographics & Uniform Assistant (Posted: Recently; Closes: Rolling) - Globeducate""],""vacancies_discovered"":[{""title"":""Reprographics & Uniform Assistant"",""department"":""Secondary"",""source"":""Globeducate"",""source_url"":""https://www.cambridge-house-british-international-school.com"",""date_listed"":""2026-09-01T17:49:24.466Z"",""date_closing"":null,""status"":""OPEN"",""recruitmentCycle"":""CURRENT""}],""structured_vacancies"":[{""title"":""Reprographics & Uniform Assistant"",""department"":""Secondary"",""source"":""Globeducate"",""source_url"":""https://www.cambridge-house-british-international-school.com"",""date_listed"":""2026-09-01T17:49:24.466Z"",""date_closing"":null,""status"":""OPEN"",""recruitmentCycle"":""CURRENT""}],""total_known_vacancies"":1,""estimated_churn_percentage"":2,""leadership_vacancies_count"":0,""secondary_vacancies_count"":1,""primary_vacancies_count"":0,""leopardfishIntelAlert"":""Leopardfish Multi-Engine Audit: Stable retention pattern with 1 active vacancies detected across TES, GRC Search, and official school portals."",""churn_implications_commentary"":""Leopardfish Multi-Engine Audit: Stable retention pattern with 1 active vacancies detected across TES, GRC Search, and official school portals."",""senior_leadership_churn_percentage"":0}","2026-09-11T17:27:18.938Z","EUR","2025/2026","1800","STRONG_MARKET_EVIDENCE","High","2026-09-25T08:18:33.088Z","1800","https://cambridgehouse.es","2026-09-25T12:18:17.168Z"
"FLIS0232",,"Tanzania",,"Moshi & Arusha",,"8.8",,,,,,,,"Accommodation Included: Provided single-story compound housing with 24/7 security",,"IB","85","UWC East Africa",,,"Comprehensive Private Worldwide Medical Insurance",,"$2,000 USD/mo net",,,,,,"0","[]",,"success","true",,"https://employ.uwcea.org","UWC East Africa",,,,"Accommodation Included: Provided single-story compound housing with 24/7 security","1789148314021","0","FLIS0232",,"https://employ.uwcea.org","85",,"true",,,"false","{""_seconds"":1789147638,""_nanoseconds"":239000000}","{""schoolId"":""FLIS0249"",""schoolName"":""UWC East Africa"",""category"":""INSIGHT_UNAVAILABLE"",""statusLabel"":""Low Turnover (Stable)"",""isUpdating"":false,""lastScrapedAt"":""2026-09-11T17:27:18.235Z"",""metrics"":{""estimatedStaffBase"":60,""totalKnownVacancies"":0,""estimatedChurnRatePercent"":0,""leadershipVacanciesCount"":0,""secondaryVacanciesCount"":0,""primaryVacanciesCount"":0,""riskRating"":""INSIGHT_UNAVAILABLE"",""leadershipChurnRatioPercent"":0,""averageYearlyTesAdverts"":0},""scrapedJobsList"":[],""vacancies_discovered"":[],""structured_vacancies"":[],""total_known_vacancies"":0,""estimated_churn_percentage"":0,""leadership_vacancies_count"":0,""secondary_vacancies_count"":0,""primary_vacancies_count"":0,""leopardfishIntelAlert"":""No active public vacancies have been detected for this institution within the current 12-month recruitment cycle. This indicates either an exceptionally high staff retention profile or the utilization of localized, non-indexed internal application portals. Quantitative stability metrics cannot be calculated at this time."",""churn_implications_commentary"":""No active public vacancies have been detected for this institution within the current 12-month recruitment cycle. This indicates either an exceptionally high staff retention profile or the utilization of localized, non-indexed internal application portals. Quantitative stability metrics cannot be calculated at this time."",""senior_leadership_churn_percentage"":0,""staffroom_commentary"":""No active public vacancies have been detected for this institution within the current 12-month recruitment cycle. This indicates either an exceptionally high staff retention profile or the utilization of localized, non-indexed internal application portals. Quantitative stability metrics cannot be calculated at this time.""}","2026-09-11T17:27:18.235Z","USD","2025/2026","2500","STRONG_MARKET_EVIDENCE","High","2026-09-25T08:19:39.230Z","2500",,"2026-09-25T12:18:17.168Z"
"FLIS0233","8.5","Bahrain",,"Riffa","Highly Regarded","8.3",,,"8.3","Non-profit IB World School in Riffa Views gated community offering competitive tax-free expatriate package with full IB/US curriculum.",,,,"Provided 2-bedroom villa in Riffa Views gated community or allowance",,"IB & US Curriculum",,"Riffa Views International School","8.0",,"Comprehensive international health, dental, and life insurance",,"$38,000 - $55,000 USD / year (Tax-free)",,,,,,,,,"success","true","Tes, Teach Away, Search Associates, ISS","https://www.rvis.edu.bh/careers","Riffa Views International School",,"riffa-views-international-school-1075656",,"Provided 2-bedroom villa in Riffa Views gated community or allowance","1789148314021","0","FLIS0233",,"https://www.rvis.edu.bh/careers",,,"true","2026-09-17T06:57:14.741Z","1789628234741",,"{""_seconds"":1789147638,""_nanoseconds"":44000000}","{""schoolId"":""FLIS0250"",""schoolName"":""Riffa Views International School"",""category"":""INSIGHT_UNAVAILABLE"",""statusLabel"":""Low Turnover (Stable)"",""isUpdating"":false,""lastScrapedAt"":""2026-09-11T17:27:18.031Z"",""metrics"":{""estimatedStaffBase"":60,""totalKnownVacancies"":0,""estimatedChurnRatePercent"":0,""leadershipVacanciesCount"":0,""secondaryVacanciesCount"":0,""primaryVacanciesCount"":0,""riskRating"":""INSIGHT_UNAVAILABLE"",""leadershipChurnRatioPercent"":0,""averageYearlyTesAdverts"":0},""scrapedJobsList"":[],""vacancies_discovered"":[],""structured_vacancies"":[],""total_known_vacancies"":0,""estimated_churn_percentage"":0,""leadership_vacancies_count"":0,""secondary_vacancies_count"":0,""primary_vacancies_count"":0,""leopardfishIntelAlert"":""No active public vacancies have been detected for this institution within the current 12-month recruitment cycle. This indicates either an exceptionally high staff retention profile or the utilization of localized, non-indexed internal application portals. Quantitative stability metrics cannot be calculated at this time."",""churn_implications_commentary"":""No active public vacancies have been detected for this institution within the current 12-month recruitment cycle. This indicates either an exceptionally high staff retention profile or the utilization of localized, non-indexed internal application portals. Quantitative stability metrics cannot be calculated at this time."",""senior_leadership_churn_percentage"":0,""staffroom_commentary"":""No active public vacancies have been detected for this institution within the current 12-month recruitment cycle. This indicates either an exceptionally high staff retention profile or the utilization of localized, non-indexed internal application portals. Quantitative stability metrics cannot be calculated at this time.""}","2026-09-11T17:27:18.031Z","BHD","2025/2026","1550","STRONG_MARKET_EVIDENCE","High","2026-09-25T08:19:39.231Z","1550","https://www.rvis.edu.bh/","2026-09-25T12:18:17.168Z"
"FLIS0234","8.7","Hong Kong SAR","20–24 max","Hong Kong","4.6","8.7","1:8","IB World School, EDB Hong Kong","9.1","Premium IB World School with strong academic expectations, offering high savings potential for mid-career expat staff.","9.0","9.2","High (94%)","HKD 14,000 – 18,000 / mo Allowance","High (1:1 Apple, Canvas LMS, interactive 4K)","IB (PYP, MYP, DP)","~120","Malvern College Hong Kong","7.6","20% (approx. 4–5 periods / week)","Comprehensive Worldwide Medical (Bupa/Cigna)",,"HKD 52,000 – 68,000 / mo (gross + housing)","EDB Inspected & IB Authorised","Yes","Licensed Franchise (Babylon Education)","9.2",,"0","[]",,,,"Malvern College Int'l Portal","https://malverncollege.org.hk/staff-and-management/work-with-us/","Malvern College Hong Kong",,,,,,"0","FLIS0234","For-Profit","https://malverncollege.org.hk/staff-and-management/work-with-us/","85% Expat / 15% Local","For-Profit","true",,,"false",,,,"HKD","2025/2026","46667","MODELLED_ESTIMATE","Medium","2026-09-25T07:25:58.684Z","46667","https://malverncollege.org.hk","2026-09-25T12:18:17.168Z"
"FLIS0235","8.3","Hong Kong SAR","15–18 max","Hong Kong","4.4","8.5","1:5","EDB Registered","8.8","Specialized EYFS campus in Sai Ying Pun; lower teaching workload with strong focus on play-based early education.","8.5","9.2","High (92%)","Integrated in package / HKD 10,000 Allowance","Moderate (Interactive smart panels, iPad stations)","EYFS & Reggio Emilia","~25","Malvern College Pre-School HK (Island West)","8.0","15% (planning/prep periods)","Comprehensive Local/Regional Medical Cover",,"HKD 38,000 – 48,000 / mo","EDB Inspected","Yes","Licensed Franchise (Babylon Education)","9.2",,"0","[]",,,,"Malvern College Int'l Portal","https://www.malvernpreschool.hk/careers/","Malvern College Pre-School HK (Island West)",,,,,,"0","FLIS0235","For-Profit","https://www.malvernpreschool.hk/careers/","80% Expat / 20% Local","For-Profit","true",,,"false",,,,"HKD","2025/2026","39500","STRONG_MARKET_EVIDENCE","High","2026-09-25T08:19:39.231Z","39500","https://malvernpreschool.hk","2026-09-25T12:18:17.168Z"
"FLIS0236","8.3","Hong Kong SAR","15–18 max","Hong Kong","4.4","8.5","1:5","EDB Registered","8.8","West Kowloon early years campus delivering EYFS and Reggio Emilia; excellent working environment for early learning specialists.","8.5","9.2","High (92%)","Integrated in package / HKD 10,000 Allowance","Moderate (Interactive smart panels, iPad stations)","EYFS & Reggio Emilia","~25","Malvern College Pre-School HK (Coronation Circle)","8.0","15% (planning/prep periods)","Comprehensive Local/Regional Medical Cover",,"HKD 38,000 – 48,000 / mo","EDB Inspected","Yes","Licensed Franchise (Babylon Education)","9.2",,"0","[]",,"success",,"Malvern College Int'l Portal","https://www.malvernpreschool.hk/careers/","Malvern College Pre-School HK (Coronation Circle)",,,,,,"0","FLIS0236","For-Profit","https://www.malvernpreschool.hk/careers/","80% Expat / 20% Local","For-Profit","true",,,"false","{""_seconds"":1789374519,""_nanoseconds"":381000000}","{""schoolId"":""FLIS0253"",""schoolName"":""Malvern College Pre-School HK (Coronation Circle)"",""category"":""INSIGHT_UNAVAILABLE"",""statusLabel"":""Low Turnover (Stable)"",""isUpdating"":false,""lastScrapedAt"":""2026-09-14T08:28:39.357Z"",""metrics"":{""estimatedStaffBase"":25,""totalKnownVacancies"":0,""estimatedChurnRatePercent"":0,""leadershipVacanciesCount"":0,""secondaryVacanciesCount"":0,""primaryVacanciesCount"":0,""riskRating"":""INSIGHT_UNAVAILABLE"",""leadershipChurnRatioPercent"":0,""averageYearlyTesAdverts"":0},""scrapedJobsList"":[],""vacancies_discovered"":[],""structured_vacancies"":[],""total_known_vacancies"":0,""estimated_churn_percentage"":0,""leadership_vacancies_count"":0,""secondary_vacancies_count"":0,""primary_vacancies_count"":0,""leopardfishIntelAlert"":""No active public vacancies have been detected for this institution within the current 12-month recruitment cycle. This indicates either an exceptionally high staff retention profile or the utilization of localized, non-indexed internal application portals. Quantitative stability metrics cannot be calculated at this time."",""churn_implications_commentary"":""No active public vacancies have been detected for this institution within the current 12-month recruitment cycle. This indicates either an exceptionally high staff retention profile or the utilization of localized, non-indexed internal application portals. Quantitative stability metrics cannot be calculated at this time."",""senior_leadership_churn_percentage"":0,""staffroom_commentary"":""No active public vacancies have been detected for this institution within the current 12-month recruitment cycle. This indicates either an exceptionally high staff retention profile or the utilization of localized, non-indexed internal application portals. Quantitative stability metrics cannot be calculated at this time.""}","2026-09-14T08:28:39.357Z","HKD","2025/2026","39500","STRONG_MARKET_EVIDENCE","High","2026-09-25T08:19:39.231Z","39500","https://malvernpreschool.hk","2026-09-25T12:18:17.168Z"
"FLIS0237","8.8","China","20–22 max","Qingdao","4.3","8.5","1:7","Cambridge Assessment, Edexcel, Bureau","8.6","Boarding school setting offering high savings rate due to free housing, utility, and meal provisions in a coastal city.","8.4","8.9","High (92%)","Provided (Expat Compound Villa / Corporate Leased Apartment)","High (Integrated LMS, STEM labs)","UK Curriculum, IGCSE, A-Levels, AP","~90","Malvern College Qingdao","7.8","22% (approx. 5 periods / week)","Worldwide Expat Medical Cover",,"$3,350","BSO / Cambridge Inspected","Yes","Joint Venture (Malvern License)","8.9",,"0","[]",,,,"Malvern College Int'l Portal","https://malverncollegeinternational.org/work-with-us/","Malvern College Qingdao",,,,,,"0","FLIS0237","For-Profit","https://malverncollegeinternational.org/work-with-us/","60% Expat / 40% Local","For-Profit","true",,,"false",,,,"CNY","2025/2026","25000","STRONG_MARKET_EVIDENCE","High","2026-09-25T11:08:43.860Z","25000","https://malverncollegeqd.com","2026-09-25T12:18:17.168Z"
"FLIS0238","8.7","China","20–22 max","Chengdu","4.3","8.5","1:7","Cambridge Assessment, Local Bureau","8.5","High quality of life in Sichuan with strong expat community, providing low cost of living and solid total remuneration.","8.3","8.8","High (91%)","Provided (Expat Compound Villa / Corporate Leased Apartment)","High (1:1 laptop program, STEM centers)","UK Curriculum, IGCSE, A-Levels","~85","Malvern College Chengdu","8.0","22% (approx. 5 periods / week)","Worldwide Expat Medical Cover",,"$3,350","BSO / Cambridge Inspected","Yes","Joint Venture (Malvern License)","8.8",,"0","[]",,,,"Malvern College Int'l Portal","https://www.malvernchengdu.cn/en/careers/","Malvern College Chengdu",,,,,,"0","FLIS0238","For-Profit","https://www.malvernchengdu.cn/en/careers/","55% Expat / 45% Local","For-Profit","true",,,"false",,,,"CNY","2025/2026","25000","STRONG_MARKET_EVIDENCE","High","2026-09-25T11:08:43.860Z","25000","https://malvernchengdu.cn","2026-09-25T12:18:17.168Z"
"FLIS0239","9.2","Saudi Arabia","20–22 max","Riyadh","4.5","8.6","1:8","Saudi Ministry of Education, CIS Candidate","8.7","Tax-free GCC package with compound housing; rapid growth market with competitive mid-career package.","8.9","8.6","High (89%)","Furnished compound accommodation provided","High (State-of-the-art new digital facilities)","UK National Curriculum, IGCSE, A-Levels","~70","Malvern College Riyadh","7.6","20% (approx. 4–5 periods / week)","Class A Saudi IPMI Medical Insurance",,"SAR 16,000 – 22,000 / mo (Tax-Free)","MoE & BSO Candidate","Yes","Private Partnership / Franchise","8.6",,"0","[]",,,,"Malvern College Int'l Portal","https://malverncollegeinternational.org/work-with-us/","Malvern College Riyadh",,,,,,"0","FLIS0239","For-Profit","https://malverncollegeinternational.org/work-with-us/","80% Expat / 20% Local","For-Profit","true","2026-09-17T06:57:14.892Z","1789628234892","false",,,,"SAR","2025/2026","17000","STRONG_MARKET_EVIDENCE","High","2026-09-25T08:19:39.231Z","17000","https://malverncollegeryadh.com","2026-09-25T12:18:17.168Z"
"FLIS0240","8.1","Brazil","20 max","São Paulo","4.2","7.9","1:8","Brazilian MoE, Malvern College License","8.5","First South American heritage campus (Opening 2027); competitive regional package adapted to Brazilian tax structure.","8.5","6.8","Medium-High (84%)","Housing allowance provided (BRL 4,500–6,000/mo)","High (Planned modern digital architecture)","UK Curriculum, IB Diploma Framework","~40–50 (initial cohort)","Malvern College São Paulo","7.7","20% (approx. 4–5 periods / week)","Top-tier Private Brazilian Medical (Bradesco/Amil)",,"BRL 22,000 – 32,000 / mo (gross)","Pre-accreditation / MoE Brazil","Yes","Joint Venture (Bossa Nova Edulink / Malvern)","6.8",,"0","[]",,,,"Malvern College Int'l Portal","https://malverncollegeinternational.org/work-with-us/","Malvern College São Paulo",,,,,,"0","FLIS0240","For-Profit","https://malverncollegeinternational.org/work-with-us/","70% Expat / 30% Local","For-Profit","true",,,"false",,,,"BRL","2025/2026","19500","STRONG_MARKET_EVIDENCE","High","2026-09-25T10:42:30.656Z","14500","https://malverncollegesaopaulo.com.br","2026-09-25T12:18:17.168Z"
"FLIS0241","8.2","Argentina","18–22 max","Buenos Aires","4.5","8.2","1:8","IB World School, Cambridge Assessment, HMC, LAHC","8.8","Premier British boarding and day school with strong international reputation; offers on-campus housing options at Quilmes and USD-indexed expat packages.","8.5","7.5","90%","Free On-Campus Housing (Quilmes) or USD 700 / mo Allowance (North)","High (1:1 Chromebooks, Google Workspace, Canvas)","UK National Curriculum, IGCSE, IB DP","160","St. George's College","7.8","20% (approx. 4–5 periods / week)","Top-Tier Private Medical (OSDE 310 / Swiss Medical)",,"USD 2,400 – 3,200 / mo (Net take-home, USD indexed)","IB Authorised & LAHC Inspected","Yes","St. George's College Trust Board","7.5",,"0","[]","[GoogleGenerativeAI Error]: Error fetching from https://generativelanguage.googleapis.com/v1beta/models/gemini-2.5-flash:generateContent: [402 Payment Required] Your prepayment credits are depleted. Please go to AI Studio at https://ai.studio/projects to manage your project and billing. Learn more at https://ai.google.dev/gemini-api/docs/billing#prepay. ","failed","false",,"https://www.stgeorges.edu.ar/en/work-with-us","St. George's College",,,,,,"0","FLIS0241","Non-Profit (Trust)","https://www.stgeorges.edu.ar/en/work-with-us","35% Expat / 65% Local","Non-Profit (Trust)","true",,,"false","{""_seconds"":1790269062,""_nanoseconds"":764000000}","{""schoolId"":""FLIS0258"",""schoolName"":""St. George's College"",""category"":""INSIGHT_UNAVAILABLE"",""statusLabel"":""Low Turnover (Stable)"",""isUpdating"":false,""lastScrapedAt"":""2026-09-14T12:01:29.921Z"",""metrics"":{""estimatedStaffBase"":160,""totalKnownVacancies"":0,""estimatedChurnRatePercent"":0,""leadershipVacanciesCount"":0,""secondaryVacanciesCount"":0,""primaryVacanciesCount"":0,""riskRating"":""INSIGHT_UNAVAILABLE"",""leadershipChurnRatioPercent"":0,""averageYearlyTesAdverts"":0},""scrapedJobsList"":[],""vacancies_discovered"":[],""structured_vacancies"":[],""total_known_vacancies"":0,""estimated_churn_percentage"":0,""leadership_vacancies_count"":0,""secondary_vacancies_count"":0,""primary_vacancies_count"":0,""leopardfishIntelAlert"":""No active public vacancies have been detected for this institution within the current 12-month recruitment cycle. This indicates either an exceptionally high staff retention profile or the utilization of localized, non-indexed internal application portals. Quantitative stability metrics cannot be calculated at this time."",""churn_implications_commentary"":""No active public vacancies have been detected for this institution within the current 12-month recruitment cycle. This indicates either an exceptionally high staff retention profile or the utilization of localized, non-indexed internal application portals. Quantitative stability metrics cannot be calculated at this time."",""senior_leadership_churn_percentage"":0,""staffroom_commentary"":""No active public vacancies have been detected for this institution within the current 12-month recruitment cycle. This indicates either an exceptionally high staff retention profile or the utilization of localized, non-indexed internal application portals. Quantitative stability metrics cannot be calculated at this time.""}","2026-09-14T12:01:29.921Z","USD","2025/2026","2300","MODELLED_ESTIMATE","Medium","2026-09-25T08:19:39.231Z","2300","https://www.stgeorges.edu.ar","2026-09-25T12:18:17.168Z"
"FLIS0242","8.4","Argentina","18–22 max","Buenos Aires","4.6","8.4","1:8","IB World School, LAHC, MoE Argentina","9.0","Oldest British-tradition school in South America; elite bilingual IB World School providing strong financial compensation and housing allowances in leafy northern Buenos Aires.","8.6","8.2","91%","USD 800 – 1,100 / mo Housing Allowance","High (1:1 Mac/iPad program, Google Workspace)","IB PYP, IB DP, Argentine National","210","St. Andrew's Scots School","8.0","20% (approx. 4–5 periods / week)","Top-Tier Private Medical (OSDE 410 / Swiss Medical)",,"USD 2,600 – 3,500 / mo (Net take-home, USD indexed)","IB Authorised & LAHC Inspected","Yes","Saint Andrew's Educational Society Board","8.2",,"0","[]","[GoogleGenerativeAI Error]: Error fetching from https://generativelanguage.googleapis.com/v1beta/models/gemini-2.5-flash:generateContent: [402 Payment Required] Your prepayment credits are depleted. Please go to AI Studio at https://ai.studio/projects to manage your project and billing. Learn more at https://ai.google.dev/gemini-api/docs/billing#prepay. ","failed","false",,"https://www.sanandres.esc.edu.ar/work-with-us","St. Andrew's Scots School",,,,,,"0","FLIS0242","Non-Profit (Foundation)","https://www.sanandres.esc.edu.ar/work-with-us","30% Expat / 70% Local","Non-Profit (Foundation)","true","2026-09-20T16:37:30.346Z","1789922250346","false","{""_seconds"":1790269041,""_nanoseconds"":290000000}","{""schoolId"":""FLIS0259"",""schoolName"":""St. Andrew's Scots School"",""category"":""INSIGHT_UNAVAILABLE"",""statusLabel"":""Low Turnover (Stable)"",""isUpdating"":false,""lastScrapedAt"":""2026-09-14T12:01:22.934Z"",""metrics"":{""estimatedStaffBase"":210,""totalKnownVacancies"":0,""estimatedChurnRatePercent"":0,""leadershipVacanciesCount"":0,""secondaryVacanciesCount"":0,""primaryVacanciesCount"":0,""riskRating"":""INSIGHT_UNAVAILABLE"",""leadershipChurnRatioPercent"":0,""averageYearlyTesAdverts"":0},""scrapedJobsList"":[],""vacancies_discovered"":[],""structured_vacancies"":[],""total_known_vacancies"":0,""estimated_churn_percentage"":0,""leadership_vacancies_count"":0,""secondary_vacancies_count"":0,""primary_vacancies_count"":0,""leopardfishIntelAlert"":""No active public vacancies have been detected for this institution within the current 12-month recruitment cycle. This indicates either an exceptionally high staff retention profile or the utilization of localized, non-indexed internal application portals. Quantitative stability metrics cannot be calculated at this time."",""churn_implications_commentary"":""No active public vacancies have been detected for this institution within the current 12-month recruitment cycle. This indicates either an exceptionally high staff retention profile or the utilization of localized, non-indexed internal application portals. Quantitative stability metrics cannot be calculated at this time."",""senior_leadership_churn_percentage"":0,""staffroom_commentary"":""No active public vacancies have been detected for this institution within the current 12-month recruitment cycle. This indicates either an exceptionally high staff retention profile or the utilization of localized, non-indexed internal application portals. Quantitative stability metrics cannot be calculated at this time.""}","2026-09-14T12:01:22.934Z","USD","2025/2026","2200","MODELLED_ESTIMATE","Medium","2026-09-25T08:19:39.231Z","2200","https://www.sanandres.esc.edu.ar","2026-09-25T12:18:17.168Z"
"FLIS0243","7.8","Cyprus","20","Nicosia","Established","8.1","1:10","MSA, CIS, ECIS, IB World School, Cyprus MOE","8.4","Premier American / IB continuum school in Nicosia with solid savings efficiency.",,,,"Relocation Allowance",,"US / IB DP",,"American International School in Cyprus",,"20%",,,"$2,670",,,"Private / Non-Profit",,,"0","[]",,,,,"https://www.aisc.ac.cy/about-us/careers","American International School in Cyprus",,,,,"2026-09-26T06:49:31.214Z","2","FLIS0243","Non-Profit","https://www.aisc.ac.cy/about-us/careers",,"Non-Profit","true",,,"false",,,,"EUR","2025/2026","2050","STRONG_MARKET_EVIDENCE","High","2026-09-25T08:19:39.231Z","2050","https://www.aisc.ac.cy","2026-09-25T12:18:17.168Z"
"FLIS0244","7.7","Cyprus","24","Nicosia","Prestigious","8.2","1:12","Cyprus MOE, Cambridge International, Pearson Edexcel, Erasmus+","8.8","Historic selective English grammar school with strong academic standing.",,,,"Not Included",,"British / IGCSE / A-Levels",,"The English School Nicosia",,"20%",,,"$2,615",,,"Trust / Selective Grammar",,,"0","[]",,"success",,,"https://www.englishschool.ac.cy/department/careers-university-entry","The English School Nicosia","1057316","the-english-school-1057316",,,,"1","FLIS0244","Non-Profit","https://www.englishschool.ac.cy/contact/work-with-us/",,"Non-Profit","true","2026-09-19T06:13:52.932Z","1789798432932","false","{""_seconds"":1789798508,""_nanoseconds"":536000000}","{""schoolId"":""FLIS0281"",""schoolName"":""The English School, Nicosia"",""category"":""MODERATE_TURNOVER"",""statusLabel"":""Moderate Turnover (Healthy)"",""isUpdating"":false,""lastScrapedAt"":""2026-09-19T06:13:47.817Z"",""metrics"":{""estimatedStaffBase"":80,""totalKnownVacancies"":10,""estimatedChurnRatePercent"":13,""leadershipVacanciesCount"":1,""secondaryVacanciesCount"":9,""primaryVacanciesCount"":0,""riskRating"":""MODERATE"",""leadershipChurnRatioPercent"":0,""averageYearlyTesAdverts"":10},""scrapedJobsList"":[""Mathematics (Posted: Recently) - School Web"",""Music (Posted: Recently) - School Web"",""Biology (Posted: Recently) - School Web"",""Global Perspectives (Posted: Recently) - School Web"",""Deputy Head Teacher (Posted: 2026-09-18T14:54:32.533Z; Closes: 2026-10-11) - TES"",""Physics (Posted: Recently) - School Web"",""External Sports Coaches for Handball, Hockey, Table-Tennis and other Sports Deadline: 25/09/2026 12:00 Apply (Posted: Recently) - School Web"",""The English Institute (Posted: Recently) - School Web"",""Careers & Higher Education Department (Posted: Recently) - School Web"",""Deputy Head Teacher (Starting date: 1st August 2027) Deadline: 11/10/2026 12:00 Apply (Posted: Recently) - School Web"",""English and Drama (Posted: Recently) - School Web"",""Mathematics (Posted: Recently; Closes: [object Object]) - School Web"",""Music (Posted: Recently; Closes: [object Object]) - School Web"",""Biology (Posted: Recently; Closes: [object Object]) - School Web"",""Global Perspectives (Posted: Recently; Closes: [object Object]) - School Web"",""Deputy Head Teacher (Posted: Recently; Closes: [object Object]) - TES"",""Physics (Posted: Recently; Closes: [object Object]) - School Web"",""External Sports Coaches for Handball, Hockey, Table-Tennis and other Sports\n                    \n                        Deadline: 25/09/2026 12:00                    \n                \n                Apply (Posted: Recently; Closes: [object Object]) - School Web"",""The English Institute (Posted: Recently; Closes: [object Object]) - School Web"",""Careers & Higher Education Department (Posted: Recently; Closes: [object Object]) - School Web"",""Deputy Head Teacher (Starting date: 1st August 2027)\n                    \n                        Deadline: 11/10/2026 12:00                    \n                \n                Apply (Posted: Recently; Closes: [object Object]) - School Web"",""English and Drama (Posted: Recently; Closes: [object Object]) - School Web""],""vacancies_discovered"":[{""title"":""Mathematics"",""department"":""Secondary"",""source"":""School Web"",""source_url"":""https://www.the-english-school-nicosia.com"",""date_listed"":""Recently"",""date_closing"":null,""status"":""OPEN"",""recruitmentCycle"":""CURRENT""},{""title"":""Music"",""department"":""Secondary"",""source"":""School Web"",""source_url"":""https://www.the-english-school-nicosia.com"",""date_listed"":""Recently"",""date_closing"":null,""status"":""OPEN"",""recruitmentCycle"":""CURRENT""},{""title"":""Biology"",""department"":""Secondary"",""source"":""School Web"",""source_url"":""https://www.the-english-school-nicosia.com"",""date_listed"":""Recently"",""date_closing"":null,""status"":""OPEN"",""recruitmentCycle"":""CURRENT""},{""title"":""Global Perspectives"",""department"":""Secondary"",""source"":""School Web"",""source_url"":""https://www.the-english-school-nicosia.com"",""date_listed"":""Recently"",""date_closing"":null,""status"":""OPEN"",""recruitmentCycle"":""CURRENT""},{""title"":""Deputy Head Teacher"",""department"":""Leadership"",""source"":""School Web"",""source_url"":""https://www.the-english-school-nicosia.com"",""date_listed"":""Starting date: 1st August 2027"",""date_closing"":null,""status"":""OPEN"",""recruitmentCycle"":""CURRENT""},{""title"":""Physics"",""department"":""Secondary"",""source"":""School Web"",""source_url"":""https://www.the-english-school-nicosia.com"",""date_listed"":""Recently"",""date_closing"":null,""status"":""OPEN"",""recruitmentCycle"":""CURRENT""},{""title"":""External Sports Coaches for Handball, Hockey, Table-Tennis and other Sports Dead"",""department"":""Secondary"",""source"":""School Web"",""source_url"":""https://www.the-english-school-nicosia.com"",""date_listed"":""Recently"",""date_closing"":null,""status"":""OPEN"",""recruitmentCycle"":""CURRENT""},{""title"":""The English Institute"",""department"":""Secondary"",""source"":""School Web"",""source_url"":""https://www.the-english-school-nicosia.com"",""date_listed"":""Recently"",""date_closing"":null,""status"":""OPEN"",""recruitmentCycle"":""CURRENT""},{""title"":""Careers & Higher Education Department"",""department"":""Secondary"",""source"":""School Web"",""source_url"":""https://www.the-english-school-nicosia.com"",""date_listed"":""Recently"",""date_closing"":null,""status"":""OPEN"",""recruitmentCycle"":""CURRENT""},{""title"":""English and Drama"",""department"":""Secondary"",""source"":""School Web"",""source_url"":""https://www.the-english-school-nicosia.com"",""date_listed"":""Recently"",""date_closing"":null,""status"":""OPEN"",""recruitmentCycle"":""CURRENT""}],""structured_vacancies"":[{""title"":""Mathematics"",""department"":""Secondary"",""source"":""School Web"",""source_url"":""https://www.the-english-school-nicosia.com"",""date_listed"":""Recently"",""date_closing"":null,""status"":""OPEN"",""recruitmentCycle"":""CURRENT""},{""title"":""Music"",""department"":""Secondary"",""source"":""School Web"",""source_url"":""https://www.the-english-school-nicosia.com"",""date_listed"":""Recently"",""date_closing"":null,""status"":""OPEN"",""recruitmentCycle"":""CURRENT""},{""title"":""Biology"",""department"":""Secondary"",""source"":""School Web"",""source_url"":""https://www.the-english-school-nicosia.com"",""date_listed"":""Recently"",""date_closing"":null,""status"":""OPEN"",""recruitmentCycle"":""CURRENT""},{""title"":""Global Perspectives"",""department"":""Secondary"",""source"":""School Web"",""source_url"":""https://www.the-english-school-nicosia.com"",""date_listed"":""Recently"",""date_closing"":null,""status"":""OPEN"",""recruitmentCycle"":""CURRENT""},{""title"":""Deputy Head Teacher"",""department"":""Leadership"",""source"":""School Web"",""source_url"":""https://www.the-english-school-nicosia.com"",""date_listed"":""Starting date: 1st August 2027"",""date_closing"":null,""status"":""OPEN"",""recruitmentCycle"":""CURRENT""},{""title"":""Physics"",""department"":""Secondary"",""source"":""School Web"",""source_url"":""https://www.the-english-school-nicosia.com"",""date_listed"":""Recently"",""date_closing"":null,""status"":""OPEN"",""recruitmentCycle"":""CURRENT""},{""title"":""External Sports Coaches for Handball, Hockey, Table-Tennis and other Sports Dead"",""department"":""Secondary"",""source"":""School Web"",""source_url"":""https://www.the-english-school-nicosia.com"",""date_listed"":""Recently"",""date_closing"":null,""status"":""OPEN"",""recruitmentCycle"":""CURRENT""},{""title"":""The English Institute"",""department"":""Secondary"",""source"":""School Web"",""source_url"":""https://www.the-english-school-nicosia.com"",""date_listed"":""Recently"",""date_closing"":null,""status"":""OPEN"",""recruitmentCycle"":""CURRENT""},{""title"":""Careers & Higher Education Department"",""department"":""Secondary"",""source"":""School Web"",""source_url"":""https://www.the-english-school-nicosia.com"",""date_listed"":""Recently"",""date_closing"":null,""status"":""OPEN"",""recruitmentCycle"":""CURRENT""},{""title"":""English and Drama"",""department"":""Secondary"",""source"":""School Web"",""source_url"":""https://www.the-english-school-nicosia.com"",""date_listed"":""Recently"",""date_closing"":null,""status"":""OPEN"",""recruitmentCycle"":""CURRENT""}],""total_known_vacancies"":10,""estimated_churn_percentage"":13,""leadership_vacancies_count"":1,""secondary_vacancies_count"":9,""primary_vacancies_count"":0,""leopardfishIntelAlert"":""Leopardfish Multi-Engine Audit: Stable retention pattern with 10 active vacancies detected across TES, GRC Search, and official school portals."",""churn_implications_commentary"":""Leopardfish Multi-Engine Audit: Stable retention pattern with 10 active vacancies detected across TES, GRC Search, and official school portals."",""senior_leadership_churn_percentage"":0}","2026-09-19T06:13:47.817Z","EUR","2025/2026","2667","STRONG_MARKET_EVIDENCE","High","2026-09-25T07:25:58.684Z","2667","https://www.englishschool.ac.cy","2026-09-25T12:18:17.168Z"
"FLIS0245","6.5","Cyprus","20","Limassol","Developing","7.3","1:10","IB World School, Cyprus MOE","8.0","Rapidly growing tech-forward international school campus in Limassol.",,,,"Not Included",,"IB Continuum / Waldorf Inspired",,"The Island Private School",,"20%",,,"$2,315",,,"Private",,,"0","[]",,,,,"https://isl.cy/careers","The Island Private School",,,,,"1790337468362","1","FLIS0245","For-Profit","https://isl.cy/careers",,"For-Profit","true",,,"false",,,,"EUR","2025/2026","2100","STRONG_MARKET_EVIDENCE","High","2026-09-25T08:19:39.231Z","2100","https://isl.cy","2026-09-25T12:18:17.168Z"
"FLIS0246","6.8","Cyprus","22","Limassol","Established","7.5","1:11","Cyprus MOE, Cambridge International, Pearson Edexcel","8.3","Well-regarded British curriculum school in Limassol facing high local rental pressure.",,,,"Not Included",,"British / IGCSE / A-Levels",,"Foley's School",,"20%",,,"$2,450",,,"Private / Family",,,"0","[]",,,,,"https://foleysschool.com/vacancies","Foley's School",,,,,"1790337468362","1","FLIS0246","For-Profit","https://foleysschool.com/vacancies",,"For-Profit","true",,,"false",,,,"EUR","2025/2026","1900","STRONG_MARKET_EVIDENCE","High","2026-09-25T08:19:39.231Z","1900","https://foleysschool.com","2026-09-25T12:18:17.168Z"
"FLIS0247","6.2","Cyprus","22","Limassol","Established","7.2","1:11","Cyprus MOE, Cambridge International, Pearson Edexcel, UNESCO APSnet","8.1","Large British international campus in the Limassol hills.",,,,"Not Included",,"British / Cambridge / IGCSE / A-Levels",,"The Heritage Private School",,"20%",,,"$2,180",,,"Private",,,"0","[]",,,,,"https://www.carierista.com/en/partners/5162/the-heritage-private-school-ltd","The Heritage Private School",,,,,,"0","FLIS0247","For-Profit","https://www.carierista.com/en/partners/5162/the-heritage-private-school-ltd",,"For-Profit","true",,,"false",,,,"EUR","2025/2026","1850","STRONG_MARKET_EVIDENCE","High","2026-09-25T08:19:39.231Z","1850","https://heritageschool.ac.cy","2026-09-25T12:18:17.168Z"
"FLIS0248","7.2","Cyprus","20","Paphos","Established","7.5","1:10","Cyprus MOE, Cambridge International, Pearson Edexcel","7.8","Paphos flagship school offering strong lifestyle and affordable regional living costs.",,,,"Not Included",,"British / Cambridge / IGCSE / A-Levels",,"International School of Paphos",,"20%",,,"$2,000",,,"Private",,,"0","[]",,,,,"https://www.globeducate.com/our-schools/cyprus/the-international-school-of-paphos","International School of Paphos",,,,,,"0","FLIS0248","For-Profit","https://www.globeducate.com/our-schools/cyprus/the-international-school-of-paphos",,"For-Profit","true",,,"false",,,,"EUR","2025/2026","1800","STRONG_MARKET_EVIDENCE","High","2026-09-25T08:19:39.231Z","1800","https://www.paphosinternationalschool.com","2026-09-25T12:18:17.168Z"
"FLIS0249","7.2","Cyprus","24","Larnaca","Historic","7.6","1:12","Cyprus MOE, Cambridge International, Pearson Edexcel","8.0","Historic non-profit institution founded in 1908 in Larnaca.",,,,"Not Included",,"British / Cambridge / IGCSE / A-Levels",,"American Academy Larnaca",,"20%",,,"$2,000",,,"Non-Profit Trust",,,"0","[]",,,,,"https://www.americanacademy.ac.cy/careers/","American Academy Larnaca",,,,,,"0","FLIS0249","Non-Profit","https://www.schrole.com/schools/american-academy-larnaca-junior-school",,"Non-Profit","true",,,"false",,,,"EUR","2025/2026","1800","STRONG_MARKET_EVIDENCE","High","2026-09-25T08:19:39.231Z","1800","https://www.americanacademy.ac.cy","2026-09-25T12:18:17.168Z"
"FLIS0250","9.2","Malaysia","18","Kuala Lumpur","Prestigious","9.1","1:8","WASC / CIS / EARCOS","9.4","Premier parent-governed non-profit US/IB continuum flagship with top-tier savings potential.","9.2","8.5",,"Provided housing allowance (MYR 5,000–7,000/mo) or modern Ampang Hilir condo",,"US / AP / IB DP","220","The International School of Kuala Lumpur (ISKL)","8.8","25%",,,"$5,000",,,"Parent Board (Non-Profit)","8.5",,"0","[]",,,,,"https://www.iskl.edu.my/careers","The International School of Kuala Lumpur (ISKL)",,,,,,"0","FLIS0250","Non-Profit","https://www.iskl.edu.my/careers","170","Non-Profit","true",,,"false",,,,"MYR","2025/2026","16500","STRONG_MARKET_EVIDENCE","High","2026-09-25T11:09:16.555Z","16500","https://www.iskl.edu.my","2026-09-25T12:18:17.168Z"
"FLIS0251","8.5","Malaysia","18","Penang","Historic","8.6","1:8","CIS / WASC / FOBISIA / IB World School / BSA","8.7","Pioneering non-profit day and boarding school in Batu Ferringhi established in 1955.","8.3","8.9",,"MYR 2,500–3,500/mo Coastal Allowance",,"IB PYP / Cambridge IGCSE / IB DP","75","The International School of Penang (Uplands)","8.8","22%",,,"$3,850",,,"The Uplands Educational Society (Non-Profit)","8.9",,"0","[]",,,,,"https://www.uplands.org/careers-at-uplands/","The International School of Penang (Uplands)",,,,,,"0","FLIS0251","Non-Profit","https://www.uplands.org/careers-at-uplands/","65","Non-Profit","true",,,"false",,,,"MYR","2025/2026","13200","STRONG_MARKET_EVIDENCE","High","2026-09-25T08:19:39.231Z","13200","https://www.uplands.org","2026-09-25T12:18:17.168Z"
"FLIS0252","8.2","Malaysia","18","Penang","Developing","8.4","1:8","COBIS / FOBISIA / Cambridge International / BSA","8.4","State-of-the-art waterfront campus in Tanjung Tokong sistered with Stonyhurst UK.","8.5","8.9",,"MYR 2,200–3,000/mo Allowance",,"British / Cambridge IGCSE / A-Levels","60","Stonyhurst International School Penang","8.6","20%",,,"$3,600",,,"Stonyhurst UK Partnership (Private Trust)","8.9",,"0","[]",,,,,"https://www.stonyhurstpenang.edu.my/jointheteam/","Stonyhurst International School Penang",,,,,,"0","FLIS0252","Private Trust","https://www.stonyhurstpenang.edu.my/jointheteam/","50","Private Trust","true",,,"false",,,,"MYR","2025/2026","12800","STRONG_MARKET_EVIDENCE","High","2026-09-25T08:19:39.231Z","12800","https://www.stonyhurstpenang.edu.my","2026-09-25T12:18:17.168Z"
"FLIS0253","8.3","Malaysia","20","Putrajaya","Established","8.4","1:8","CIS / WASC / FOBISIA / Apple Distinguished / IB World School","8.6","Flagship Taylor's Group IB continuum and Apple Distinguished day/boarding campus in Putrajaya with high savings efficiency.","8.7","8.8",,"MYR 3,000–3,800/mo Allowance",,"Early Years / IPC / IGCSE / IB DP","110","Nexus International School Malaysia","8.5","20%",,,"$4,000",,,"Taylor's Education Group","8.8",,"0","[]",,"success",,,"https://www.nexus.edu.my/about-nexus/job-opportunities/","Nexus International School Malaysia",,,,,,"0","FLIS0253","For-Profit","https://www.nexus.edu.my/about-nexus/job-opportunities/","90","For-Profit","true",,,"false","{""_seconds"":1789571213,""_nanoseconds"":620000000}","{""schoolId"":""FLIS0290"",""schoolName"":""Nexus International School Malaysia"",""category"":""INSIGHT_UNAVAILABLE"",""statusLabel"":""Low Turnover (Stable)"",""isUpdating"":false,""lastScrapedAt"":""2026-09-16T15:06:53.599Z"",""metrics"":{""estimatedStaffBase"":90,""totalKnownVacancies"":0,""estimatedChurnRatePercent"":0,""leadershipVacanciesCount"":0,""secondaryVacanciesCount"":0,""primaryVacanciesCount"":0,""riskRating"":""INSIGHT_UNAVAILABLE"",""leadershipChurnRatioPercent"":0,""averageYearlyTesAdverts"":0},""scrapedJobsList"":[],""vacancies_discovered"":[],""structured_vacancies"":[],""total_known_vacancies"":0,""estimated_churn_percentage"":0,""leadership_vacancies_count"":0,""secondary_vacancies_count"":0,""primary_vacancies_count"":0,""leopardfishIntelAlert"":""No active public vacancies have been detected for this institution within the current 12-month recruitment cycle. This indicates either an exceptionally high staff retention profile or the utilization of localized, non-indexed internal application portals. Quantitative stability metrics cannot be calculated at this time."",""churn_implications_commentary"":""No active public vacancies have been detected for this institution within the current 12-month recruitment cycle. This indicates either an exceptionally high staff retention profile or the utilization of localized, non-indexed internal application portals. Quantitative stability metrics cannot be calculated at this time."",""senior_leadership_churn_percentage"":0,""staffroom_commentary"":""No active public vacancies have been detected for this institution within the current 12-month recruitment cycle. This indicates either an exceptionally high staff retention profile or the utilization of localized, non-indexed internal application portals. Quantitative stability metrics cannot be calculated at this time.""}","2026-09-16T15:06:53.599Z","MYR","2025/2026","13000","STRONG_MARKET_EVIDENCE","High","2026-09-25T08:19:39.231Z","13000","https://www.nexus.edu.my","2026-09-25T12:18:17.168Z"
"FLIS0254",,"Romania",,"Bucharest",,"8.9",,"NEASC, CIS, IBO",,,,,,"Allowance ($800 - $1,400/mo)",,"IB PYP, IB MYP, IB DP",,"American International School of Bucharest",,,"Full Worldwide International Coverage",,"$2,600 - $3,800 / mo net",,,"Non-Profit",,,,,,,,,,"American International School of Bucharest",,,,,,"0","FLIS0254",,"https://www.aisb.ro/careers",,,"true",,,,,,,"EUR","2025/2026","3500","STRONG_MARKET_EVIDENCE","High","2026-09-25T07:25:58.685Z","3500",,"2026-09-25T12:18:17.168Z"
"FLIS0255",,"Poland",,"Warsaw",,"8.9",,"NEASC, CIS, IBO",,,,,,"Allowance ($900 - $1,500/mo)",,"US Curriculum, IB DP",,"American School of Warsaw",,,"Full Comprehensive Worldwide Medical",,"$2,700 - $4,000 / mo net",,,"Non-Profit",,,,,,,,,,"American School of Warsaw",,,,,"1790403981343","2","FLIS0255",,"https://www.aswarsaw.org/careers",,,"true",,,,,,,"PLN","2025/2026","15833","STRONG_MARKET_EVIDENCE","High","2026-09-25T07:25:58.685Z","15833",,"2026-09-25T12:18:17.168Z"
"FLIS0256",,"Norway",,"Stavanger",,"8.8",,"NEASC, CIS, IBO",,,,,,"Not Included",,"AP, IB DP, IGCSE",,"International School of Stavanger",,,"Norwegian National Health Scheme (Folketrygden)",,"32,000 - 45,000 NOK / mo net",,,"Non-Profit",,,,,,,,,,"International School of Stavanger",,,,,,"0","FLIS0256",,"https://www.isstavanger.no/careers",,,"true",,,,,,,"NOK","2025/2026","43333","STRONG_MARKET_EVIDENCE","High","2026-09-25T07:25:58.685Z","43333",,"2026-09-25T12:18:17.168Z"
"FLIS0257",,"Portugal",,"Lisbon",,"8.7",,"Middle States (MSA), IBO",,,,,,"Not Included",,"US Curriculum, IB DP",,"Carlucci American International School of Lisbon",,,"Private Portuguese Health Insurance",,"€1,900 - €2,800 / mo net (14 installments)",,,"Non-Profit",,,,,,,,,,"Carlucci American International School of Lisbon",,,,,,"0","FLIS0257",,"https://www.caislisbon.org/join-us/work-at-caisl",,,"true",,,,,,,"EUR","2025/2026","3333","STRONG_MARKET_EVIDENCE","High","2026-09-25T07:25:58.685Z","3333",,"2026-09-25T12:18:17.168Z"
"FLIS0258",,"Bulgaria",,"Sofia",,,,,,,,,,"Provided",,"[""US Curriculum"",""IB DP""]",,"Anglo-American School of Sofia",,,"Comprehensive Worldwide Health & Medical",,"$2,400 - $3,500 / mo net",,,,,,,,,,,,,"Anglo-American School of Sofia",,,,,"1790403981343","1","FLIS0258",,"https://www.aas-sofia.org/discover/working-for-aas",,,"true",,,,,,,"EUR","2025/2026","3000","STRONG_MARKET_EVIDENCE","High","2026-09-25T07:25:58.685Z","3000","https://www.aas-sofia.org","2026-09-25T12:18:17.168Z"
"FLIS0259",,"Taiwan",,"Taipei",,,,,,"Premier American curriculum school in Taipei with rigorous academics, top AP/IB results, and exceptional faculty savings.",,,,"Allowance (€700 - €1,100/mo)",,"[""IB PYP"",""IB MYP"",""IB DP""]",,"Taipei American School",,,"National Health Insurance + Private Supplemental",,"€2,100 - €3,100 / mo net",,,,,,,,,,,,"https://www.tas.edu.tw/careers","Taipei American School",,,,,"2026-09-26T06:10:30.811Z","2","FLIS0259",,"https://www.aisz.hr/careers",,,"true",,,"false",,,,"TWD","2025/2026","152000","VERIFIED_SCALE","High","2026-09-25T08:19:39.231Z","152000","https://www.aisz.hr","2026-09-25T12:18:17.168Z"
"FLIS0260",,"Serbia",,"Belgrade",,,,,,,,,,"Allowance ($700 - $1,200/mo)",,"[""IB PYP"",""IB MYP"",""IB DP""]",,"International School of Belgrade",,,"Worldwide Private Medical Insurance",,"$2,200 - $3,300 / mo net",,,,,,,,,,,,,"International School of Belgrade",,,,,,"0","FLIS0260",,"https://www.isb.rs/careers",,,"true",,,,,,,"EUR","2025/2026","2833","STRONG_MARKET_EVIDENCE","High","2026-09-25T07:25:58.685Z","2833","https://www.isb.rs","2026-09-25T12:18:17.168Z"
"FLIS0261",,"Slovakia",,"Bratislava",,,,,,,,,,"Allowance (€600 - €1,000/mo)",,"[""UK National Curriculum"",""IGCSE"",""IB DP""]",,"British International School Bratislava",,,"Slovak National Health + Private Top-up",,"€2,000 - €2,900 / mo net",,,,,,,,,,,,,"British International School Bratislava",,,,,,"0","FLIS0261",,"https://www.nordangliaeducation.com/bis-bratislava/careers",,,"true",,,,,,,"EUR","2025/2026","2050","STRONG_MARKET_EVIDENCE","High","2026-09-25T08:22:43.313Z","2050","https://www.nordangliaeducation.com/bis-bratislava","2026-09-25T12:18:17.168Z"
"FLIS0262",,"Latvia",,"Riga",,,,,,,,,,"Allowance (€650 - €1,000/mo)",,"[""IB PYP"",""IB MYP"",""IB DP""]",,"International School of Latvia",,,"Private Latvian & European Medical Coverage",,"€2,000 - €3,000 / mo net",,,,,,,,,,,,,"International School of Latvia",,,,,,"1","FLIS0262",,"https://www.isl.lv/careers",,,"true",,,,,,,"EUR","2025/2026","2200","STRONG_MARKET_EVIDENCE","High","2026-09-25T08:22:43.314Z","2200","https://www.isl.lv","2026-09-25T12:18:17.168Z"
"FLIS0263","8.9","Mexico","20-22 students","Mexico City",,"9.1","1:9",,"9.3","Historic Tier-1 Latin American institution with outstanding professional development, strong savings funds, and robust benefits.","9","8.2",,"Housing Allowance + Tax-Equalized Relocation Allowance",,"US Curriculum / IB Diploma / Mexican SEP Dual Diploma","260","The American School Foundation Mexico City","8.7","20% (5 periods/week PPA)","Major Medical & Life Insurance (Private) + Dental & Vision",,"$42,000 - $58,000 / year",,,"Independent / Foundation","8.2",,"0",,,,,"Search Associates, Direct Portal (Teamtailor)","https://careers.asf.edu.mx/jobs","The American School Foundation Mexico City",,,,"Housing Allowance + Tax-Equalized Relocation Allowance","2026-09-25T12:06:09.708Z","0","FLIS0263","Non-Profit","https://careers.asf.edu.mx/jobs","260",,"true","2026-09-25T11:44:16.514Z","1790336656514","false",,,,"MXN","2025/2026","54167","STRONG_MARKET_EVIDENCE","High","2026-09-25T07:25:58.685Z","54167","https://www.asf.edu.mx","2026-09-25T12:18:17.168Z"
"FLIS0264","9.7","Kazakhstan","16-18 students","Almaty",,"9.2","1:7",,"9.2","Premier Central Asian savings market school featuring full tax-free salary, luxury housing, and high-achieving academic culture.","9.1","9",,"Provided Luxury Compound Housing + Utilities Paid",,"British Curriculum / IGCSE / A-Levels","140","Haileybury Almaty","8.6","22% (6 periods/week PPA)","Worldwide Bupa Global Direct Billing",,"£45,000 - £62,000 / year (Tax-Free)",,,"Independent / Foundation","9",,"0",,,,,"TES, Direct Portal, GRC Fair","https://www.haileybury.kz/en/almaty/about-us/vacancies","Haileybury Almaty",,,,"Provided Luxury Compound Housing + Utilities Paid",,"0","FLIS0264","Non-Profit","https://www.haileybury.kz/en/almaty/about-us/vacancies","140",,"true",,,"false",,,,"USD","2025/2026","3750","STRONG_MARKET_EVIDENCE","High","2026-09-25T07:25:58.685Z","3750","https://www.haileybury.kz/en/almaty","2026-09-25T12:18:17.168Z"
"FLIS0265","8.5","Netherlands","16-20 students","The Hague",,"9","1:7",,"9.4","Premier Western European international school featuring excellent pension contributions, 13th-month bonus math, and high quality of life.","9.2","9.6",,"Monthly Housing Allowance + 30% Tax Ruling Eligibility",,"US Curriculum / AP / IB Diploma","175","American School of The Hague","9.1","22% (6 periods/week PPA)","Dutch National Health System Subsidized + Private Top-up",,"€48,000 - €68,000 / year + 13th Month & Holiday Allowance",,,"Independent / Foundation","9.6",,"0",,,,,"Search Associates, GRC Fair","https://www.ash.nl/careers","American School of The Hague",,,,"Monthly Housing Allowance + 30% Tax Ruling Eligibility",,"0","FLIS0265","Non-Profit","https://www.ash.nl/careers","175",,"true",,,"false",,,,"EUR","2025/2026","3300","STRONG_MARKET_EVIDENCE","High","2026-09-25T08:22:43.314Z","3300","https://www.ash.nl","2026-09-25T12:18:17.168Z"
"FLIS0266","8.9","Mexico","18-22 students","Monterrey",,"9.2","1:8",,"9.4","Flagship Northern Mexico institution offering top-tier North American university placements, AP Capstone, and excellent expat benefits.","9.1","8.5",,"Housing Allowance + Tax-Equalized Relocation Stipend",,"US Curriculum / AP Capstone / Mexican Bachillerato","220","American School Foundation of Monterrey","8.8","20% (5 periods/week PPA)","Major Medical & Life Insurance (Private) + Dental & Vision",,"$40,000 - $56,000 / year",,,"Independent / Foundation","8.5",,"0",,,,,"Search Associates, Direct Portal","https://www.asfm.edu.mx/careers","American School Foundation of Monterrey",,,,"Housing Allowance + Tax-Equalized Relocation Stipend",,"0","FLIS0266","Non-Profit","https://www.asfm.edu.mx/careers","220",,"true",,,"false",,,,"MXN","2025/2026","56667","STRONG_MARKET_EVIDENCE","High","2026-09-25T07:25:58.685Z","56667","https://www.asfm.edu.mx","2026-09-25T12:18:17.168Z"
"FLIS0267","8.6","Mexico","16-20 students","Mexico City",,"8.9","1:7",,"9.2","Premier British international school in Mexico City with traditional academic rigor and strong IB Diploma results.","8.8","8.1",,"Furnished Apartment Provided or Housing Stipend",,"British Curriculum / IGCSE / IB Diploma","140","Greengates School","8.5","22% (6 periods/week PPA)","Comprehensive Worldwide Private Health Insurance",,"$38,000 - $52,000 / year",,,"Independent / Foundation","8.1",,"0",,,,,"Nord Anglia Recruitment, TES","https://www.nordangliaeducation.com/careers","Greengates School",,,,"Furnished Apartment Provided or Housing Stipend",,"0","FLIS0267","For-Profit","https://www.nordangliaeducation.com/careers","140",,"true","2026-09-26T06:39:50.756Z","1790404790756","false",,,,"MXN","2025/2026","50000","STRONG_MARKET_EVIDENCE","High","2026-09-25T07:25:58.685Z","50000","https://www.nordangliaeducation.com/greengates-mexico","2026-09-25T12:18:17.168Z"
"FLIS0268","8.4","Mexico","20-22 students","Guadalajara",,"8.7","1:9",,"8.9","Established American curriculum foundation in Guadalajara providing solid expat benefits and high quality of life.","8.6","8.4",,"Monthly Housing Allowance + Relocation Support",,"US Common Core / AP / Mexican Bachillerato","180","The American School of Guadalajara","8.9","20%","Private Major Medical + Local Dental Plan",,"$36,000 - $48,000 / year",,,"Independent / Foundation","8.4",,"0",,,,,"Search Associates, Direct Portal","https://www.asg.edu.mx/careers","The American School of Guadalajara",,,,"Monthly Housing Allowance + Relocation Support",,"0","FLIS0268","Non-Profit","https://www.asg.edu.mx/careers","180",,"true",,,"false",,,,"MXN","2025/2026","48333","MODELLED_ESTIMATE","Medium","2026-09-25T07:25:58.685Z","48333","https://www.asg.edu.mx","2026-09-25T12:18:17.168Z"
"FLIS0269","8.3","Mexico","18-22 students","Querétaro",,"8.8","1:8",,"9","Highly regarded IB/American school located in safe, rapidly growing Querétaro with strong community support.","8.7","9.1",,"Monthly Housing Stipend + Moving Allowance",,"US Curriculum / IB Diploma / Mexican Bachillerato","130","John F. Kennedy School Querétaro","9","20%","Private Medical Insurance (Mexico & International)",,"$34,000 - $46,000 / year",,,"Independent / Foundation","9.1",,"0",,,,,"Search Associates, GRC Fair","https://www.jfk.edu.mx/careers","John F. Kennedy School Querétaro",,,,"Monthly Housing Stipend + Moving Allowance",,"0","FLIS0269","Non-Profit","https://www.jfk.edu.mx/careers","130",,"true",,,"false",,,,"MXN","2025/2026","38000","STRONG_MARKET_EVIDENCE","High","2026-09-25T08:22:43.314Z","38000","https://www.jfk.edu.mx","2026-09-25T12:18:17.168Z"
"FLIS0270","8.8","Colombia","18-22 students","Bogotá",,"9.1","1:8",,"9.3","Tier-1 South American institution in Bogotá with state-of-the-art campus, strong AP program, and excellent teaching culture.","9","8.2",,"Housing Allowance + Relocation Support",,"US Curriculum / AP / Colombian Bachillerato","210","Colegio Nueva Granada","8.9","20% (5 periods/week PPA)","Worldwide Private Medical Insurance (Allianz)",,"$38,000 - $52,000 / year (USD/COP Split)",,,"Independent / Foundation","8.2",,"0",,,,,"Search Associates, GRC Fair","https://www.cng.edu/careers","Colegio Nueva Granada",,,,"Housing Allowance + Relocation Support",,"1","FLIS0270","Non-Profit","https://www.cng.edu/careers","210",,"true",,,"false",,,,"USD","2025/2026","3167","STRONG_MARKET_EVIDENCE","High","2026-09-25T07:25:58.685Z","3167","https://www.cng.edu","2026-09-25T12:18:17.168Z"
"FLIS0271","8.9","Colombia","16-20 students","Cali",,"8.9","1:7",,"9","Lush campus setting in Cali featuring high quality of life, low local cost of living, and robust expat savings potential.","8.8","8",,"Provided Apartment or Substantial Housing Allowance",,"US Curriculum / AP / Colombian Bachillerato","150","Colegio Bolívar","9.1","22%","Private Medical Insurance + Local Health Plan",,"$35,000 - $48,000 / year",,,"Independent / Foundation","8",,"0",,,,,"Search Associates, GRC Fair","https://www.colegiobolivar.edu.co/careers","Colegio Bolívar",,,,"Provided Apartment or Substantial Housing Allowance",,"0","FLIS0271","Non-Profit","https://www.colegiobolivar.edu.co/careers","150",,"true",,,"false",,,,"COP","2025/2026","11500000","STRONG_MARKET_EVIDENCE","High","2026-09-25T08:22:43.314Z","11500000","https://www.colegiobolivar.edu.co","2026-09-25T12:18:17.168Z"
"FLIS0272","8.1","Colombia","20-22 students","Bogotá",,"8.6","1:9",,"8.9","Established IB Continuum school in Bogotá offering British-style pastoral care and strong academic reputation.","8.6","8.1",,"Housing Allowance + Settling-In Allowance",,"IB Continuum (PYP, MYP, DP)","160","The English School Bogotá","8.7","20%","Private Comprehensive Health Insurance",,"$32,000 - $44,000 / year",,,"Independent / Foundation","8.1",,"0",,,,,"TES, Direct Portal","https://www.englishschool.edu.co/careers","The English School Bogotá",,,,"Housing Allowance + Settling-In Allowance",,"0","FLIS0272","Non-Profit","https://www.englishschool.edu.co/careers","160",,"true",,,"false",,,,"COP","2025/2026","10500000","STRONG_MARKET_EVIDENCE","High","2026-09-25T08:22:43.314Z","10500000","https://www.englishschool.edu.co","2026-09-25T12:18:17.168Z"
"FLIS0273","8.4","Netherlands","20-24 students","The Hague",,"8.9","1:9",,"9.2","Major Dutch state-subsidized IB school near the coast offering strong European labor rights, 13th-month bonus math, and high quality of life.","9","9.6",,"Housing Allowance + 30% Tax Ruling Support",,"IPC / IB MYP / IB Diploma","210","International School of The Hague","9","20%","Dutch National Health System + Subsidized Direct Coverage",,"€44,000 - €64,000 / year + 8% Holiday & 8.3% 13th Month",,,"Independent / Foundation","9.6",,"0",,,,,"TES, Direct Portal","https://www.ishthehague.nl/vacancies","International School of The Hague",,,,"Housing Allowance + 30% Tax Ruling Support",,"0","FLIS0273","Non-Profit","https://www.ishthehague.nl/vacancies","210",,"true",,,"false",,,,"EUR","2025/2026","3050","STRONG_MARKET_EVIDENCE","High","2026-09-25T08:22:43.314Z","3050","https://www.ishthehague.nl","2026-09-25T12:18:17.168Z"
"FLIS0274","8.2","Netherlands","18-22 students","Rotterdam",,"8.7","1:8",,"8.9","Vibrant secondary school in modern Rotterdam featuring IGCSE/IB pathways and statutory Dutch public sector benefits.","8.7","9.4",,"Relocation Allowance + Housing Search Assistance",,"IGCSE / IB Diploma","95","Rotterdam International Secondary School","8.9","20%","Dutch National Health System Subsidized",,"€42,000 - €60,000 / year + Statutory Bonuses",,,"Independent / Foundation","9.4",,"0",,,,,"TES, Direct Portal","https://riss.wolfert.nl/about-us/vacancies","Rotterdam International Secondary School",,,,"Relocation Allowance + Housing Search Assistance",,"0","FLIS0274","Non-Profit","https://riss.wolfert.nl/about-us/vacancies","95",,"true",,,"false",,,,"EUR","2025/2026","3500","MODELLED_ESTIMATE","Medium","2026-09-25T07:25:58.685Z","3500","https://riss.wolfert.nl","2026-09-25T12:18:17.168Z"
"FLIS0275","8.3","Netherlands","18-22 students","Eindhoven",,"8.8","1:8",,"9","High-tech hub international school situated on a wooded campus, serving tech families with strong Dutch labor standards.","9.1","9.5",,"Housing Relocation Support + 30% Tax Ruling Eligibility",,"IPC / IB MYP / IB Diploma","110","International School Eindhoven","9.1","20%","Dutch National Health Insurance Subsidized",,"€42,000 - €61,000 / year + Statutory Bonuses",,,"Independent / Foundation","9.5",,"0",,,,,"TES, Direct Portal","https://isecampus.nl/about/vacancies","International School Eindhoven",,,,"Housing Relocation Support + 30% Tax Ruling Eligibility",,"0","FLIS0275","Non-Profit","https://isecampus.nl/about/vacancies","110",,"true",,,"false",,,,"EUR","2025/2026","3500","MODELLED_ESTIMATE","Medium","2026-09-25T07:25:58.685Z","3500","https://isecampus.nl","2026-09-25T12:18:17.168Z"
"FLIS0276","9.4","Kuwait","20-22 students","Hawally",,"9","1:9",,"9.1","Established Tier-1 IB/US school in Kuwait offering high tax-free savings, free furnished housing, and annual flights.","8.9","9.2",,"Provided Furnished Apartment + Utilities Included",,"US Common Core / IB Diploma","160","American International School of Kuwait","8.2","20%","Private Kuwaiti & International Health Insurance",,"KWD 11,000 - KWD 15,500 / year (Tax-Free)",,,"Independent / Foundation","9.2",,"0",,,,,"Search Associates, Schrole","https://www.aiskuwait.org/careers","American International School of Kuwait",,,,"Provided Furnished Apartment + Utilities Included",,"0","FLIS0276","For-Profit","https://www.aiskuwait.org/careers","160",,"true",,,"false",,,,"KWD","2025/2026","1125","STRONG_MARKET_EVIDENCE","High","2026-09-25T07:25:58.685Z","1125","https://www.aiskuwait.org","2026-09-25T12:18:17.168Z"
"FLIS0277","9.1","Kuwait","20-24 students","Hawally",,"8.6","1:10",,"8.7","Popular American curriculum school offering tax-free compensation, furnished housing, and strong AP courses.","8.6","9.2",,"Provided Single/Couple Furnished Apartment",,"US Curriculum / AP","140","Universal American School Kuwait","8.1","18%","Full Local Private Health Coverage",,"KWD 10,000 - KWD 14,000 / year (Tax-Free)",,,"Independent / Foundation","9.2",,"0",,,,,"Search Associates, Direct Portal","https://www.uas.edu.kw/careers","Universal American School Kuwait",,,,"Provided Single/Couple Furnished Apartment",,"0","FLIS0277","For-Profit","https://www.uas.edu.kw/careers","140",,"true",,,"false",,,,"KWD","2025/2026","1000","MODELLED_ESTIMATE","Medium","2026-09-25T07:25:58.685Z","1000","https://www.uas.edu.kw","2026-09-25T12:18:17.168Z"
"FLIS0278","9.2","Kuwait","20-22 students","Jabriya",,"8.7","1:9",,"8.9","Traditional British curriculum school in Kuwait with long-standing academic history, tax-free salary, and solid savings potential.","8.5","9.2",,"Provided Air-Conditioned Apartment + Utilities",,"British Curriculum / IGCSE / A-Levels","150","New English School Kuwait","8","20%","Private Medical Insurance",,"KWD 10,500 - KWD 15,000 / year (Tax-Free)",,,"Independent / Foundation","9.2",,"0",,,,,"TES, Direct Portal","https://www.neskuwait.com/employment","New English School Kuwait",,,,"Provided Air-Conditioned Apartment + Utilities",,"0","FLIS0278","For-Profit","https://www.neskuwait.com/employment","150",,"true",,,"false",,,,"KWD","2025/2026","1000","MODELLED_ESTIMATE","Medium","2026-09-25T07:25:58.685Z","1000","https://www.neskuwait.com","2026-09-25T12:18:17.168Z"
"FLIS0279","9.6","Qatar","18-22 students","Doha",,"9.4","1:8",,"9.5","Flagship non-profit American/IB institution in Qatar with world-class facilities, tax-free package, and outstanding savings potential.","9.5","9.8",,"Provided Luxury Compound Villa / Apartment or Allowance",,"US Curriculum (AERO) / AP / IB Diploma","260","American School of Doha","8.9","22%","Worldwide Direct Billing Health Insurance (Cigna)",,"QAR 180,000 - QAR 240,000 / year (Tax-Free)",,,"Independent / Foundation","9.8",,"0",,,,,"Search Associates, Schrole, GRC Fair","https://www.asd.sch.qa/careers","American School of Doha",,,,"Provided Luxury Compound Villa / Apartment or Allowance",,"1","FLIS0279","Non-Profit","https://www.asd.sch.qa/careers","260",,"true",,,"false",,,,"QAR","2025/2026","17500","STRONG_MARKET_EVIDENCE","High","2026-09-25T07:25:58.685Z","17500","https://www.asd.sch.qa","2026-09-25T12:18:17.168Z"
"FLIS0280","9.4","Qatar","18-22 students","Doha",,"9.3","1:8",,"9.5","State-of-the-art Al Wajba campus, BSO Outstanding rating, excellent UK A-Level results, and top-tier Gulf tax-free benefits.","9.4","9.8",,"Provided Furnished Apartment or Generous Allowance",,"British Curriculum / IGCSE / A-Levels","210","Doha College","8.7","20%","Bupa Global / Comprehensive Private Medical",,"QAR 160,000 - QAR 220,000 / year (Tax-Free)",,,"Independent / Foundation","9.8",,"0",,,,,"TES, Direct Portal","https://www.dohacollege.com/careers","Doha College",,,,"Provided Furnished Apartment or Generous Allowance","1790193420261","0","FLIS0280","Non-Profit","https://www.dohacollege.com/careers","210",,"true",,,"false",,,,"QAR","2025/2026","17917","STRONG_MARKET_EVIDENCE","High","2026-09-25T07:25:58.685Z","17917","https://www.dohacollege.com","2026-09-25T12:18:17.168Z"
"FLIS0281","9","Qatar","20-22 students","Doha",,"8.8","1:9",,"9","Respected British international school in Doha with warm community feel, steady package, and tax-free savings.","8.7","9.8",,"Provided (Expat Compound Villa / Corporate Leased Apartment)",,"British Curriculum / IGCSE / A-Levels","130","Park House English School","8.5","20%","Private Direct Billing Health Insurance",,"QAR 140,000 - QAR 185,000 / year (Tax-Free)",,,"Independent / Foundation","9.8",,"0",,,,,"TES, Direct Portal","https://parkhouseschool.com/careers","Park House English School",,,,"Provided Furnished Apartment + Utilities Allowance","1790193420261","0","FLIS0281","For-Profit","https://parkhouseschool.com/careers","130",,"true",,,"false",,,,"QAR","2025/2026","13000","STRONG_MARKET_EVIDENCE","High","2026-09-25T11:08:43.860Z","13000","https://parkhouseschool.com","2026-09-25T12:18:17.168Z"
"FLIS0282","9.5","Vietnam","16-20 students","Ho Chi Minh City",,"9.4","1:7",,"9.5","Premier Non-Profit Apple Distinguished School in HCMC offering high savings, low cost of living, and exceptional campus culture.","9.6","9.2",,"Provided Apartment or Generous Housing Stipend (,200/mo)",,"US Curriculum / AP / IB Diploma","180","Saigon South International School","9","25% (6 periods/week PPA)","Worldwide Cigna Global Direct Billing",,"$48,000 - $66,000 / year",,,"Independent / Foundation","9.2",,"0",,,,,"Search Associates, Schrole, GRC Fair","https://www.ssis.edu.vn/careers","Saigon South International School",,,,"Provided Apartment or Generous Housing Stipend (,200/mo)",,"0","FLIS0282","Non-Profit","https://www.ssis.edu.vn/careers","180",,"true",,,"false",,,,"USD","2025/2026","4167","STRONG_MARKET_EVIDENCE","High","2026-09-25T07:25:58.685Z","4167","https://www.ssis.edu.vn","2026-09-25T12:18:17.168Z"
"FLIS0283","9","Vietnam","18-20 students","Ho Chi Minh City",,"8.8","1:8",,"8.9","FOBISIA-member British/IB international school in District 7 offering strong community, competitive savings, and great lifestyle.","8.7","9.1",,"Monthly Housing Allowance + Relocation Support",,"British Curriculum / IGCSE / IB Diploma","110","Renaissance International School Saigon","8.8","20%","Comprehensive Asia-Pacific Health Insurance",,"$36,000 - $50,000 / year",,,"Independent / Foundation","9.1",,"0",,,,,"TES, Direct Portal","https://www.renaissance.edu.vn/careers","Renaissance International School Saigon",,,,"Monthly Housing Allowance + Relocation Support",,"0","FLIS0283","For-Profit","https://www.renaissance.edu.vn/careers","110",,"true",,,"false",,,,"USD","2025/2026","2917","MODELLED_ESTIMATE","Medium","2026-09-25T07:25:58.685Z","2917","https://www.renaissance.edu.vn","2026-09-25T12:18:17.168Z"
"FLIS0284","9.2","Vietnam","16-18 students","Hanoi",,"9.1","1:7",,"9.3","Top-tier American curriculum school in Hanoi known for high AP scores, supportive environment, and rapid savings growth.","9.2","9.3",,"Furnished Housing Provided + Flight Allowance",,"US Curriculum / AP Capstone","90","Concordia International School Hanoi","9","22%","Worldwide Direct Billing Insurance",,"$42,000 - $58,000 / year",,,"Independent / Foundation","9.3",,"0",,,,,"Search Associates, Schrole","https://www.concordiahanoi.org/careers","Concordia International School Hanoi",,,,"Furnished Housing Provided + Flight Allowance",,"0","FLIS0284","Non-Profit","https://www.concordiahanoi.org/careers","90",,"true",,,"false",,,,"USD","2025/2026","3667","STRONG_MARKET_EVIDENCE","High","2026-09-25T07:25:58.685Z","3667","https://www.concordiahanoi.org","2026-09-25T12:18:17.168Z"
"FLIS0285","9.1","South Korea","16-20 students","Seoul",,"9.2","1:7",,"9.5","High-performing STEM and AP-focused American school near Seoul with furnished housing, top technology, and great pension benefits.","9.6","9.8",,"Provided Modern Single/Couple Apartment + Utilities",,"US Curriculum / AP / Applied Capstone","210","Korea International School","8.6","22%","Korean National Health Insurance (50/50) + Private Foreign Top-Up",,"$46,000 - $64,000 / year (USD/KRW Split)",,,"Independent / Foundation","9.8",,"0",,,,,"Search Associates, Schrole, GRC Fair","https://www.kis.or.kr/careers","Korea International School",,,,"Provided Modern Single/Couple Apartment + Utilities",,"0","FLIS0285","Non-Profit","https://www.kis.or.kr/careers","210",,"true",,,"false",,,,"KRW","2025/2026","4916667","STRONG_MARKET_EVIDENCE","High","2026-09-25T07:25:58.685Z","4916667","https://www.kis.or.kr","2026-09-25T12:18:17.168Z"
"FLIS0286","8.8","South Korea","16-18 students","Seoul",,"9","1:7",,"9.2","First fully authorized IB World School in Seoul offering modern Digital Media Center, central location, and competitive expat package.","9.4","9.8",,"Provided Apartment in Seoul or Housing Stipend",,"IB World School (PYP, MYP, DP)","120","Dwight School Seoul","8.7","20%","Korean NHI + International Medical Insurance",,"$42,000 - $58,000 / year",,,"Independent / Foundation","9.8",,"0",,,,,"Search Associates, TES","https://www.dwight.or.kr/careers","Dwight School Seoul",,,,"Provided Apartment in Seoul or Housing Stipend",,"0","FLIS0286","For-Profit","https://www.dwight.or.kr/careers","120",,"true",,,"false",,,,"KRW","2025/2026","4600000","STRONG_MARKET_EVIDENCE","High","2026-09-25T08:22:43.314Z","4600000","https://www.dwight.or.kr","2026-09-25T12:18:17.168Z"
"FLIS0287","9","South Korea","18-20 students","Seoul",,"9.1","1:8",,"9.4","Historic non-profit American curriculum school in Greater Seoul with rigorous academics, top AP participation, and reliable savings.","9","9.8",,"Provided Furnished Apartment + Relocation Allowance",,"US Curriculum / AP","160","Seoul International School","8.5","20%","Korean National Health + Private Supplemental Insurance",,"$45,000 - $62,000 / year",,,"Independent / Foundation","9.8",,"0",,,,,"Search Associates, Schrole","https://siskorea.org/careers","Seoul International School",,,,"Provided Furnished Apartment + Relocation Allowance",,"0","FLIS0287","Non-Profit","https://siskorea.org/careers","160",,"true",,,"false",,,,"KRW","2025/2026","4833333","STRONG_MARKET_EVIDENCE","High","2026-09-25T07:25:58.685Z","4833333","https://siskorea.org","2026-09-25T12:18:17.168Z"
"FLIS0288","9.4","Taiwan","18-22 students","Taipei",,"9.3","1:8",,"9.6","Premier European multi-section school in Taipei with British, French, German, and IB pathways, offering high savings and excellent safety.","9.4","9.8",,"Provided Furnished Apartment or Monthly Housing Allowance",,"British (IGCSE/A-Level), French (DNBF/BAC), German (Abitur), IB DP","280","Taipei European School","8.9","22%","Taiwan National Health Insurance (NHI) + International Direct Billing",,"TWD 1,800,000 - TWD 2,400,000 / year",,,"Independent / Foundation","9.8",,"0",,,,,"Search Associates, TES, Schrole","https://www.taipeieuropeanschool.com/careers","Taipei European School",,,,"Provided Furnished Apartment or Monthly Housing Allowance",,"0","FLIS0288","Non-Profit","https://www.taipeieuropeanschool.com/careers","280",,"true",,,"false",,,,"TWD","2025/2026","142000","STRONG_MARKET_EVIDENCE","High","2026-09-25T08:22:43.314Z","142000","https://www.taipeieuropeanschool.com","2026-09-25T12:18:17.168Z"
"FLIS0289","9.3","Turkey","16-18 students","Istanbul",,"9.2","1:7",,"9.4","Historic Tier-1 IB World School in Istanbul protecting teacher purchasing power with hard USD currency contracts and luxury housing.","9.1","8.8",,"Provided Furnished Apartment / Housing Allowance + Utilities",,"IB Continuum (PYP, MYP, DP)","110","Istanbul International Community School","9","25%","Comprehensive Worldwide Private Health Insurance",,"$42,000 - $60,000 / year (Pegged Hard Currency)",,,"Independent / Foundation","8.8",,"0",,,,,"Search Associates, Schrole, GRC Fair","https://www.iics.k12.tr/careers","Istanbul International Community School",,,,"Provided Furnished Apartment / Housing Allowance + Utilities","1790193420261","0","FLIS0289","Non-Profit","https://www.iics.k12.tr/careers","110",,"true",,,"false",,,,"USD","2025/2026","3500","STRONG_MARKET_EVIDENCE","High","2026-09-25T07:25:58.685Z","3500","https://www.iics.k12.tr","2026-09-25T12:18:17.168Z"
"FLIS0290","9.7","Kazakhstan","16-18 students","Astana",,"9.2","1:7",,"9.3","Premier Central Asian savings market school in Kazakhstan's capital offering full tax-free salary, luxury housing, and high IB results.","9.2","9.1",,"Provided Luxury Compound Housing + Full Utilities Paid",,"British Curriculum / IGCSE / IB Diploma","120","Haileybury Astana","8.7","22%","Worldwide Bupa Global Direct Billing",,"£44,000 - £60,000 / year (Tax-Free)",,,"Independent / Foundation","9.1",,"0",,,,,"TES, Direct Portal, GRC Fair","https://www.haileybury.kz/en/astana/about-us/vacancies","Haileybury Astana",,,,"Provided Luxury Compound Housing + Full Utilities Paid",,"0","FLIS0290","Non-Profit","https://www.haileybury.kz/en/astana/about-us/vacancies","120",,"true",,,"false",,,,"USD","2025/2026","3750","STRONG_MARKET_EVIDENCE","High","2026-09-25T07:25:58.685Z","3750","https://www.haileybury.kz/en/astana","2026-09-25T12:18:17.168Z"
"FLIS0291","9.6","United Arab Emirates","18-20 students","Dubai",,"9.5","1:8",,"9.6","Premier non-profit US flagship school in Dubai with high salary packages, state-of-the-art Al Barsha campus, and exceptional savings.","9.6","9.8",,"Provided Furnished Villa/Apartment or Housing Allowance (AED 110,000/yr)",,"US Common Core / AP / AP Capstone","220","American School of Dubai","9","25% (6 periods/week PPA)","Comprehensive Worldwide Private Health Insurance (Cigna)",,"AED 16,000 - AED 22,000 / month (Tax-Free)",,"LFI","Independent / Foundation","9.8",,"0",,,"success","false","Search Associates, Schrole, GRC Fair","https://www.asdubai.org/work-at-asd-link","American School of Dubai","1144062","american-school-of-dubai-1144062",,"Provided Furnished Villa/Apartment or Housing Allowance (AED 110,000/yr)","1790193420261","0","FLIS0291","Non-Profit","https://www.asdubai.org/work-at-asd-link","220",,"true",,,"false",,,,"AED","2025/2026","18500","STRONG_MARKET_EVIDENCE","High","2026-09-25T07:25:58.685Z","18500","https://www.asdubai.org","2026-09-26T11:33:21.093Z"
"FLIS0292","9.5","United Arab Emirates","18-20 students","Abu Dhabi",,"9.4","1:9",,"9.5","Premier non-profit US/IB flagship in Abu Dhabi featuring a brand-new campus on Saadiyat Island and top-tier expat benefits.","9.6","9.8",,"Provided Furnished Apartment / Villa on Saadiyat or Allowance",,"US Curriculum / AP / IB Diploma","170","American Community School of Abu Dhabi","8.9","22%","Worldwide Medical Direct Billing (Aetna / Cigna)",,"AED 15,500 - AED 21,000 / month (Tax-Free)",,"LFI","Independent / Foundation","9.8",,"0",,,"success","false","Search Associates, Schrole, GRC Fair","https://www.acs.sch.ae/join-us/careers","American Community School of Abu Dhabi","1076939","american-community-school-of-abu-dhabi-1076939",,"Provided Furnished Apartment / Villa on Saadiyat or Allowance",,"0","FLIS0292","Non-Profit","https://www.acs.sch.ae/join-us/careers","170",,"true",,,"false",,,,"AED","2025/2026","18000","STRONG_MARKET_EVIDENCE","High","2026-09-25T07:25:58.685Z","18000","https://www.acs.sch.ae","2026-09-26T11:33:21.093Z"
"FLIS0293","9.3","United Arab Emirates","20-22 students","Dubai",,"9.3","1:9",,"9.6","KHDA Outstanding non-profit British secondary college with elite A-Level/BTEC results and excellent working conditions.","9.3","9.7",,"Provided Furnished Accommodation or Generous Allowance",,"British Curriculum / IGCSE / A-Levels / BTEC","190","Dubai English Speaking College","8.8","20%","Comprehensive Private Medical Insurance",,"AED 15,000 - AED 20,500 / month (Tax-Free)",,"LFI","Independent / Foundation","9.7",,"0",,,"success","false","TES, Direct Portal","https://www.descdubai.com/vacancies","Dubai English Speaking College","1059044","dubai-english-speaking-school-oud-metha-1059044",,"Provided Furnished Accommodation or Generous Allowance",,"0","FLIS0293","Non-Profit","https://www.descdubai.com/vacancies","190",,"true",,,"false",,,,"AED","2025/2026","17500","STRONG_MARKET_EVIDENCE","High","2026-09-25T07:25:58.685Z","17500","https://www.descdubai.com","2026-09-26T11:33:21.093Z"
"FLIS0294","9.6","Saudi Arabia","18-20 students","Jeddah",,"9.2","1:8",,"9.1","Premier non-profit American school in Jeddah offering tax-free USD salary, gated compound housing, and top savings potential.","9.1","8.8",,"Provided Luxury Compound Housing + Full Utilities Paid",,"US Curriculum / AP","120","American International School Jeddah","8.7","22%","Worldwide Cigna Direct Billing Medical Insurance",,"$44,000 - $60,000 / year (Tax-Free USD)",,,"Independent / Foundation","8.8",,"0",,,,,"Search Associates, Schrole, GRC Fair","https://www.aisj.edu.sa/careers","American International School Jeddah",,,,"Provided Luxury Compound Housing + Full Utilities Paid",,"0","FLIS0294","Non-Profit","https://www.aisj.edu.sa/careers","120",,"true",,,"false",,,,"SAR","2025/2026","16500","STRONG_MARKET_EVIDENCE","High","2026-09-25T08:22:43.314Z","16500","https://www.aisj.edu.sa","2026-09-25T12:18:17.168Z"
"FLIS0295","9.7","Saudi Arabia","16-18 students","Khobar",,"9.3","1:7",,"9.3","Aramco-corridor flagship school offering one of the highest net tax-free USD savings packages in the Middle East.","9.2","9.2",,"Provided Furnished Compound Apartment/Villa + Utilities",,"US Curriculum / AP","150","American School Dhahran","8.8","22%","Worldwide Bupa Global / Cigna Medical Insurance",,"$46,000 - $62,000 / year (Tax-Free USD)",,,"Independent / Foundation","9.2",,"0",,,,,"Search Associates, Schrole, GRC Fair","https://www.isg.edu.sa/careers","American School Dhahran",,,,"Provided Furnished Compound Apartment/Villa + Utilities",,"0","FLIS0295","Non-Profit","https://www.isg.edu.sa/careers","150",,"true",,,"false",,,,"SAR","2025/2026","17500","STRONG_MARKET_EVIDENCE","High","2026-09-25T08:22:43.314Z","17500","https://asd.isg.edu.sa","2026-09-25T12:18:17.168Z"
"FLIS0296","9.6","Saudi Arabia","16-18 students","Khobar",,"9.3","1:7",,"9.4","BSO Outstanding British curriculum school in the Eastern Province with high tax-free earnings and compound amenities.","9.1","9.2",,"Provided Compound Housing + Utilities Included",,"British Curriculum / IGCSE / A-Levels","130","British School Dhahran","8.8","22%","Worldwide Direct Billing Medical Coverage",,"SAR 170,000 - SAR 230,000 / year (Tax-Free)",,,"Independent / Foundation","9.2",,"0",,,,,"TES, Search Associates","https://www.isg.edu.sa/careers","British School Dhahran",,,,"Provided Compound Housing + Utilities Included","1790193420261","0","FLIS0296","Non-Profit","https://www.isg.edu.sa/careers","130",,"true",,,"false",,,,"SAR","2025/2026","17000","STRONG_MARKET_EVIDENCE","High","2026-09-25T08:22:43.314Z","17000","https://bsd.isg.edu.sa","2026-09-25T12:18:17.168Z"
"FLIS0297","9.5","Egypt","16-18 students","Cairo",,"9.4","1:6",,"9.5","North Africa's premier non-profit US/IB flagship school (est. 1945) offering hard USD contracts, leafy Maadi housing, and elite savings.","9.3","8.6",,"Provided Furnished Apartment in Maadi or Generous USD Allowance",,"US Curriculum / IB Diploma","140","Cairo American College","9.1","25%","Worldwide Private Health Insurance (Cigna)",,"$42,000 - $60,000 / year (USD Hard Currency)",,,"Independent / Foundation","8.6",,"0",,,,,"Search Associates, Schrole, GRC Fair","https://www.cacegypt.org/index.php/working-at-cac","Cairo American College",,,,"Provided Furnished Apartment in Maadi or Generous USD Allowance","2026-09-25T12:06:09.708Z","1","FLIS0297","Non-Profit","https://www.cacegypt.org/index.php/working-at-cac","140",,"true","2026-09-25T11:45:27.730Z","1790336727730","false",,,,"USD","2025/2026","3833","STRONG_MARKET_EVIDENCE","High","2026-09-25T07:25:58.685Z","3833","https://www.cacegypt.org","2026-09-25T12:18:17.168Z"
"FLIS0298","8.8","Egypt","18-22 students","Cairo",,"8.7","1:8",,"8.9","Established Esol Education school in Cairo offering US/IB pathways, provided housing, and strong local lifestyle value.","8.7","8.6",,"Provided Furnished Apartment + Transportation",,"US Curriculum / IB Diploma","180","American International School in Egypt","8.4","20%","Comprehensive Regional & International Health Insurance",,"$32,000 - $46,000 / year (Hard Currency Split)",,,"Independent / Foundation","8.6",,"0",,,,,"Search Associates, Direct Portal","https://www.aisegypt.com/careers","American International School in Egypt",,,,"Provided Furnished Apartment + Transportation",,"0","FLIS0298","For-Profit","https://www.aisegypt.com/careers","180",,"true",,,"false",,,,"USD","2025/2026","2800","STRONG_MARKET_EVIDENCE","High","2026-09-25T08:22:43.314Z","2800","https://www.aisegypt.com","2026-09-25T12:18:17.168Z"
"FLIS0299","9.1","Jordan","12-16 students","Amman",,"9.4","1:5",,"9.6","Levant's premier co-ed boarding/day school founded by King Abdullah II, featuring tiny class sizes, full campus housing, and AP Capstone.","9.5","9.3",,"Provided On-Campus Faculty Housing + All Meals Included",,"US Curriculum / Advanced Placement (AP)","130","King's Academy","8.8","25%","Worldwide Medical Direct Billing (Cigna)",,"$36,000 - $54,000 / year (Tax-Free USD)",,,"Independent / Foundation","9.3",,"0",,,,,"Search Associates, Direct Portal","https://www.kingsacademy.edu.jo/about-us/careers","King's Academy",,,,"Provided On-Campus Faculty Housing + All Meals Included",,"0","FLIS0299","Non-Profit","https://www.kingsacademy.edu.jo/about-us/careers","130",,"true",,,"false",,,,"JOD","2025/2026","2100","STRONG_MARKET_EVIDENCE","High","2026-09-25T08:22:43.314Z","2100","https://www.kingsacademy.edu.jo","2026-09-25T12:18:17.168Z"
"FLIS0300","9","Jordan","16-18 students","Amman",,"9.1","1:7",,"9.2","Non-profit US curriculum anchor school in Amman with long-standing community reputation, USD pay, and low local cost of living.","9","9.2",,"Provided Apartment in Amman or Monthly Allowance",,"US Common Core / AP","95","American Community School Amman","9","22%","Comprehensive Worldwide Private Health Insurance",,"$36,000 - $50,000 / year (USD Hard Currency)",,,"Independent / Foundation","9.2",,"0",,,,,"Search Associates, Schrole, GRC Fair","https://www.acsamman.edu.jo/careers","American Community School Amman",,,,"Provided Apartment in Amman or Monthly Allowance",,"1","FLIS0300","Non-Profit","https://www.acsamman.edu.jo/careers","95",,"true",,,"false",,,,"JOD","2025/2026","2200","STRONG_MARKET_EVIDENCE","High","2026-09-25T08:22:43.314Z","2200","https://www.acsamman.edu.jo","2026-09-25T12:18:17.168Z"
"FLIS0301","8.8","Lebanon","14-18 students","Beirut",,"8.9","1:6",,"9.4","Historic non-profit institution (est. 1905) overlooking the Mediterranean, protecting faculty with offshore USD salary disbursement.","9","7.5",,"Provided Furnished Apartment in Beirut + Utilities",,"US Curriculum / AP / IB Diploma","110","American Community School Beirut","8.7","25%","Worldwide Cigna / SOS International Medical Coverage",,"$38,000 - $54,000 / year (Offshore USD)",,,"Independent / Foundation","7.5",,"0",,,,,"Search Associates, Schrole","https://www.acs.edu.lb/careers","American Community School Beirut",,,,"Provided Furnished Apartment in Beirut + Utilities",,"0","FLIS0301","Non-Profit","https://www.acs.edu.lb/careers","110",,"true",,,"false",,,,"USD","2025/2026","2800","STRONG_MARKET_EVIDENCE","High","2026-09-25T08:22:43.314Z","2800","https://www.acs.edu.lb","2026-09-25T12:18:17.168Z"
"FLIS0302","8.7","Lebanon","16-20 students","Beirut",,"8.9","1:7",,"9.5","Prestigious dual-track IB/French/American non-profit school in Ras Beirut with century-long academic tradition and offshore USD pay.","8.9","7.5",,"Provided Apartment Accommodation or Allowance",,"IB Diploma / French Baccalauréat / Lebanese Baccalaureate","230","International College Beirut","8.6","22%","Comprehensive Offshore International Private Health Plan",,"$36,000 - $50,000 / year (Offshore USD)",,,"Independent / Foundation","7.5",,"0",,,,,"Search Associates, Direct Portal","https://www.ic.edu.lb/careers","International College Beirut",,,,"Provided Apartment Accommodation or Allowance",,"0","FLIS0302","Non-Profit","https://www.ic.edu.lb/careers","230",,"true",,,"false",,,,"USD","2025/2026","2700","STRONG_MARKET_EVIDENCE","High","2026-09-25T08:22:43.314Z","2700","https://www.ic.edu.lb","2026-09-25T12:18:17.168Z"
"FLIS0303","9.7","Qatar","18-20 students","Mesaieed",,"9.3","1:8",,"9.2","Flagship QatarEnergy corporate school in Mesaieed providing outstanding tax-free earnings, free compound housing with covered utilities, and BSO British education.","9.2","9.8",,"Provided QatarEnergy Compound Housing + Free Utilities (Water & Electricity)",,"British Curriculum / IGCSE / A-Levels","140","Mesaieed International School","8.9","22%","Comprehensive QatarEnergy Direct Billing & Worldwide Private Medical",,"QAR 160,000 - QAR 220,000 / year (Tax-Free)",,,"Independent / Foundation","9.8",,"0",,,,,"TES, Direct Portal (QatarEnergy Careers)","https://www.qatarenergy.qa/en/Careers/Pages/default.aspx","Mesaieed International School",,,,"Provided QatarEnergy Compound Housing + Free Utilities (Water & Electricity)",,"0","FLIS0303","Non-Profit","https://www.qatarenergy.qa/en/Careers/Pages/default.aspx","140",,"true",,,"false",,,,"QAR","2025/2026","13500","STRONG_MARKET_EVIDENCE","High","2026-09-25T08:22:43.314Z","13500","https://www.mis.qp.qa","2026-09-25T12:18:17.168Z"
"FLIS0304","9.6","Qatar","16-20 students","Dukhan",,"9.2","1:7",,"9.1","One of Qatar's oldest British schools, operated by QatarEnergy in the western coastal township of Dukhan with exceptional benefits and beachside compound living.","9","9.8",,"Provided QatarEnergy Gated Beachfront Compound House + Free Utilities",,"British Curriculum / IGCSE / A-Levels","110","Dukhan English School","9","22%","QatarEnergy Medical Services + Full International Coverage",,"QAR 155,000 - QAR 210,000 / year (Tax-Free)",,,"Independent / Foundation","9.8",,"0",,,,,"TES, Direct Portal (QatarEnergy Careers)","https://www.qatarenergy.qa/en/Careers/Pages/default.aspx","Dukhan English School",,,,"Provided QatarEnergy Gated Beachfront Compound House + Free Utilities","1790193420261","0","FLIS0304","Non-Profit","https://www.qatarenergy.qa/en/Careers/Pages/default.aspx","110",,"true",,,"false",,,,"QAR","2025/2026","13500","STRONG_MARKET_EVIDENCE","High","2026-09-25T08:22:43.314Z","13500","https://www.des.qp.qa","2026-09-25T12:18:17.168Z"
"FLIS0305","9.6","Qatar","18-20 students","Doha",,"9.3","1:8",,"9.2","Exclusive Qatar Airways corporate school in Doha offering high tax-free earnings, airline travel perks, state-of-the-art facilities, and BSO British education.","9.4","9.8",,"Provided (Expat Compound Villa / Corporate Leased Apartment)",,"British Curriculum / IGCSE / A-Levels","160","Oryx International School","8.9","22%","Comprehensive Worldwide Private Medical Insurance (Hamad & Direct Billing)",,"QAR 155,000 - QAR 210,000 / year (Tax-Free)",,,"Independent / Foundation","9.8",,"0",,,,,"TES, Direct Portal (Orbital Education)","https://oryxschool.qa/careers","Oryx International School",,,,"Provided Luxury Compound Housing + Qatar Airways Staff Flight Allowance","1790193420261","0","FLIS0305","Non-Profit","https://oryxschool.qa/careers","160",,"true",,,"false",,,,"QAR","2025/2026","13500","STRONG_MARKET_EVIDENCE","High","2026-09-25T11:08:43.860Z","13500","https://oryxschool.qa","2026-09-25T12:18:17.168Z"
"FLIS0306","9.4","Qatar","18-20 students","Doha",,"9.3","1:8",,"9.4","Flagship ACS network school in Al Kheesa with a landmark 60,000m² campus, robust AP/IB options, and top-tier expat compensation.","9.5","9.8",,"Provided (Expat Compound Villa / Corporate Leased Apartment)",,"US Curriculum / AP / IB Diploma","150","ACS International School Doha","8.8","22%","Worldwide Direct Billing Medical Insurance (Bupa / Cigna)",,"QAR 160,000 - QAR 220,000 / year (Tax-Free)",,,"Independent / Foundation","9.8",,"0",,,,,"Search Associates, Schrole, TES","https://www.acs-schools.com/working-acs-doha","ACS International School Doha",,,,"Provided Furnished Apartment / Villa or Generous Housing Allowance","1790193420261","0","FLIS0306","Non-Profit","https://www.acs-schools.com/working-acs-doha","150",,"true",,,"false",,,,"QAR","2025/2026","14000","STRONG_MARKET_EVIDENCE","High","2026-09-25T11:08:43.860Z","14000","https://www.acs-schools.com/doha","2026-09-25T12:18:17.168Z"
"FLIS0307","9.2","Qatar","18-22 students","Al Shahaniya)",,"9.1","1:9",,"9.4","Prestigious British independent brand school operating multiple campuses across Doha, offering BSO Outstanding academics and strong expat packages.","9.1","9.8",,"Provided (Expat Compound Villa / Corporate Leased Apartment)",,"British Curriculum / IGCSE / A-Levels","180","Sherborne Qatar","8.5","20%","Full Private Direct Billing International Health Coverage",,"QAR 150,000 - QAR 205,000 / year (Tax-Free)",,,"Independent / Foundation","9.8",,"0",,,,,"TES, Direct Portal","https://www.sherborneqatar.org/careers","Sherborne Qatar",,,,"Provided Furnished Compound Apartment or Housing Allowance",,"0","FLIS0307","For-Profit","https://www.sherborneqatar.org/careers","180",,"true",,,"false",,,,"QAR","2025/2026","13500","STRONG_MARKET_EVIDENCE","High","2026-09-25T11:08:43.860Z","13500","https://www.sherborneqatar.org","2026-09-25T12:18:17.168Z"
"FLIS0308","9","Qatar","18-20 students","Doha",,"9","1:8",,"9.2","UK independent franchise school in Al Thumama with strong pastoral care, modern specialized facilities, and tax-free earnings.","9.2","9.8",,"Provided Modern Furnished Apartment + Relocation Support",,"British Curriculum / IGCSE / A-Levels","120","King's College Doha","8.6","20%","Comprehensive Direct Billing Private Health Insurance",,"QAR 145,000 - QAR 195,000 / year (Tax-Free)",,,"Independent / Foundation","9.8",,"0",,,,,"TES, Direct Portal","https://www.kingscollegedoha.com/careers","King's College Doha",,,,"Provided Modern Furnished Apartment + Relocation Support",,"0","FLIS0308","For-Profit","https://www.kingscollegedoha.com/careers","120",,"true",,,"false",,,,"QAR","2025/2026","14000","STRONG_MARKET_EVIDENCE","High","2026-09-25T08:23:29.072Z","14000","https://www.kingscollegedoha.com","2026-09-25T12:18:17.168Z"
"FLIS0309","9.1","Qatar","16-18 students","Doha",,"9.1","1:7",,"9.3","Premium multilingual IB World School in Al Luqta offering dual English/French immersion, small class sizes, and competitive tax-free benefits.","9.3","9.8",,"Provided Furnished Accommodation or Housing Stipend",,"IB Continuum (PYP, MYP, DP) / Bilingual English & French","110","Swiss International School Qatar","8.7","22%","Full Private Direct Billing International Insurance",,"QAR 150,000 - QAR 200,000 / year (Tax-Free)",,,"Independent / Foundation","9.8",,"0",,,,,"Search Associates, TES","https://www.sisq.qa/careers","Swiss International School Qatar",,,,"Provided Furnished Accommodation or Housing Stipend",,"0","FLIS0309","For-Profit","https://www.sisq.qa/careers","110",,"true",,,"false",,,,"QAR","2025/2026","14500","STRONG_MARKET_EVIDENCE","High","2026-09-25T08:23:29.072Z","14500","https://www.sisq.qa","2026-09-25T12:18:17.168Z"
"FLIS0310","8.9","Qatar","18-20 students","Doha",,"9","1:8",,"9.2","Established IB Continuum school in North Duhail celebrated for mother-tongue language programs, diverse community, and reliable expat package.","9","9.8",,"Provided Furnished Apartment or Housing Allowance",,"IB Continuum (PYP, MYP, DP)","130","International School of London Qatar","8.8","22%","Comprehensive Direct Billing Medical Coverage",,"QAR 145,000 - QAR 195,000 / year (Tax-Free)",,,"Independent / Foundation","9.8",,"0",,,,,"Search Associates, Schrole, TES","https://www.islqatar.org/careers","International School of London Qatar",,,,"Provided Furnished Apartment or Housing Allowance",,"0","FLIS0310","For-Profit","https://www.islqatar.org/careers","130",,"true",,,"false",,,,"QAR","2025/2026","14583","MODELLED_ESTIMATE","Medium","2026-09-25T07:25:58.686Z","14583","https://www.islqatar.org","2026-09-25T12:18:17.168Z"
"FLIS0311","9.6","United Arab Emirates","18-20 students","Abu Dhabi",,"9.5","1:8",,"9.6","Abu Dhabi's premier non-profit British community flagship (est. 1968) with ADEK/BSO Outstanding ratings, top A-Level results, and elite expat terms.","9.3","9.8",,"Provided Accommodation or Generous Housing Allowance (AED 100,000+/yr)",,"British Curriculum / IGCSE / A-Levels / BTEC","190","The British School Al Khubairat","9.1","22%","Comprehensive Direct Billing Medical Coverage (Worldwide ex. US)",,"AED 15,500 - AED 21,500 / month (Tax-Free)",,"LFI","Independent / Foundation","9.8",,"0",,,"success","false","TES, Direct Portal","https://www.britishschool.sch.ae/vacancies","The British School Al Khubairat","1057514","the-british-school-al-khubairat-1057514",,"Provided Accommodation or Generous Housing Allowance (AED 100,000+/yr)",,"0","FLIS0311","Non-Profit","https://www.britishschool.sch.ae/vacancies","190",,"true",,,"false",,,,"AED","2025/2026","18200","STRONG_MARKET_EVIDENCE","High","2026-09-25T07:25:58.686Z","18200","https://www.britishschool.sch.ae","2026-09-26T11:33:21.093Z"
"FLIS0312","9.4","United Arab Emirates","18-20 students","Sharjah",,"9.2","1:8",,"9.3","Sharjah's premier non-profit British school (est. 1974) with green campus layout, Outstanding rating, lower local living cost, and high savings.","8.9","9.6",,"Provided Furnished Compound Villa/Apartment + Covered Utilities",,"British Curriculum / IGCSE / A-Levels","110","Sharjah English School","9","22%","Comprehensive Worldwide Private Health Insurance",,"AED 14,000 - AED 19,000 / month (Tax-Free)",,"LFI","Independent / Foundation","9.6",,"0",,,"success","false","TES, Direct Portal","https://www.sharjahenglishschool.org/vacancies","Sharjah English School","1057501","sharjah-english-school-1057501",,"Provided Furnished Compound Villa/Apartment + Covered Utilities","1790193420261","0","FLIS0312","Non-Profit","https://www.sharjahenglishschool.org/vacancies","110",,"true",,,"false",,,,"AED","2025/2026","16000","STRONG_MARKET_EVIDENCE","High","2026-09-25T07:25:58.686Z","16000","https://www.sharjahenglishschool.org","2026-09-26T11:33:21.093Z"
"FLIS0313","9.2","United Arab Emirates","18-22 students","Tilal)",,"9","1:8",,"9.1","Flagship Australian/IB government-backed school in Sharjah offering strong community atmosphere, high savings potential, and state-of-the-art facilities.","9.1","9.6",,"Provided Furnished Compound Apartment or Housing Allowance",,"Victorian Curriculum (Australia) / IB Diploma","150","Victoria International School of Sharjah","8.8","20%","Full Private Direct Billing Health Insurance",,"AED 13,500 - AED 18,500 / month (Tax-Free)",,,"Independent / Foundation","9.6",,"0",,,,,"Search Associates, Direct Portal","https://viss.ae/careers","Victoria International School of Sharjah",,,,"Provided Furnished Compound Apartment or Housing Allowance","1790193420261","0","FLIS0313","Non-Profit","https://viss.ae/careers","150",,"true",,,"false",,,,"AED","2025/2026","15500","STRONG_MARKET_EVIDENCE","High","2026-09-25T07:25:58.686Z","15500","https://viss.ae","2026-09-25T12:18:17.168Z"
"FLIS0314","9.3","United Arab Emirates","18-20 students","Al Hamra)",,"8.8","1:8",,"8.8","Premier multi-campus non-profit educational network in Ras Al Khaimah with beachside community lifestyle, low living costs, and high savings ratio.","8.6","9.7",,"Provided Furnished Villa / Apartment in Ras Al Khaimah + Utilities",,"British Curriculum (IGCSE/A-Level) / IB Primary (PYP)","170","RAK Academy","9","22%","Comprehensive Direct Billing Medical Insurance",,"AED 12,500 - AED 17,000 / month (Tax-Free)",,,"Independent / Foundation","9.7",,"0",,,,,"TES, Direct Portal","https://rakacademy.org/careers","RAK Academy",,,,"Provided Furnished Villa / Apartment in Ras Al Khaimah + Utilities",,"0","FLIS0314","Non-Profit","https://rakacademy.org/careers","170",,"true",,,"false",,,,"AED","2025/2026","13800","MODELLED_ESTIMATE","Medium","2026-09-25T07:25:58.686Z","13800","https://rakacademy.org","2026-09-25T12:18:17.168Z"
"FLIS0315","9.1","United Arab Emirates","16-20 students","Fujairah",,"8.6","1:8",,"8.7","Royal-backed British international school on the East Coast of the UAE providing scenic mountain/ocean setting, covered housing, and low cost of living.","8.3","9.7",,"Provided Furnished Accommodation in Fujairah + Utilities",,"British Curriculum / IGCSE / A-Levels","90","Fujairah Private Academy","9.1","20%","Full Private Direct Billing Medical Insurance",,"AED 12,000 - AED 16,500 / month (Tax-Free)",,,"Independent / Foundation","9.7",,"0",,,,,"TES, Direct Portal","https://fpa.sch.ae/careers","Fujairah Private Academy",,,,"Provided Furnished Accommodation in Fujairah + Utilities",,"0","FLIS0315","Non-Profit","https://fpa.sch.ae/careers","90",,"true",,,"false",,,,"AED","2025/2026","13500","MODELLED_ESTIMATE","Medium","2026-09-25T07:25:58.686Z","13500","https://fpa.sch.ae","2026-09-25T12:18:17.168Z"
"FLIS0316","9","United Arab Emirates","18-20 students","Ajman",,"8.7","1:8",,"8.8","Apple Distinguished School in Ajman combining IB Primary and British Secondary pathways with strong tech infrastructure and low local rent overhead.","9.2","9.6",,"Provided Furnished Apartment or Housing Allowance",,"IB PYP / British Secondary (IGCSE / A-Levels)","100","Ajman Academy","8.9","20%","Full Direct Billing Medical Coverage",,"AED 12,500 - AED 17,000 / month (Tax-Free)",,"LFI","Independent / Foundation","9.6",,"0",,,"success","false","TES, Direct Portal","https://ajmanacademy.com/careers","Ajman Academy","1062533","ajman-academy-1062533",,"Provided Furnished Apartment or Housing Allowance","1790337468362","6","FLIS0316","For-Profit","https://ajmanacademy.com/careers","100",,"true","2026-09-25T11:46:57.196Z","1790336817196","false",,,,"AED","2025/2026","13500","STRONG_MARKET_EVIDENCE","High","2026-09-25T08:23:29.072Z","13500","https://ajmanacademy.com","2026-09-26T11:33:21.093Z"
"FLIS0317","9.2","United Arab Emirates","18-20 students","Abu Dhabi",,"9.2","1:8",,"9.4","ADEK/BSO Outstanding British school split across modern Reem Island campuses, combining UK heritage with cutting-edge learning technology.","9.4","9.8",,"Provided Furnished Apartment on Reem Island or Allowance",,"British Curriculum / IGCSE / A-Levels","140","Repton School Abu Dhabi","8.6","20%","Comprehensive Worldwide Private Medical Insurance",,"AED 14,500 - AED 19,500 / month (Tax-Free)",,"LFI","Independent / Foundation","9.8",,"0",,,"success","false","TES, Direct Portal","https://www.reptonabudhabi.org/careers","Repton School Abu Dhabi","1065997","repton-school-abu-dhabi-1065997",,"Provided Furnished Apartment on Reem Island or Allowance",,"0","FLIS0317","For-Profit","https://www.reptonabudhabi.org/careers","140",,"true",,,"false",,,,"AED","2025/2026","16000","STRONG_MARKET_EVIDENCE","High","2026-09-25T07:25:58.686Z","16000","https://www.reptonabudhabi.org","2026-09-26T11:33:21.093Z"
"FLIS0318","7.8","United Arab Emirates","24","Dubai","Good","7.8","1:12","NEASC Candidate","7.9","Modern American curriculum public-private partnership school in Al Barsha managed by Taaleem with government backing.","8.0","9.0","8.8","Provided (Expat Compound Villa / Corporate Leased Apartment)","Google Workspace","US","110","Dubai Schools Al Barsha","7.7","20%","Full Private UAE",,"AED 12,000–16,000","KHDA","LFI","Taaleem","9.0",,,,,"success","false","Taaleem Careers Portal","https://careers.taaleem.ae","Dubai Schools Al Barsha","1058642","taaleem-1058642",,"Allowance","2026-09-26T06:20:47.537Z","3","FLIS0318","For-Profit","https://careers.taaleem.ae","110","For-Profit","true","2026-09-25T11:48:03.632Z","1790336883632",,,,,"AED","2025/2026","14000","Market Evidence — Range Midpoint","High","2026-09-27T07:09:31.926Z","14000","https://www.dubaischools-albarsha.ae","2026-09-27T07:09:31.926Z"
"FLIS0319","7.8","United Arab Emirates","24","Dubai","Good","7.7","1:12","NEASC Candidate","7.8","Public-private partnership American curriculum school in Nad Al Sheba providing high-quality bilingual education.","8.0","9.0","8.7","Provided (Expat Compound Villa / Corporate Leased Apartment)","Google Workspace","US","90","Dubai School Nad Al Sheba","7.6","20%","Full Private UAE",,"AED 12,000–16,000","KHDA","LFI","Taaleem","9.0",,,,,"success","false","Taaleem Careers Portal","https://careers.taaleem.ae","Dubai School Nad Al Sheba","1058642","taaleem-1058642",,"Allowance","2026-09-26T06:49:31.214Z","2","FLIS0319","For-Profit","https://careers.taaleem.ae","90","For-Profit","true","2026-09-25T11:48:02.805Z","1790336882805",,,,,"AED","2025/2026","14000","Market Evidence — Range Midpoint","High","2026-09-27T07:09:31.926Z","14000","https://www.dubaischools-nas.ae","2026-09-27T07:09:31.926Z"
"FLIS0320","8.7","United Arab Emirates","20","Abu Dhabi","Outstanding","8.8","1:9","BSO/ADEK/Harrow Association","9.0","Elite British boarding and day school on Saadiyat Island Abu Dhabi operated by Taaleem under license from Harrow School UK.","9.0","9.2","9.1","Provided","Apple Distinguished","UK","80","Harrow International School Abu Dhabi","7.8","24%","Full Private Worldwide",,"AED 15,000–20,000","ADEK","LFI","Taaleem","9.2",,,,,"success","false","Taaleem Careers Portal, TES","https://careers.taaleem.ae","Harrow International School Abu Dhabi","1058642","taaleem-1058642",,"Provided","2026-09-26T06:49:31.214Z","0","FLIS0320","For-Profit","https://careers.taaleem.ae","80","For-Profit","true","2026-09-25T11:48:03.772Z","1790336883772",,,,,"AED","2025/2026","17500","Market Evidence — Range Midpoint","High","2026-09-27T07:09:31.926Z","17500","https://careers.taaleem.ae","2026-09-27T07:09:31.926Z"
"FLIS0321","7.8","United Arab Emirates","24","Dubai","Good","7.8","1:12","NEASC","7.9","Government-partnered American curriculum institution in Al Khawaneej managed by Taaleem.","8.0","9.0","8.8","Provided (Expat Compound Villa / Corporate Leased Apartment)","Google Workspace","US","105","Dubai Schools Al Khawaneej","7.7","20%","Full Private UAE",,"AED 12,000–16,000","KHDA","LFI","Taaleem","9.0",,,,,"success","false","Taaleem Careers Portal","https://careers.taaleem.ae","Dubai Schools Al Khawaneej","1058642","taaleem-1058642",,"Allowance","2026-09-26T06:49:31.214Z","0","FLIS0321","For-Profit","https://careers.taaleem.ae","105","For-Profit","true","2026-09-25T11:48:02.056Z","1790336882056",,,,,"AED","2025/2026","14000","Market Evidence — Range Midpoint","High","2026-09-27T07:09:31.926Z","14000","https://www.dubaischools-alkhawaneej.ae","2026-09-27T07:09:31.926Z"
"FLIS0322","8.0","United Arab Emirates","22","Dubai","Very Good","8.1","1:11","AEFE/French Ministry of National Education","8.3","Accredited AEFE French curriculum school in Meydan managed by Taaleem offering trilingual French/English/Arabic instruction.","8.1","9.0","8.9","Provided (Expat Compound Villa / Corporate Leased Apartment)","1:1 Digital / French Academic Cloud","French/IB","95","Lycée Libanais Francophone Privé Meydan","7.9","22%","Full Private",,"AED 11,000–15,000","KHDA","LFI","Taaleem","9.0",,,,,"success","false","Taaleem Careers Portal","https://careers.taaleem.ae","Lycée Libanais Francophone Privé Meydan",,,,"Allowance","2026-09-26T06:49:31.214Z","0","FLIS0322","For-Profit","https://careers.taaleem.ae","95","For-Profit","true","2026-09-25T11:48:05.206Z","1790336885206",,,,,"AED","2025/2026","13000","Market Evidence — Range Midpoint","High","2026-09-27T07:09:31.926Z","13000","https://www.llfpm.com","2026-09-27T07:09:31.926Z"
"FLIS0323","9.5","United Arab Emirates","20 - 22","Dubai","Good","9.6",,,,"Flagship KHDA 'Outstanding' primary school in Umm Suqeim with premier salary packages and high staff retention.",,,,"Provided or AED 7,500/mo allowance",,"British (NCfE / EYFS / Key Stage 1-2)",,"Kings' School Dubai",,,"Comprehensive UAE Medical & Inpatient",,"AED 14,000 - 18,500 / month",,"LFI","Kings' Education",,"2026-09-23T13:28:32.970Z",,,,"success","false",,"https://kings-edu.com/careers","Kings' School Dubai","1058490","kings-education-1058490",,,,"0","FLIS0323",,,,,"true",,,,,,,"AED","2025/2026","17500","STRONG_MARKET_EVIDENCE","High","2026-09-25T07:25:58.686Z","17500","https://kings-edu.com/dubai","2026-09-26T11:33:21.093Z"
"FLIS0324","9.4","United Arab Emirates","22","Dubai","Good","9.5",,,,"Expansive 'Outstanding' all-through campus offering top-tier British curriculum secondary education and competitive expat benefits.",,,,"Provided or AED 8,000/mo allowance",,"British (NCfE / GCSE / A-Levels / IB)",,"Kings' School Al Barsha",,,"Comprehensive UAE Medical",,"AED 14,500 - 19,500 / month",,"LFI","Kings' Education",,"2026-09-23T13:28:32.970Z",,,,"success","false",,"https://kings-edu.com/careers","Kings' School Al Barsha","1058490","kings-education-1058490",,,,"0","FLIS0324",,,,,"true",,,,,,,"AED","2025/2026","17500","STRONG_MARKET_EVIDENCE","High","2026-09-25T07:25:58.686Z","17500","https://kings-edu.com/albarsha","2026-09-26T11:33:21.093Z"
"FLIS0325","9.3","United Arab Emirates","20 - 22","Dubai","Good","9.3",,,,"Boutique Kings' campus in Nad Al Sheba with excellent student outcomes and high financial package benchmark scores.",,,,"Provided or AED 7,500/mo allowance",,"British (NCfE / GCSE / A-Levels)",,"Kings' School Nad Al Sheba",,,"Comprehensive UAE Medical",,"AED 14,000 - 18,500 / month",,"LFI","Kings' Education",,"2026-09-23T13:28:32.971Z",,,,"success","false",,"https://kings-edu.com/careers","Kings' School Nad Al Sheba","1058490","kings-education-1058490",,,,"0","FLIS0325",,,,,"true",,,,,,,"AED","2025/2026","16200","STRONG_MARKET_EVIDENCE","High","2026-09-25T07:25:58.686Z","16200","https://kings-edu.com/nadalsheba","2026-09-26T11:33:21.093Z"
"FLIS0326","9.6","United Arab Emirates","18 - 20","Dubai","Good","9.5",,,,"Ultra-premium academically ambitious IB World School offering top-decile UAE salary and housing allocations.",,,,"Provided luxury apartment or AED 9,000/mo allowance",,"IB (PYP / MYP / DP)",,"North London Collegiate School Dubai",,,"Worldwide (excluding US)",,"AED 16,000 - 21,000 / month",,"LFI","NLCS International",,"2026-09-23T13:28:32.971Z",,,,"success","false",,"https://nlcsdubai.schoolrecruiter.com","North London Collegiate School Dubai","1085025","north-london-collegiate-school-dubai-1085025",,,"1790193420261","0","FLIS0326",,,,,"true",,,,,,,"AED","2025/2026","18500","STRONG_MARKET_EVIDENCE","High","2026-09-25T07:25:58.686Z","18500","https://nlcsdubai.ae","2026-09-26T11:33:21.093Z"
"FLIS0327","9.4","United Arab Emirates","20","Dubai","Good","9.3",,,,"Prestigious UK heritage brand in Al Barsha South with outstanding facilities and attractive tax-free savings potential.",,,,"Provided furnished apartment or allowance",,"British (NCfE / GCSE / A-Levels)",,"Brighton College Dubai",,,"Comprehensive Medical & Dental",,"AED 15,000 - 20,000 / month",,"LFI","Brighton College International",,"2026-09-23T13:28:32.971Z",,,,"success","false",,"https://www.brightoncollegedubai.ae/about-us/vacancies","Brighton College Dubai","1167203","brighton-college-dubai-1167203",,,"1790193420261","3","FLIS0327",,,,,"true","2026-09-23T13:36:04.979Z","1790170564979",,,,,"AED","2025/2026","16200","STRONG_MARKET_EVIDENCE","High","2026-09-25T07:25:58.686Z","16200","https://brightoncollegedubai.ae","2026-09-26T11:33:21.093Z"
"FLIS0328","9.3","United Arab Emirates","20","Dubai","Good","9.2",,,,"Historic 500-year-old British brand's flagship Dubai campus featuring state-of-the-art eco-friendly infrastructure.",,,,"Provided accommodation or allowance",,"British (NCfE / GCSE / A-Levels)",,"Royal Grammar School Guildford Dubai",,,"Worldwide Medical Coverage",,"AED 15,000 - 19,500 / month",,"LFI","RGS Guildford International",,"2026-09-23T13:28:32.971Z",,,,"success","false",,"https://www.rgsgdubai.ae/careers","Royal Grammar School Guildford Dubai","1216508","royal-grammar-school-guildford-dubai-1216508",,,,"0","FLIS0328",,,,,"true",,,,,,,"AED","2025/2026","17500","STRONG_MARKET_EVIDENCE","High","2026-09-25T07:25:58.686Z","17500","https://rgsgdubai.ae","2026-09-26T11:33:21.093Z"
"FLIS0329","9.5","United Arab Emirates","22","Dubai","Good","9.6",,,,"GEMS' flagship British secondary school in Jumeirah, consistently judged Outstanding with elite academic outcomes.",,,,"Provided accommodation or housing allowance",,"British (NCfE / GCSE / A-Levels)",,"Jumeirah College",,,"Comprehensive UAE Medical",,"AED 14,500 - 19,000 / month",,"LFI","GEMS Education",,"2026-09-23T13:28:32.971Z",,,,"success","false",,"https://www.gemseducation.com/Careers","Jumeirah College","1055854","jumeirah-college-1055854",,,"1790193420261","2","FLIS0329",,,,,"true","2026-09-23T13:36:16.647Z","1790170576647",,,,,"AED","2025/2026","17500","STRONG_MARKET_EVIDENCE","High","2026-09-25T07:25:58.686Z","17500","https://gemsjc.com","2026-09-26T11:33:21.093Z"
"FLIS0330","9.1","United Arab Emirates","22","Dubai","Good","9.1",,,,"First full IB continuum school in the UAE, operating under Innoventures Education with solid institutional benchmark scores.",,,,"Provided housing or allowance",,"IB (PYP / MYP / DP)",,"Dubai International Academy Emirates Hills",,,"Comprehensive Medical Insurance",,"AED 13,500 - 18,000 / month",,"LFI","Innoventures Education",,"2026-09-23T13:28:32.971Z",,,,"success","false",,"https://www.innoventureseducation.com/careers","Dubai International Academy Emirates Hills","1066416","innoventures-education-1066416",,,,"0","FLIS0330",,,,,"true",,,,,,,"AED","2025/2026","16500","STRONG_MARKET_EVIDENCE","High","2026-09-25T07:25:58.686Z","16500","https://diadubai.com","2026-09-26T11:33:21.093Z"
"FLIS0331","9.5","United Arab Emirates","20 - 22","Dubai","Good","9.4",,,,"GEMS' sole 'Outstanding' rated American/IB curriculum school offering high savings potential and expansive facilities.",,,,"Provided housing or AED 8,000/mo allowance",,"American (AERO / AP) / IB DP",,"GEMS Dubai American Academy",,,"Global Medical Insurance",,"AED 14,500 - 19,500 / month",,"LFI","GEMS Education",,"2026-09-23T13:28:32.971Z",,,,"success","false",,"https://www.gemseducation.com/Careers","GEMS Dubai American Academy","1057754","gems-dubai-american-academy-1057754",,,,"0","FLIS0331",,,,,"true",,,,,,,"AED","2025/2026","17000","STRONG_MARKET_EVIDENCE","High","2026-09-25T07:25:58.686Z","17000","https://gemsaa-dubai.com","2026-09-26T11:33:21.093Z"
"FLIS0332","9.4","United Arab Emirates","22","Dubai","Good","9.4",,,,"Highly decorated 'Outstanding' all-through British/IB flagship located off Al Sufouh road.",,,,"Provided apartment or allowance",,"British (NCfE / GCSE) / IB DP",,"GEMS Wellington International School",,,"Comprehensive UAE Medical",,"AED 14,000 - 18,500 / month",,"LFI","GEMS Education",,"2026-09-23T13:28:32.971Z",,,,"success","false",,"https://www.gemseducation.com/Careers","GEMS Wellington International School","1057755","gems-wellington-international-school-1057755",,,"1790193420261","0","FLIS0332",,,,,"true",,,,,,,"AED","2025/2026","16500","STRONG_MARKET_EVIDENCE","High","2026-09-25T07:25:58.686Z","16500","https://wellingtoninternationalschool.com","2026-09-26T11:33:21.093Z"
"FLIS0333","9.1","United Arab Emirates","24","Dubai","Good","9.0",,,,"Large modern mega-campus in Silicon Oasis offering dual British and IB pathways with strong professional growth.",,,,"Provided apartment or allowance",,"British (NCfE / GCSE / A-Levels / IB)",,"GEMS Wellington Academy Silicon Oasis",,,"Comprehensive Medical",,"AED 13,500 - 18,000 / month",,"LFI","GEMS Education",,"2026-09-23T13:28:32.971Z",,,,"success","false",,"https://www.gemseducation.com/Careers","GEMS Wellington Academy Silicon Oasis","1061264","gems-wellington-academy-silicon-oasis-1061264",,,,"0","FLIS0333",,,,,"true",,,,,,,"AED","2025/2026","15500","MODELLED_ESTIMATE","Medium","2026-09-25T07:25:58.686Z","15500","https://wellingtonacademy-so.com","2026-09-26T11:33:21.093Z"
"FLIS0334","9.4","United Arab Emirates","22","Dubai","Good","9.4",,,,"Long-established Outstanding primary institution in Jumeirah acting as direct feeder to Jumeirah College.",,,,"Provided accommodation or allowance",,"British (NCfE / EYFS / Key Stage 1-2)",,"GEMS Jumeirah Primary School",,,"Comprehensive Medical",,"AED 13,500 - 18,000 / month",,"LFI","GEMS Education",,"2026-09-23T13:28:32.971Z",,,,"success","false",,"https://www.gemseducation.com/Careers","GEMS Jumeirah Primary School","1057361","gems-education-1057361",,,,"0","FLIS0334",,,,,"true",,,,,,,"AED","2025/2026","16000","MODELLED_ESTIMATE","Medium","2026-09-25T07:25:58.686Z","16000","https://jumeirahprimaryschool.com","2026-09-26T11:33:21.093Z"
"FLIS0335","8.8","United Arab Emirates","24","Dubai","Good","8.7",,,,"Tech-focused British curriculum school located in The Villa community offering strong vocational and academic routes.",,,,"Provided apartment or allowance",,"British (NCfE / GCSE / A-Levels / BTEC)",,"GEMS FirstPoint School",,,"Comprehensive Medical",,"AED 12,500 - 17,000 / month",,"LFI","GEMS Education",,"2026-09-23T13:28:32.971Z",,,,"success","false",,"https://www.gemseducation.com/Careers","GEMS FirstPoint School","1071299","gems-firstpoint-school-the-villa-1071299",,,,"0","FLIS0335",,,,,"true",,,,,,,"AED","2025/2026","14500","MODELLED_ESTIMATE","Medium","2026-09-25T07:25:58.686Z","14500","https://gemsfirstpointschool-thevilla.com","2026-09-26T11:33:21.093Z"
"FLIS0336","8.5","United Arab Emirates","26 - 28","Dubai","Good","8.4",,,,"High-density budget-friendly British school with high vacancy output and steady expat entry-level demand.",,,,"Provided accommodation or allowance",,"British (NCfE / GCSE / A-Levels)",,"GEMS Founders School Al Barsha",,,"Standard Medical Insurance",,"AED 11,500 - 15,500 / month",,"LFI","GEMS Education",,"2026-09-23T13:28:32.971Z",,,,"success","false",,"https://www.gemseducation.com/Careers","GEMS Founders School Al Barsha","1060996","gems-founders-school-dubai-1060996",,,"2026-09-26T06:49:31.214Z","0","FLIS0336",,,,,"true","2026-09-24T16:42:21.275Z","1790268141275",,,,,"AED","2025/2026","11500","STRONG_MARKET_EVIDENCE","High","2026-09-25T08:23:29.072Z","11500","https://gemsfoundersschool-dubai.com","2026-09-26T11:33:21.093Z"
"FLIS0337","8.7","United Arab Emirates","25","Dubai","Good","8.6",,,,"Popular British school in Motor City featuring specialized leadership streams and expansive athletic grounds.",,,,"Provided accommodation or allowance",,"British (NCfE / GCSE / A-Levels)",,"GEMS Metropole School Motor City",,,"Comprehensive Medical",,"AED 12,000 - 16,500 / month",,"LFI","GEMS Education",,"2026-09-23T13:28:32.971Z",,,,"success","false",,"https://www.gemseducation.com/Careers","GEMS Metropole School Motor City","1071311","gems-metropole-school-1071311",,,,"0","FLIS0337",,,,,"true",,,,,,,"AED","2025/2026","14200","MODELLED_ESTIMATE","Medium","2026-09-25T07:25:58.686Z","14200","https://gemsmetropoleschool-motorcity.com","2026-09-26T11:33:21.093Z"
"FLIS0338","9.0","United Arab Emirates","22","Dubai","Good","8.9",,,,"Only Outstanding rated school in Al Mizhar area, specializing in primary British education.",,,,"Provided accommodation or allowance",,"British (NCfE / EYFS / Key Stage 1-2)",,"GEMS Royal Dubai School",,,"Comprehensive Medical",,"AED 13,000 - 17,000 / month",,"LFI","GEMS Education",,"2026-09-23T13:28:32.971Z",,,,"success","false",,"https://www.gemseducation.com/Careers","GEMS Royal Dubai School","1057361","gems-education-1057361",,,,"0","FLIS0338",,,,,"true",,,,,,,"AED","2025/2026","15200","MODELLED_ESTIMATE","Medium","2026-09-25T07:25:58.686Z","15200","https://royaldubaischool.com","2026-09-26T11:33:21.093Z"
"FLIS0339","8.3","United Arab Emirates","26","Dubai","Good","8.2",,,,"Affordable British curriculum school in Dubailand providing entry opportunities for early-career overseas teachers.",,,,"Provided housing or allowance",,"British (NCfE / GCSE / A-Levels)",,"GEMS Winchester School Dubai",,,"Standard Medical Insurance",,"AED 11,000 - 15,000 / month",,"LFI","GEMS Education",,"2026-09-23T13:28:32.971Z",,,,"success","false",,"https://www.gemseducation.com/Careers","GEMS Winchester School Dubai","1057361","gems-education-1057361",,,,"0","FLIS0339",,,,,"true",,,,,,,"AED","2025/2026","13000","MODELLED_ESTIMATE","Medium","2026-09-25T07:25:58.686Z","13000","https://thewinchesterschool-dubai.com","2026-09-26T11:33:21.093Z"
"FLIS0340","8.6","United Arab Emirates","25","Dubai","Good","8.5",,,,"Established high-volume British school in Jebel Ali offering strong internal progression within GEMS.",,,,"Provided housing or allowance",,"British (NCfE / GCSE / A-Levels)",,"The Winchester School Jebel Ali",,,"Standard Medical Insurance",,"AED 12,000 - 16,000 / month",,"LFI","GEMS Education",,"2026-09-23T13:28:32.971Z",,,,"success","false",,"https://www.gemseducation.com/Careers","The Winchester School Jebel Ali","1057361","gems-education-1057361",,,,"0","FLIS0340",,,,,"true",,,,,,,"AED","2025/2026","13500","MODELLED_ESTIMATE","Medium","2026-09-25T07:25:58.686Z","13500","https://winchesterschool.com","2026-09-26T11:33:21.093Z"
"FLIS0341","9.3","United Arab Emirates","22","Dubai","Good","9.4",,,,"One of Dubai's oldest heritage schools, now operating under Taaleem in a modern Damac Hills facility.",,,,"Provided accommodation or allowance",,"British (NCfE / GCSE / A-Levels)",,"Jebel Ali School",,,"Comprehensive Medical Insurance",,"AED 14,000 - 18,500 / month",,"LFI","Taaleem",,"2026-09-23T13:28:32.971Z",,,,"success","false",,"https://www.taaleem.ae/careers","Jebel Ali School","1058642","taaleem-1058642",,,"2026-09-25T12:29:24.933Z","3","FLIS0341",,,,,"true",,,,,,,"AED","2025/2026","15500","MODELLED_ESTIMATE","Medium","2026-09-25T07:25:58.686Z","15500","https://jebelalischool.org","2026-09-26T11:33:21.093Z"
"FLIS0342","9.0","United Arab Emirates","22","Dubai","Good","8.9",,,,"Full IB World Continuum school in Dubai Investment Park managed by Taaleem.",,,,"Provided housing or allowance",,"IB (PYP / MYP / DP / IBCP)",,"Greenfield International School",,,"Comprehensive Medical",,"AED 13,000 - 17,500 / month",,"LFI","Taaleem",,"2026-09-23T13:28:32.971Z",,,,"success","false",,"https://www.taaleem.ae/careers","Greenfield International School","1057138","greenfield-international-school-1057138",,,"2026-09-25T12:29:24.933Z","6","FLIS0342",,,,,"true",,,,,,,"AED","2025/2026","14500","STRONG_MARKET_EVIDENCE","High","2026-09-25T08:23:29.072Z","14500","https://gischool.ae","2026-09-26T11:33:21.093Z"
"FLIS0343","9.1","United Arab Emirates","22","Dubai","Good","9.0",,,,"Flagship IB institution serving Mirdif with robust facilities and competitive compensation packages.",,,,"Provided housing or allowance",,"IB (PYP / MYP / DP)",,"Uptown International School",,,"Comprehensive Medical",,"AED 13,500 - 18,000 / month",,"LFI","Taaleem",,"2026-09-23T13:28:32.971Z",,,,"success","false",,"https://www.taaleem.ae/careers","Uptown International School","1070736","uptown-international-school-1070736",,,"2026-09-26T06:20:47.537Z","3","FLIS0343",,,,,"true",,,,,,,"AED","2025/2026","14500","STRONG_MARKET_EVIDENCE","High","2026-09-25T08:23:29.072Z","14500","https://uis.ae","2026-09-26T11:33:21.093Z"
"FLIS0344","9.6","United Arab Emirates","18 - 20","Dubai","Good","9.5",,,,"Upcoming premium UK heritage launch in partnership with Taaleem targeting ultra-tier international talent.",,,,"Provided luxury accommodation or allowance",,"British (NCfE / GCSE / A-Levels)",,"Harrow International School Dubai",,,"Worldwide Medical Coverage",,"AED 16,000 - 22,000 / month",,"LFI","Taaleem",,"2026-09-23T13:28:32.971Z",,,,"success","false",,"https://www.taaleem.ae/careers","Harrow International School Dubai","1058642","taaleem-1058642",,,"2026-09-25T12:06:09.708Z","3","FLIS0344",,,,,"true",,,,,,,"AED","2025/2026","17500","STRONG_MARKET_EVIDENCE","High","2026-09-25T08:23:29.072Z","17500","https://harrowdubai.ae","2026-09-26T11:33:21.093Z"
"FLIS0345","9.4","United Arab Emirates","20","Dubai","Good","9.3",,,,"Premier French/German bilingual IB day and boarding school in Healthcare City, now part of Nord Anglia.",,,,"Provided accommodation or allowance",,"IB (PYP / MYP / DP) Bilingual (EN/FR/DE)",,"Swiss International Scientific School in Dubai",,,"Comprehensive Worldwide Medical",,"AED 14,500 - 19,500 / month",,"LFI","Nord Anglia",,"2026-09-23T13:28:32.971Z",,,,"success","false",,"https://www.nordangliaeducation.com/sisd-dubai/careers","Swiss International Scientific School in Dubai","1078502","swiss-international-scientific-school-in-dubai-1078502",,,"1790415498143","6","FLIS0345",,,,,"true","2026-09-26T09:32:53.161Z","1790415173161",,,,,"AED","2025/2026","16500","STRONG_MARKET_EVIDENCE","High","2026-09-25T07:25:58.686Z","16500","https://sisd.ae","2026-09-26T11:33:21.093Z"
"FLIS0346","9.5","United Arab Emirates","22","Dubai","Good","9.6",,,,"Award-winning British school near Miracle Garden renowned for top-tier staff satisfaction and leadership culture.",,,,"Provided modern apartment or allowance",,"British (NCfE / GCSE / A-Levels / BTEC)",,"Safa Community School",,,"Comprehensive Medical",,"AED 14,000 - 18,500 / month",,"LFI","Safa Education",,"2026-09-23T13:28:32.971Z",,,,"success","false",,"https://www.safacommunityschool.com/vacancies","Safa Community School","1077578","safa-community-school-1077578",,,"2026-09-26T06:49:31.214Z","1","FLIS0346",,,,,"true","2026-09-24T16:47:59.136Z","1790268479136",,,,,"AED","2025/2026","15200","MODELLED_ESTIMATE","Medium","2026-09-25T07:25:58.686Z","15200","https://safacommunityschool.com","2026-09-26T11:33:21.093Z"
"FLIS0347","9.2","United Arab Emirates","22","Dubai","Good","9.2",,,,"State-of-the-art Meydan campus offering high-quality primary and middle-years British education.",,,,"Provided apartment or allowance",,"British (NCfE / EYFS / Key Stage 1-3)",,"Safa British School",,,"Comprehensive Medical",,"AED 13,500 - 17,500 / month",,"LFI","Safa Education",,"2026-09-23T13:28:32.971Z",,,,"success","false",,"https://www.safabritishschool.com/vacancies","Safa British School","1082530","safa-community-school-1082530",,,,"0","FLIS0347",,,,,"true",,,,,,,"AED","2025/2026","14800","MODELLED_ESTIMATE","Medium","2026-09-25T07:25:58.686Z","14800","https://safabritishschool.com","2026-09-26T11:33:21.093Z"
"FLIS0348","9.1","United Arab Emirates","22","Dubai","Good","9.1",,,,"Established British curriculum school in Al Safa with authentic UK feel, now backed by ISP group.",,,,"Provided accommodation or allowance",,"British (NCfE / GCSE / A-Levels)",,"The English College Dubai",,,"Comprehensive Medical",,"AED 13,500 - 18,000 / month",,"LFI","International Schools Partnership",,"2026-09-23T13:28:32.971Z",,,,"success","false",,"https://englishcollege.ac.ae/work-with-us","The English College Dubai","1262403","cognita-middle-east-1262403",,,,"0","FLIS0348",,,,,"true",,,,,,,"AED","2025/2026","16500","STRONG_MARKET_EVIDENCE","High","2026-09-25T07:25:58.686Z","16500","https://englishcollege.ac.ae","2026-09-26T11:33:21.093Z"
"FLIS0349","9.4","United Arab Emirates","20 - 22","Dubai","Good","9.5",,,,"KHDA Outstanding primary specialist school in Town Square operating under Cognita Schools.",,,,"Provided housing or allowance",,"British (NCfE / EYFS / Key Stage 1-2)",,"Horizon English School",,,"Comprehensive Medical",,"AED 14,000 - 18,000 / month",,"LFI","Cognita",,"2026-09-23T13:28:32.971Z",,,,"success","false",,"https://www.cognita.com/careers","Horizon English School","1262403","cognita-middle-east-1262403",,,,"0","FLIS0349",,,,,"true",,,,,,,"AED","2025/2026","15000","MODELLED_ESTIMATE","Medium","2026-09-25T07:25:58.686Z","15000","https://horizonenglishschool.com","2026-09-26T11:33:21.093Z"
"FLIS0350","9.0","United Arab Emirates","22","Dubai","Good","8.9",,,,"Sister school to Sunmarke, situated in The Greens with strong positive education focus.",,,,"Provided housing or allowance",,"British (NCfE / GCSE / A-Levels)",,"Regent International School",,,"Comprehensive Medical",,"AED 13,000 - 17,500 / month",,"LFI","Fortes Education",,"2026-09-23T13:28:32.971Z",,,,"success","false",,"https://www.forteseducation.com/careers","Regent International School","1077790","sunmarke-school-1077790",,,,"0","FLIS0350",,,,,"true",,,,,,,"AED","2025/2026","15500","MODELLED_ESTIMATE","Medium","2026-09-25T07:25:58.686Z","15500","https://ris.ae","2026-09-26T11:33:21.093Z"
"FLIS0351","9.3","United Arab Emirates","21","Dubai","Good","9.4",,,,"Highly praised primary-only British school in Sports City known for exemplary community culture.",,,,"Provided accommodation or allowance",,"British (NCfE / EYFS / Key Stage 1-2)",,"Victory Heights Primary School",,,"Comprehensive Medical",,"AED 13,500 - 17,500 / month",,"LFI","InterHealth Canada / Independent",,"2026-09-23T13:28:32.971Z",,,,"success","false",,"https://vhprimary.com/work-with-us","Victory Heights Primary School","1069798","victory-heights-primary-school-1069798",,,,"0","FLIS0351",,,,,"true",,,,,,,"AED","2025/2026","15500","MODELLED_ESTIMATE","Medium","2026-09-25T07:25:58.686Z","15500","https://vhprimary.com","2026-09-26T11:33:21.093Z"
"FLIS0352","9.4","United Arab Emirates","22","Dubai","Good","9.3",,,,"Non-profit Al Futtaim foundation school in Festival City judged Outstanding with premier packages.",,,,"Provided villa/apartment or allowance",,"British (NCfE / IGCSE) / IB DP",,"Deira International School",,,"Comprehensive Medical",,"AED 14,000 - 18,500 / month",,"LFI","Al Futtaim Education Foundation",,"2026-09-23T13:28:32.971Z",,,,"success","false",,"https://www.disdubai.ae/careers","Deira International School","1057506","deira-international-school-1057506",,,,"0","FLIS0352",,,,,"true",,,,,,,"AED","2025/2026","16000","MODELLED_ESTIMATE","Medium","2026-09-25T07:25:58.686Z","16000","https://disdubai.ae","2026-09-26T11:33:21.093Z"
"FLIS0353","9.2","United Arab Emirates","20","Dubai","Good","9.1",,,,"First eco-sustainable British curriculum school in Dubai, equipped with indoor tropical biodomes.",,,,"Provided housing or allowance",,"British (NCfE / GCSE / A-Levels)",,"The Arbor School",,,"Comprehensive Medical",,"AED 13,500 - 18,000 / month",,"LFI","Omniyat / Independent",,"2026-09-23T13:28:32.971Z",,,,"success","false",,"https://thearborschool.ae/work-with-us","The Arbor School","1135430","the-arbor-school-1135430",,,,"0","FLIS0353",,,,,"true",,,,,,,"AED","2025/2026","15200","MODELLED_ESTIMATE","Medium","2026-09-25T07:25:58.686Z","15200","https://thearborschool.ae","2026-09-26T11:33:21.093Z"
"FLIS0354","8.9","United Arab Emirates","22","Dubai","Good","8.8",,,,"ESOL Education IB continuum school located in Sustainable City with focus on environmental literacy.",,,,"Provided housing or allowance",,"IB (PYP / MYP / DP)",,"Fairgreen International School",,,"Comprehensive Medical",,"AED 13,000 - 17,500 / month",,,"ESOL Education",,"2026-09-23T13:28:32.971Z",,,,"success",,,"https://www.fairgreen.ae/careers","Fairgreen International School","1135431","fairgreen-international-school-1135431",,,"2026-09-26T06:20:47.537Z","0","FLIS0354",,,,,"true",,,,"{""_seconds"":1790192434,""_nanoseconds"":840000000}","{""schoolId"":""FLIS0354"",""schoolName"":""Fairgreen International School"",""category"":""LOW_TURNOVER"",""statusLabel"":""Low Turnover (Stable)"",""isUpdating"":false,""lastScrapedAt"":""2026-09-23T19:40:13.390Z"",""metrics"":{""estimatedStaffBase"":80,""totalKnownVacancies"":3,""estimatedChurnRatePercent"":4,""leadershipVacanciesCount"":0,""secondaryVacanciesCount"":2,""primaryVacanciesCount"":1,""riskRating"":""LOW"",""leadershipChurnRatioPercent"":0,""averageYearlyTesAdverts"":3},""scrapedJobsList"":[""Head of Drama (Posted: 2026-09-04; Closes: 2026-11-03) - Taaleem"",""Science Teacher with specialisation in Chemistry (Posted: 2026-09-04; Closes: 2026-11-03) - Taaleem"",""Primary Teacher (Posted: 2026-09-04; Closes: 2026-11-03) - Taaleem""],""vacancies_discovered"":[{""title"":""Head of Drama"",""department"":""Secondary"",""source"":""Taaleem"",""source_url"":""https://www.fairgreen-international-school.com"",""date_listed"":""2026-09-04"",""date_closing"":""2026-11-03"",""status"":""OPEN"",""recruitmentCycle"":""CURRENT""},{""title"":""Science Teacher with specialisation in Chemistry"",""department"":""Secondary"",""source"":""Taaleem"",""source_url"":""https://www.fairgreen-international-school.com"",""date_listed"":""2026-09-04"",""date_closing"":""2026-11-03"",""status"":""OPEN"",""recruitmentCycle"":""CURRENT""},{""title"":""Primary Teacher"",""department"":""Primary"",""source"":""Taaleem"",""source_url"":""https://www.fairgreen-international-school.com"",""date_listed"":""2026-09-04"",""date_closing"":""2026-11-03"",""status"":""OPEN"",""recruitmentCycle"":""CURRENT""}],""structured_vacancies"":[{""title"":""Head of Drama"",""department"":""Secondary"",""source"":""Taaleem"",""source_url"":""https://www.fairgreen-international-school.com"",""date_listed"":""2026-09-04"",""date_closing"":""2026-11-03"",""status"":""OPEN"",""recruitmentCycle"":""CURRENT""},{""title"":""Science Teacher with specialisation in Chemistry"",""department"":""Secondary"",""source"":""Taaleem"",""source_url"":""https://www.fairgreen-international-school.com"",""date_listed"":""2026-09-04"",""date_closing"":""2026-11-03"",""status"":""OPEN"",""recruitmentCycle"":""CURRENT""},{""title"":""Primary Teacher"",""department"":""Primary"",""source"":""Taaleem"",""source_url"":""https://www.fairgreen-international-school.com"",""date_listed"":""2026-09-04"",""date_closing"":""2026-11-03"",""status"":""OPEN"",""recruitmentCycle"":""CURRENT""}],""total_known_vacancies"":3,""estimated_churn_percentage"":4,""leadership_vacancies_count"":0,""secondary_vacancies_count"":2,""primary_vacancies_count"":1,""leopardfishIntelAlert"":""Leopardfish Multi-Engine Audit: Stable retention pattern with 3 active vacancies detected across TES, GRC Search, and official school portals."",""churn_implications_commentary"":""Leopardfish Multi-Engine Audit: Stable retention pattern with 3 active vacancies detected across TES, GRC Search, and official school portals."",""senior_leadership_churn_percentage"":0}","2026-09-23T19:40:13.390Z","AED","2025/2026","15000","MODELLED_ESTIMATE","Medium","2026-09-25T07:25:58.686Z","15000","https://fairgreen.ae","2026-09-26T11:33:21.093Z"
"FLIS0355","9.0","United Arab Emirates","22","Dubai","Good","8.9",,,,"Flagship ISP British school in Dubailand recipient of international design and inquiry awards.",,,,"Provided accommodation or allowance",,"British (NCfE / GCSE / A-Levels)",,"The Aquila School",,,"Comprehensive Medical",,"AED 13,000 - 17,000 / month",,"LFI","International Schools Partnership",,"2026-09-23T13:28:32.971Z",,,,"success","false",,"https://www.international-schools-partnership.com/careers","The Aquila School","1135432","the-aquila-school-1135432",,,"2026-09-25T12:29:24.933Z","0","FLIS0355",,,,,"true",,,,,,,"AED","2025/2026","14800","MODELLED_ESTIMATE","Medium","2026-09-25T07:25:58.686Z","14800","https://theaquilaschool.com","2026-09-26T11:33:21.093Z"
"FLIS0356","9.0","United Arab Emirates","20","Dubai","Good","8.9",,,,"Branch of the 600-year-old Durham School UK, situated in Dubai Investments Park.",,,,"Provided housing or allowance",,"British (NCfE / GCSE / A-Levels)",,"Durham School Dubai",,,"Comprehensive Medical",,"AED 13,500 - 18,000 / month",,"LFI","Durham School International",,"2026-09-23T13:28:32.971Z",,,,"success","false",,"https://durhamdubai.com/careers","Durham School Dubai","1240188","durham-school-dubai-1240188",,,"2026-09-25T12:29:24.933Z","0","FLIS0356",,,,,"true",,,,,,,"AED","2025/2026","14500","STRONG_MARKET_EVIDENCE","High","2026-09-25T08:23:29.072Z","14500","https://durhamdubai.com","2026-09-26T11:33:21.093Z"
"FLIS0357","8.9","United Arab Emirates","18 - 20","Dubai","Good","8.8",,,,"Dubai campus of New York's renowned Dwight School, specializing in personalized IB pathways.",,,,"Provided accommodation or allowance",,"IB (PYP / MYP / DP)",,"Dwight School Dubai",,,"Comprehensive Medical",,"AED 13,500 - 18,000 / month",,"LFI","Dwight Schools",,"2026-09-23T13:28:32.971Z",,,,"success","false",,"https://dwight.ae/careers","Dwight School Dubai","1189678","dwight-school-dubai-1189678",,,"1790193420261","0","FLIS0357",,,,,"true",,,,,,,"AED","2025/2026","15500","STRONG_MARKET_EVIDENCE","High","2026-09-25T08:23:29.072Z","15500","https://dwight.ae","2026-09-26T11:33:21.093Z"
"FLIS0358","8.8","United Arab Emirates","22","Dubai","Good","8.7",,,,"Innoventures-managed US/IB school located in Umm Suqeim offering US High School Diploma and IB.",,,,"Provided accommodation or allowance",,"American (NY State Standards) / IB DP",,"Collegiate International School",,,"Comprehensive Medical",,"AED 12,500 - 17,000 / month",,"LFI","Innoventures Education",,"2026-09-23T13:28:32.971Z",,,,"success","false",,"https://www.innoventureseducation.com/careers","Collegiate International School","1066416","innoventures-education-1066416",,,,"0","FLIS0358",,,,,"true",,,,,,,"AED","2025/2026","14800","MODELLED_ESTIMATE","Medium","2026-09-25T07:25:58.686Z","14800","https://collegiate.ae","2026-09-26T11:33:21.093Z"
"FLIS0359","8.9","United Arab Emirates","22","Dubai","Good","8.8",,,,"Co-educational IB World school in Umm Suqeim featuring multi-national student body.",,,,"Provided housing or allowance",,"IB (PYP / MYP / DP)",,"Raffles World Academy",,,"Comprehensive Medical",,"AED 13,000 - 17,500 / month",,"LFI","Innoventures Education",,"2026-09-23T13:28:32.971Z",,,,"success","false",,"https://www.innoventureseducation.com/careers","Raffles World Academy","1066416","innoventures-education-1066416",,,,"0","FLIS0359",,,,,"true",,,,,,,"AED","2025/2026","15000","MODELLED_ESTIMATE","Medium","2026-09-25T07:25:58.686Z","15000","https://rwadubai.com","2026-09-26T11:33:21.093Z"
"FLIS0360","8.9","United Arab Emirates","22","Dubai","Good","8.8",,,,"Sister school to RWA delivering traditional British National Curriculum in central Umm Suqeim.",,,,"Provided housing or allowance",,"British (NCfE / GCSE / A-Levels)",,"Raffles International School",,,"Comprehensive Medical",,"AED 13,000 - 17,000 / month",,"LFI","Innoventures Education",,"2026-09-23T13:28:32.971Z",,,,"success","false",,"https://www.innoventureseducation.com/careers","Raffles International School","1066416","innoventures-education-1066416",,,,"0","FLIS0360",,,,,"true",,,,,,,"AED","2025/2026","14800","MODELLED_ESTIMATE","Medium","2026-09-25T07:25:58.686Z","14800","https://rafflesis.com","2026-09-26T11:33:21.093Z"
"FLIS0361","8.6","United Arab Emirates","22","Dubai","Good","8.5",,,,"Community British school situated in Dubai Investments Park with eco-friendly campus ethos.",,,,"Provided accommodation or allowance",,"British (NCfE / GCSE / A-Levels)",,"Dove Green Private School",,,"Standard Medical Insurance",,"AED 12,000 - 16,000 / month",,"LFI","Independent",,"2026-09-23T13:28:32.971Z",,,,"success","false",,"https://dovegreen-school.com/vacancies","Dove Green Private School","1070776","dove-green-private-school-1070776",,,"2026-09-26T06:20:47.537Z","0","FLIS0361",,,,,"true",,,,,,,"AED","2025/2026","12500","STRONG_MARKET_EVIDENCE","High","2026-09-25T08:23:29.072Z","12500","https://dovegreen-school.com","2026-09-26T11:33:21.093Z"
"FLIS0362","8.9","United Arab Emirates","24","Dubai","Good","8.8",,,,"Historic IB continuum school established in 1991 under Al Habtoor Group.",,,,"Provided housing or allowance",,"IB (PYP / MYP / DP)",,"Emirates International School Jumeirah",,,"Comprehensive Medical",,"AED 13,000 - 17,500 / month",,"LFI","Al Habtoor Group",,"2026-09-23T13:28:32.971Z",,,,"success","false",,"https://www.eischools.ae/careers","Emirates International School Jumeirah","1066416","innoventures-education-1066416",,,,"0","FLIS0362",,,,,"true",,,,,,,"AED","2025/2026","14000","STRONG_MARKET_EVIDENCE","High","2026-09-25T08:23:29.072Z","14000","https://eischools.ae/jumeirah","2026-09-26T11:33:21.093Z"
"FLIS0363","8.9","United Arab Emirates","24","Dubai","Good","8.8",,,,"Established Meadows campus offering full IB continuum for suburban expat families.",,,,"Provided housing or allowance",,"IB (PYP / MYP / DP)",,"Emirates International School Meadows",,,"Comprehensive Medical",,"AED 13,000 - 17,500 / month",,"LFI","Al Habtoor Group",,"2026-09-23T13:28:32.971Z",,,,"success","false",,"https://www.eischools.ae/careers","Emirates International School Meadows","1066416","innoventures-education-1066416",,,,"0","FLIS0363",,,,,"true",,,,,,,"AED","2025/2026","14000","STRONG_MARKET_EVIDENCE","High","2026-09-25T08:23:29.072Z","14000","https://eischools.ae/meadows","2026-09-26T11:33:21.093Z"
"FLIS0364","9.1","United Arab Emirates","24","Dubai","Good","9.0",,,,"Massive Islamic British curriculum school in Al Khawaneej featuring state-of-the-art facilities.",,,,"Provided accommodation or allowance",,"British (NCfE / GCSE / A-Levels) & MOE",,"The School of Research Science",,,"Comprehensive Medical",,"AED 13,500 - 18,000 / month",,"LFI","Independent",,"2026-09-23T13:28:32.971Z",,,,"success","false",,"https://srs.ae/careers","The School of Research Science","1057507","the-school-of-research-science-1057507",,,,"0","FLIS0364",,,,,"true",,,,,,,"AED","2025/2026","14500","MODELLED_ESTIMATE","Medium","2026-09-25T07:25:58.686Z","14500","https://srs.ae","2026-09-26T11:33:21.093Z"
"FLIS0365","8.7","United Arab Emirates","22","Dubai","Good","8.6",,,,"Only bilingual Arabic/English IB World School in Dubai situated in Mirdif.",,,,"Provided accommodation or allowance",,"IB (PYP / MYP / DP) Bilingual Arabic/English",,"Dar Al Marefa Private School",,,"Standard Medical Insurance",,"AED 12,500 - 16,500 / month",,"LFI","Al Ghurair / Independent",,"2026-09-23T13:28:32.971Z",,,,"success","false",,"https://daralmarefa.ae/careers","Dar Al Marefa Private School","1060108","dar-al-marefa-private-school-1060108",,,,"0","FLIS0365",,,,,"true",,,,,,,"AED","2025/2026","13800","MODELLED_ESTIMATE","Medium","2026-09-25T07:25:58.686Z","13800","https://daralmarefa.ae","2026-09-26T11:33:21.093Z"
"FLIS0366","9.4","United Arab Emirates","22","Abu Dhabi",,"9.4",,,,"Aldar Academies' flagship 'Outstanding' mega-campus in Khalifa City offering top-tier British curriculum secondary education.",,,,"Provided accommodation or AED 7,500/mo allowance",,"British (NCfE / GCSE / A-Levels)",,"Yasmina British Academy",,,"Comprehensive UAE Medical & Inpatient",,"AED 14,000 - 18,500 / month",,"LFI",,,,,,,"success","false",,"https://careers.aldaracademies.com","Yasmina British Academy","1220983","aldar-education-1220983",,,,"0","FLIS0366",,,,,"true",,,,,,,"AED","2025/2026","15000","STRONG_MARKET_EVIDENCE","High","2026-09-25T08:23:29.072Z","15000",,"2026-09-26T11:33:21.093Z"
"FLIS0367","9.3","United Arab Emirates","22","Abu Dhabi",,"9.3",,,,"Outstanding secondary academy in central Abu Dhabi with premier British and IB Diploma pathways.",,,,"Provided accommodation or allowance",,"British (NCfE / GCSE) / IB DP",,"Al Bateen Academy",,,"Comprehensive UAE Medical",,"AED 14,000 - 18,000 / month",,"LFI",,,,,,,"success","false",,"https://careers.aldaracademies.com","Al Bateen Academy","1064930","bateen-world-academy-1064930",,,,"0","FLIS0367",,,,,"true",,,,,,,"AED","2025/2026","15800","STRONG_MARKET_EVIDENCE","High","2026-09-25T07:25:58.686Z","15800",,"2026-09-26T11:33:21.093Z"
"FLIS0368","9.2","United Arab Emirates","22","Abu Dhabi",,"9.1",,,,"State-of-the-art Aldar academy offering mixed primary and girls-only secondary education.",,,,"Provided accommodation or allowance",,"British (NCfE / GCSE / A-Levels) / US Curriculum",,"Al Mamoura Academy",,,"Comprehensive UAE Medical",,"AED 13,500 - 17,500 / month",,"LFI",,,,,,,"success","false",,"https://careers.aldaracademies.com","Al Mamoura Academy","1220983","aldar-education-1220983",,,,"0","FLIS0368",,,,,"true",,,,,,,"AED","2025/2026","14500","STRONG_MARKET_EVIDENCE","High","2026-09-25T08:23:29.072Z","14500",,"2026-09-26T11:33:21.093Z"
"FLIS0369","9.4","United Arab Emirates","20","Al Ain",,"9.3",,,,"Consistently rated 'Outstanding' British heritage campus in Al Ain with spacious compound living.",,,,"Provided luxury villa accommodation or allowance",,"British (NCfE / GCSE / A-Levels)",,"Brighton College Al Ain",,,"Comprehensive Medical & Dental",,"AED 14,000 - 18,500 / month",,,,,,,,,,,,"https://www.brightoncollegealain.ae/about-us/vacancies","Brighton College Al Ain",,,,,,"0","FLIS0369",,,,,"true",,,,,,,"AED","2025/2026","15000","STRONG_MARKET_EVIDENCE","High","2026-09-25T07:25:58.686Z","15000",,"2026-09-25T12:18:17.168Z"
"FLIS0370","9.5","Saudi Arabia","20 - 22","Jeddah",,"9.4",,,,"Long-established non-profit British and IB school in Western Saudi Arabia with full compound living and high savings potential.",,,,"Provided compound villa with swimming pools & gym",,"British (NCfE / IGCSE / IB DP)",,"British International School of Jeddah",,,"Comprehensive Worldwide Medical",,"SAR 14,000 - 19,000 / month",,,,,,,,,,,,"https://www.bisj.com/vacancies","British International School of Jeddah",,,,,"2026-09-26T06:10:30.811Z","0","FLIS0370",,,,,"true","2026-09-24T16:53:46.496Z","1790268826496",,,,,"SAR","2025/2026","16250","STRONG_MARKET_EVIDENCE","High","2026-09-25T07:25:58.686Z","16250",,"2026-09-25T12:18:17.168Z"
"FLIS0371","9.6","Saudi Arabia","18 - 20","Riyadh",,"9.5",,,,"Elite British independent brand campus in Riyadh targeting high-caliber expat faculty with premier compensation packages.",,,,"Provided luxury compound villa or allowance",,"British (NCfE / GCSE / A-Levels)",,"King's College Riyadh",,,"Worldwide Bupa Medical Coverage",,"SAR 16,000 - 22,000 / month",,,,,,,,,,,,"https://kingscollegeriyadh.com/careers","King's College Riyadh",,,,,,"0","FLIS0371",,,,,"true",,,,,,,"SAR","2025/2026","17500","STRONG_MARKET_EVIDENCE","High","2026-09-25T08:23:29.072Z","17500",,"2026-09-25T12:18:17.168Z"
"FLIS0372","9.7","Saudi Arabia","18 - 20","Riyadh",,"9.6",,,,"Flagship non-profit US Embassy-affiliated international school situated on an award-winning Diplomatic Quarter campus.",,,,"Provided luxury western compound villa",,"American (AERO / AP / IB DP)",,"American International School - Riyadh",,,"Comprehensive Global Medical Coverage",,"USD 45,000 - 68,000 / year",,,,,,,,,,,,"https://www.aisr.org/employment","American International School - Riyadh",,,,,"1790403981343","2","FLIS0372",,,,,"true",,,,,,,"SAR","2025/2026","17500","STRONG_MARKET_EVIDENCE","High","2026-09-25T07:25:58.686Z","17500",,"2026-09-25T12:18:17.168Z"
"FLIS0373","9.3","Saudi Arabia","20","Riyadh",,"9.2",,,,"Inclusive, innovative non-selective British-international campus backed by Chatsworth Schools UK.",,,,"Provided (Expat Compound Villa / Corporate Leased Apartment)",,"British / International Continuum",,"Beech Hall School Riyadh",,,"Comprehensive Medical Coverage",,"SAR 15,000 - 20,000 / month",,,,,,,,,,,,"https://beechhallriyadh.com/careers","Beech Hall School Riyadh",,,,,,"0","FLIS0373",,,,,"true",,,,,,,"SAR","2025/2026","16000","STRONG_MARKET_EVIDENCE","High","2026-09-25T11:08:43.860Z","16000",,"2026-09-25T12:18:17.168Z"
"FLIS0374","9.8","Singapore","20 - 22","Singapore",,"9.8",,,,"Globally renowned flagship American school with legendary compensation packages, world-class facilities, and top faculty retention.",,,,"Provided housing allowance SGD 3,500 - 5,000/mo",,"American (AP / Advanced Topics)",,"Singapore American School",,,"Worldwide Comprehensive Medical & Dental",,"SGD 85,000 - 130,000 / year",,,,,,,,,,,,"https://www.sas.edu.sg/careers","Singapore American School",,,,,"1790403981343","1","FLIS0374",,,,,"true",,,,,,,"SGD","2025/2026","9000","STRONG_MARKET_EVIDENCE","High","2026-09-25T10:42:30.656Z","9000",,"2026-09-25T12:18:17.168Z"
"FLIS0375","9.5","Singapore","20 - 22","Singapore",,"9.6",,,,"Leading British independent school brand in Southeast Asia with state-of-the-art Bukit Batok campus and high academic standards.",,,,"Provided housing allowance or apartment support",,"British (IGCSE) / IB DP",,"Dulwich College (Singapore)",,,"Comprehensive International Medical",,"SGD 75,000 - 115,000 / year",,,,,,,,,,,,"https://singapore.dulwich.org/careers","Dulwich College (Singapore)",,,,,,"0","FLIS0375",,,,,"true",,,,,,,"SGD","2025/2026","8167","STRONG_MARKET_EVIDENCE","High","2026-09-25T10:42:30.656Z","8167",,"2026-09-25T12:18:17.168Z"
"FLIS0376","9.6","Thailand","20","Bangkok",,"9.7",,,,"Full non-profit IB World continuum school in central Sukhumvit offering the highest faculty savings potential in Thailand.",,,,"Provided housing allowance THB 50,000 - 75,000/mo",,"IB (PYP / MYP / DP)",,"NIST International School",,,"Worldwide Bupa Medical Coverage",,"THB 140,000 - 210,000 / month",,,,,,,,,,,,"https://www.nist.ac.th/employment","NIST International School",,,,,,"1","FLIS0376",,,,,"true",,,,,,,"THB","2025/2026","154167","STRONG_MARKET_EVIDENCE","High","2026-09-25T10:42:30.656Z","125000",,"2026-09-25T12:18:17.168Z"
"FLIS0377","9.5","Thailand","20","Bangkok",,"9.5",,,,"Expansive 35-acre lakeside campus in Don Mueang with world-class boarding and athletics infrastructure.",,,,"Provided on-campus accommodation or generous allowance",,"British (NCfE / IGCSE / A-Levels)",,"Harrow International School Bangkok",,,"Comprehensive Medical & Dental",,"THB 130,000 - 195,000 / month",,,,,,,,,,,,"https://www.harrowschool.ac.th/working-at-harrow","Harrow International School Bangkok",,,,,,"0","FLIS0377",,,,,"true",,,,,,,"THB","2025/2026","141667","STRONG_MARKET_EVIDENCE","High","2026-09-25T10:42:30.656Z","115000",,"2026-09-25T12:18:17.168Z"
"FLIS0378","9.5","Thailand","20","Bangkok",,"9.6",,,,"Renowned riverside British campus recognized for top Oxbridge and Ivy League placements and performing arts facilities.",,,,"Provided luxury riverside apartment or allowance",,"British (NCfE / IGCSE / A-Levels)",,"Shrewsbury International School Bangkok Riverside",,,"Comprehensive Global Medical",,"THB 135,000 - 200,000 / month",,,,,,,,,,,,"https://www.shrewsbury.ac.th/riverside/careers","Shrewsbury International School Bangkok Riverside",,,,,,"0","FLIS0378",,,,,"true",,,,,,,"THB","2025/2026","154167","STRONG_MARKET_EVIDENCE","High","2026-09-25T10:42:30.656Z","125000",,"2026-09-25T12:18:17.168Z"
"FLIS0379","9.4","Malaysia","20","Kuala Lumpur",,"9.5",,,,"Malaysia's oldest British international school (est. 1946); non-profit foundation providing exemplary compensation and teacher retention.",,,,"Provided housing allowance MYR 4,000 - 6,500/mo",,"British (NCfE / GCSE / A-Levels)",,"Alice Smith School",,,"Comprehensive Worldwide Medical",,"MYR 16,000 - 24,000 / month",,,,,,,,,,,,"https://www.alice-smith.edu.my/work-with-us","Alice Smith School",,,,,,"0","FLIS0379",,,,,"true",,,,,,,"MYR","2025/2026","15200","STRONG_MARKET_EVIDENCE","High","2026-09-25T08:24:21.608Z","15200",,"2026-09-25T12:18:17.168Z"
"FLIS0380","9.3","Malaysia","20 - 22","Kuala Lumpur",,"9.3",,,,"Nord Anglia flagship school in Petaling Jaya renowned for contemporary facilities and exceptional Juilliard/MIT collaborations.",,,,"Provided housing allowance or modern condo",,"British (NCfE / IGCSE / A-Levels)",,"The British International School of Kuala Lumpur",,,"Comprehensive Medical & Life Insurance",,"MYR 15,500 - 23,000 / month",,,,,,,,,,,,"https://www.nordangliaeducation.com/bis-kuala-lumpur/careers","The British International School of Kuala Lumpur",,,,,,"0","FLIS0380",,,,,"true","2026-09-24T16:55:11.240Z","1790268911240",,,,,"MYR","2025/2026","14500","STRONG_MARKET_EVIDENCE","High","2026-09-25T08:24:21.608Z","14500",,"2026-09-25T12:18:17.168Z"
"FLIS0381","9.8","Hong Kong","20 - 22","Hong Kong",,"9.8",,,,"Premier American curriculum institution in Asia with prestigious Repulse Bay and Tai Tam facilities and unmatched total packages.",,,,"Provided housing allowance HKD 25,000 - 45,000/mo",,"American (AP)",,"Hong Kong International School",,,"Worldwide Comprehensive Medical & Dental",,"HKD 60,000 - 95,000 / month",,,,,,,,,,,,"https://www.hkis.edu.hk/employment","Hong Kong International School",,,,,"1790403981343","1","FLIS0381",,,,,"true",,,,,,,"HKD","2025/2026","56667","STRONG_MARKET_EVIDENCE","High","2026-09-25T10:42:30.656Z","56667",,"2026-09-25T12:18:17.168Z"
"FLIS0382","9.6","Hong Kong","20 - 22","Hong Kong",,"9.7",,,,"Flagship British non-profit foundation school operating campuses in Pok Fu Lam and Kowloon Bay.",,,,"Provided housing allowance HKD 22,000 - 38,000/mo",,"British (NCfE / GCSE / A-Levels)",,"Kellett School",,,"Comprehensive Medical & Bupa",,"HKD 55,000 - 88,000 / month",,,,,,,,,,,,"https://www.kellettschool.com/working-at-kellett","Kellett School",,,,,,"0","FLIS0382",,,,,"true",,,,,,,"HKD","2025/2026","50833","STRONG_MARKET_EVIDENCE","High","2026-09-25T10:42:30.657Z","50833",,"2026-09-25T12:18:17.168Z"
"FLIS0383","9.7","Hong Kong","20","Hong Kong",,"9.8",,,,"Pioneering dual-language English/Chinese IB World School with year 10 Hangzhou residential campus and top global academic metrics.",,,,"Provided housing allowance HKD 25,000 - 40,000/mo",,"IB (MYP / DP) Dual-language English/Mandarin",,"Chinese International School",,,"Worldwide Comprehensive Medical",,"HKD 58,000 - 92,000 / month",,,,,,,,,,,,"https://www.cis.edu.hk/join-us/employment","Chinese International School",,,,,,"0","FLIS0383",,,,,"true",,,,,,,"HKD","2025/2026","53333","STRONG_MARKET_EVIDENCE","High","2026-09-25T10:42:30.657Z","53333",,"2026-09-25T12:18:17.168Z"
"FLIS0384","9.6","Japan","18 - 20","Tokyo",,"9.6",,,,"Top-tier American international school in Tokyo with expansive Chofu campus, exceptional faculty benefits, and strong savings potential.",,,,"Provided furnished apartment or housing allowance",,"American (AP)",,"The American School in Japan",,,"Comprehensive Japan National & Private Medical",,"JPY 7,500,000 - 11,500,000 / year",,,,,,,,"[GoogleGenerativeAI Error]: Error fetching from https://generativelanguage.googleapis.com/v1beta/models/gemini-2.5-flash:generateContent: [402 Payment Required] Your prepayment credits are depleted. Please go to AI Studio at https://ai.studio/projects to manage your project and billing. Learn more at https://ai.google.dev/gemini-api/docs/billing#prepay. ","failed","false",,"https://www.asij.ac.jp/careers","The American School in Japan",,,,,,"0","FLIS0384",,,,,"true",,,,"{""_seconds"":1790273581,""_nanoseconds"":20000000}","{""schoolId"":""FLIS0384"",""schoolName"":""The American School in Japan"",""category"":""INSIGHT_UNAVAILABLE"",""statusLabel"":""Low Turnover (Stable)"",""isUpdating"":false,""lastScrapedAt"":""2026-09-24T18:12:47.769Z"",""metrics"":{""estimatedStaffBase"":80,""totalKnownVacancies"":0,""estimatedChurnRatePercent"":0,""leadershipVacanciesCount"":0,""secondaryVacanciesCount"":0,""primaryVacanciesCount"":0,""riskRating"":""INSIGHT_UNAVAILABLE"",""leadershipChurnRatioPercent"":0,""averageYearlyTesAdverts"":0},""scrapedJobsList"":[],""vacancies_discovered"":[],""structured_vacancies"":[],""total_known_vacancies"":0,""estimated_churn_percentage"":0,""leadership_vacancies_count"":0,""secondary_vacancies_count"":0,""primary_vacancies_count"":0,""leopardfishIntelAlert"":""No active public vacancies have been detected for this institution within the current 12-month recruitment cycle. This indicates either an exceptionally high staff retention profile or the utilization of localized, non-indexed internal application portals. Quantitative stability metrics cannot be calculated at this time."",""churn_implications_commentary"":""No active public vacancies have been detected for this institution within the current 12-month recruitment cycle. This indicates either an exceptionally high staff retention profile or the utilization of localized, non-indexed internal application portals. Quantitative stability metrics cannot be calculated at this time."",""senior_leadership_churn_percentage"":0,""staffroom_commentary"":""No active public vacancies have been detected for this institution within the current 12-month recruitment cycle. This indicates either an exceptionally high staff retention profile or the utilization of localized, non-indexed internal application portals. Quantitative stability metrics cannot be calculated at this time.""}","2026-09-24T18:12:47.769Z","JPY","2025/2026","566667","STRONG_MARKET_EVIDENCE","High","2026-09-25T07:25:58.686Z","566667",,"2026-09-25T12:18:17.168Z"
"FLIS0385","9.1","Netherlands","18 - 20","Amsterdam",,"9.3",,,,"Historic international school; the very first institution in the world authorized for all three IB programmes (PYP, MYP, DP).",,,,"Relocation allowance & 30% tax ruling support",,"IB (PYP / MYP / DP)",,"International School of Amsterdam",,,"Comprehensive Dutch Healthcare System",,"EUR 55,000 - 82,000 / year",,,,,,,,,,,,"https://www.isa.nl/careers","International School of Amsterdam",,,,,,"0","FLIS0385",,,,,"true",,,,,,,"EUR","2025/2026","4000","STRONG_MARKET_EVIDENCE","High","2026-09-25T07:25:58.686Z","4000",,"2026-09-25T12:18:17.168Z"
"FLIS0386","9.0","Germany","20","Munich",,"9.2",,,,"Scenic campus situated near Lake Starnberg offering elite IB continuum education with excellent German pension benefits.",,,,"Relocation stipend & housing search support",,"IB (PYP / MYP / DP)",,"Munich International School",,,"Comprehensive German Health Insurance",,"EUR 52,000 - 78,000 / year",,,,,,,,,,,,"https://www.mis-munich.de/employment","Munich International School",,,,,,"0","FLIS0386",,,,,"true",,,,,,,"EUR","2025/2026","4333","STRONG_MARKET_EVIDENCE","High","2026-09-25T07:25:58.686Z","4333",,"2026-09-25T12:18:17.168Z"
"FLIS0387","9.5","Switzerland","18 - 20","Zurich",,"9.5",,,,"Leading Swiss international school with campuses in Wädenswil and Baden offering top-tier European compensation.",,,,"Relocation assistance & high Swiss base salary",,"IB DP / AP / International",,"Zurich International School",,,"Swiss Mandatory & Inpatient Health Support",,"CHF 95,000 - 138,000 / year",,,,,,,,,,,,"https://www.zis.ch/careers","Zurich International School",,,,,,"0","FLIS0387",,,,,"true",,,,,,,"CHF","2025/2026","8333","STRONG_MARKET_EVIDENCE","High","2026-09-25T07:25:58.686Z","8333",,"2026-09-25T12:18:17.168Z"
"FLIS0388","9.0","France","18 - 20","Paris",,"9.2",,,,"Historic 1946 American international school campus located in Saint-Cloud, serving diplomatic and global multinational families in Paris.",,,,"Relocation allowance & settling-in stipend",,"American (AP) / IB DP",,"American School of Paris",,,"Comprehensive French Healthcare System",,"EUR 48,000 - 72,000 / year",,,,,,,,,,,,"https://www.asparis.org/careers","American School of Paris",,,,,,"0","FLIS0388",,,,,"true",,,,,,,"EUR","2025/2026","4000","STRONG_MARKET_EVIDENCE","High","2026-09-25T07:25:58.686Z","4000",,"2026-09-25T12:18:17.168Z"
"FLIS0389","9.6","Switzerland","18 - 20","Geneva",,"9.7",,,,"The world's oldest international school (est. 1924 by the League of Nations) and birthplace of the International Baccalaureate.",,,,"Relocation assistance & high Swiss compensation",,"IB (PYP / MYP / DP) Bilingual (EN/FR)",,"International School of Geneva",,,"Swiss Health Insurance Subsidies",,"CHF 100,000 - 145,000 / year",,,,,,,,,,,,"https://www.ecolint.ch/careers","International School of Geneva",,,,,,"0","FLIS0389",,,,,"true",,,,,,,"CHF","2025/2026","8167","VERIFIED_SCALE","High","2026-09-25T07:25:58.686Z","8167",,"2026-09-25T12:18:17.168Z"
"FLIS0390","9.1","Germany","20","Frankfurt",,"9.2",,,,"Prominent IB World school in Oberursel with modern arts and sports facilities serving Frankfurt's international financial community.",,,,"Relocation allowance & full settling support",,"IB (PYP / MYP / DP)",,"Frankfurt International School",,,"Comprehensive German Healthcare & Pension",,"EUR 52,000 - 80,000 / year",,,,,,,,,,,,"https://www.fis.edu/employment","Frankfurt International School",,,,,"2026-09-25T12:06:09.708Z","0","FLIS0390",,,,,"true","2026-09-25T11:53:15.548Z","1790337195548",,,,,"EUR","2025/2026","4333","STRONG_MARKET_EVIDENCE","High","2026-09-25T07:25:58.686Z","4333",,"2026-09-25T12:18:17.168Z"
"FLIS0391","9.5","Kuwait","20","Salwa",,"9.5",,,,"Only non-profit British preparatory school in Kuwait with premier tax-free savings and long staff tenure.",,,,"Provided furnished apartment with all utilities paid",,"British (NCfE / EYFS / Key Stage 1-3)",,"The English School Kuwait",,,"Comprehensive Medical & Bupa International",,"KWD 1,100 - 1,600 / month",,,,,,,,,,,,"https://tes.edu.kw/careers","The English School Kuwait",,,,,,"0","FLIS0391",,,,,"true",,,,,,,"KWD","2025/2026","1000","MODELLED_ESTIMATE","Medium","2026-09-25T07:25:58.686Z","1000",,"2026-09-25T12:18:17.168Z"
"FLIS0392","9.2","Kuwait","22","Salwa",,"9.1",,,,"Established British curriculum all-through school with strong sports, music, and GCSE/A-Level academic output.",,,,"Provided furnished accommodation",,"British (NCfE / IGCSE / A-Levels)",,"Kuwait English School",,,"Comprehensive Medical",,"KWD 1,000 - 1,500 / month",,,,,,,,,,,,"https://kes.edu.kw/work-at-kes","Kuwait English School",,,,,,"0","FLIS0392",,,,,"true",,,,,,,"KWD","2025/2026","1000","MODELLED_ESTIMATE","Medium","2026-09-25T07:25:58.686Z","1000",,"2026-09-25T12:18:17.168Z"
"FLIS0393","9.6","Saudi Arabia","20","Al Khobar",,"9.5",,,,"Premier non-profit British school in Saudi Arabia's Eastern Province featuring compound living and high savings potential.",,,,"Provided Western compound villa with luxury amenities",,"British (NCfE / GCSE / A-Levels)",,"British International School of Al Khobar",,,"Worldwide Comprehensive Medical Coverage",,"SAR 14,000 - 19,500 / month",,,,,,,,,,,,"https://www.bisak.org/recruitment","British International School of Al Khobar",,,,,,"0","FLIS0393",,,,,"true",,,,,,,"SAR","2025/2026","16500","STRONG_MARKET_EVIDENCE","High","2026-09-25T08:24:21.608Z","16500",,"2026-09-25T12:18:17.168Z"
"FLIS0394","9.8","Saudi Arabia","16 - 18","Thuwal",,"9.8",,,,"Ultra-exclusive international school serving the King Abdullah University of Science and Technology research community with elite benefits.",,,,"Provided luxury villa on Red Sea university compound",,"IB (PYP / MYP / DP)",,"The KAUST School",,,"Comprehensive Global Medical & Dental",,"USD 50,000 - 75,000 / year",,,,,,,,,,,,"https://tks.kaust.edu.sa/careers","The KAUST School",,,,,,"0","FLIS0394",,,,,"true",,,,,,,"SAR","2025/2026","20833","VERIFIED_SCALE","High","2026-09-25T07:25:58.687Z","20833",,"2026-09-25T12:18:17.168Z"
"FLIS0395","9.2","United Arab Emirates","22","Abu Dhabi",,"9.1",,,,"Vibrant coastal British curriculum school in Al Bahia with state-of-the-art marine biology and athletic facilities.",,,,"Provided accommodation or allowance",,"British (NCfE / GCSE / A-Levels)",,"Amity International School Abu Dhabi",,,"Comprehensive UAE Medical",,"AED 13,500 - 18,000 / month",,"LFI",,,,,,,"success","false",,"https://amityabudhabi.com/work-with-us","Amity International School Abu Dhabi","1074495","amity-international-school-abu-dhabi-1074495",,,,"0","FLIS0395",,,,,"true",,,,,,,"AED","2025/2026","15200","MODELLED_ESTIMATE","Medium","2026-09-25T07:25:58.687Z","15200",,"2026-09-26T11:33:21.093Z"
"FLIS0396","9.5","South Korea","18 - 20","Seoul",,"9.6",,,,"Leading British independent school in central Seoul offering premier academic rigor and high faculty compensation.",,,,"Provided modern expat apartment in central Seocho-gu",,"British (IGCSE) / IB DP",,"Dulwich College Seoul",,,"Comprehensive Korean National & Private Medical",,"KRW 65,000,000 - 95,000,000 / year",,,,,,,,,,,,"https://seoul.dulwich.org/careers","Dulwich College Seoul",,,,,,"0","FLIS0396",,,,,"true",,,,,,,"KRW","2025/2026","5000000","STRONG_MARKET_EVIDENCE","High","2026-09-25T07:25:58.687Z","5000000",,"2026-09-25T12:18:17.168Z"
"FLIS0397","9.4","Japan","18","Kobe",,"9.5",,,,"Historic 1913 non-profit IB World school situated on scenic Rokko Island with exceptional community and boarding culture.",,,,"Provided faculty apartment on Rokko Island or allowance",,"IB (PYP / MYP / DP)",,"Canadian Academy",,,"Japan National Health & Private Medical",,"JPY 6,800,000 - 10,500,000 / year",,,,,,,,"[GoogleGenerativeAI Error]: Error fetching from https://generativelanguage.googleapis.com/v1beta/models/gemini-2.5-flash:generateContent: [402 Payment Required] Your prepayment credits are depleted. Please go to AI Studio at https://ai.studio/projects to manage your project and billing. Learn more at https://ai.google.dev/gemini-api/docs/billing#prepay. ","failed","false",,"https://www.canacad.ac.jp/careers","Canadian Academy",,,,,,"0","FLIS0397",,,,,"true",,,,"{""_seconds"":1790273452,""_nanoseconds"":851000000}","{""schoolId"":""FLIS0397"",""schoolName"":""Canadian Academy"",""category"":""INSIGHT_UNAVAILABLE"",""statusLabel"":""Low Turnover (Stable)"",""isUpdating"":false,""lastScrapedAt"":""2026-09-23T20:09:25.800Z"",""metrics"":{""estimatedStaffBase"":80,""totalKnownVacancies"":0,""estimatedChurnRatePercent"":0,""leadershipVacanciesCount"":0,""secondaryVacanciesCount"":0,""primaryVacanciesCount"":0,""riskRating"":""INSIGHT_UNAVAILABLE"",""leadershipChurnRatioPercent"":0,""averageYearlyTesAdverts"":0},""scrapedJobsList"":[],""vacancies_discovered"":[],""structured_vacancies"":[],""total_known_vacancies"":0,""estimated_churn_percentage"":0,""leadership_vacancies_count"":0,""secondary_vacancies_count"":0,""primary_vacancies_count"":0,""leopardfishIntelAlert"":""No active public vacancies have been detected for this institution within the current 12-month recruitment cycle. This indicates either an exceptionally high staff retention profile or the utilization of localized, non-indexed internal application portals. Quantitative stability metrics cannot be calculated at this time."",""churn_implications_commentary"":""No active public vacancies have been detected for this institution within the current 12-month recruitment cycle. This indicates either an exceptionally high staff retention profile or the utilization of localized, non-indexed internal application portals. Quantitative stability metrics cannot be calculated at this time."",""senior_leadership_churn_percentage"":0,""staffroom_commentary"":""No active public vacancies have been detected for this institution within the current 12-month recruitment cycle. This indicates either an exceptionally high staff retention profile or the utilization of localized, non-indexed internal application portals. Quantitative stability metrics cannot be calculated at this time.""}","2026-09-23T20:09:25.800Z","JPY","2025/2026","466667","MODELLED_ESTIMATE","Medium","2026-09-25T07:25:58.687Z","466667",,"2026-09-25T12:18:17.168Z"
"FLIS0398","9.3","Japan","18 - 20","Minoh",,"9.4",,,,"Premier Kansai IB continuum school sharing a unique collaborative campus with Senri International School.",,,,"Provided subsidized housing or allowance",,"IB (PYP / MYP / DP)",,"Osaka International School",,,"Comprehensive Japanese Private School Mutual Aid Medical",,"JPY 6,500,000 - 9,800,000 / year",,,,,,,,"[GoogleGenerativeAI Error]: Error fetching from https://generativelanguage.googleapis.com/v1beta/models/gemini-2.5-flash:generateContent: [402 Payment Required] Your prepayment credits are depleted. Please go to AI Studio at https://ai.studio/projects to manage your project and billing. Learn more at https://ai.google.dev/gemini-api/docs/billing#prepay. ","failed","false",,"https://www.senri.ed.jp/employment","Osaka International School",,,,,,"0","FLIS0398",,,,,"true",,,,"{""_seconds"":1790193452,""_nanoseconds"":439000000}","{""schoolId"":""FLIS0398"",""schoolName"":""Osaka International School"",""category"":""INSIGHT_UNAVAILABLE"",""statusLabel"":""Low Turnover (Stable)"",""isUpdating"":false,""lastScrapedAt"":""2026-09-23T19:57:00.310Z"",""metrics"":{""estimatedStaffBase"":80,""totalKnownVacancies"":0,""estimatedChurnRatePercent"":0,""leadershipVacanciesCount"":0,""secondaryVacanciesCount"":0,""primaryVacanciesCount"":0,""riskRating"":""INSIGHT_UNAVAILABLE"",""leadershipChurnRatioPercent"":0,""averageYearlyTesAdverts"":0},""scrapedJobsList"":[],""vacancies_discovered"":[],""structured_vacancies"":[],""total_known_vacancies"":0,""estimated_churn_percentage"":0,""leadership_vacancies_count"":0,""secondary_vacancies_count"":0,""primary_vacancies_count"":0,""leopardfishIntelAlert"":""No active public vacancies have been detected for this institution within the current 12-month recruitment cycle. This indicates either an exceptionally high staff retention profile or the utilization of localized, non-indexed internal application portals. Quantitative stability metrics cannot be calculated at this time."",""churn_implications_commentary"":""No active public vacancies have been detected for this institution within the current 12-month recruitment cycle. This indicates either an exceptionally high staff retention profile or the utilization of localized, non-indexed internal application portals. Quantitative stability metrics cannot be calculated at this time."",""senior_leadership_churn_percentage"":0,""staffroom_commentary"":""No active public vacancies have been detected for this institution within the current 12-month recruitment cycle. This indicates either an exceptionally high staff retention profile or the utilization of localized, non-indexed internal application portals. Quantitative stability metrics cannot be calculated at this time.""}","2026-09-23T19:57:00.310Z","JPY","2025/2026","458333","MODELLED_ESTIMATE","Medium","2026-09-25T07:25:58.687Z","458333",,"2026-09-25T12:18:17.168Z"
"FLIS0399","9.8","China","18 - 20","Shanghai",,"9.8",,,,"China's largest and oldest non-profit American international school with campuses in Puxi and Pudong and legendary faculty savings.",,,,"Provided luxury expat apartment or full housing allowance",,"American (AP) / IB DP",,"Shanghai American School",,,"Worldwide Global Medical & Dental (including US)",,"USD 55,000 - 85,000 / year",,,,,,,,,,,,"https://www.saschina.org/careers","Shanghai American School",,,,,,"0","FLIS0399",,,,,"true",,,,,,,"CNY","2025/2026","35833","STRONG_MARKET_EVIDENCE","High","2026-09-25T07:25:58.687Z","35833",,"2026-09-25T12:18:17.168Z"
"FLIS0400","9.8","China","18 - 20","Beijing",,"9.8",,,,"Flagship non-profit international school in Beijing's Shunyi district offering elite compensation, air-filtration domes, and top academic placement.",,,,"Provided Shunyi luxury villa/apartment or allowance",,"American Standards / IB DP",,"International School of Beijing",,,"Worldwide Comprehensive Medical & Dental",,"USD 58,000 - 88,000 / year",,,,,,,,,,,,"https://www.isb.bj.edu.cn/careers","International School of Beijing",,,,,"2026-09-26T06:49:31.214Z","3","FLIS0400",,,,,"true",,,,,,,"CNY","2025/2026","35000","STRONG_MARKET_EVIDENCE","High","2026-09-25T07:25:58.687Z","35000",,"2026-09-25T12:18:17.168Z"
"FLIS0401","9.4","Thailand","20","Bangkok",,"9.5",,,,"Popular Nord Anglia British/IB school in central Sukhumvit renowned for inclusive education and top creative arts.",,,,"Provided housing allowance THB 45,000 - 65,000/mo",,"British (NCfE / IGCSE) / IB DP",,"St. Andrews International School Bangkok",,,"Comprehensive Medical & Bupa",,"THB 130,000 - 190,000 / month",,,,,,,,,,,,"https://www.nordangliaeducation.com/sta-bangkok/careers","St. Andrews International School Bangkok",,,,,"1790405335974","1","FLIS0401",,,,,"true","2026-09-26T09:33:06.352Z","1790415186352",,,,,"THB","2025/2026","154167","STRONG_MARKET_EVIDENCE","High","2026-09-25T10:42:30.657Z","125000",,"2026-09-25T12:18:17.168Z"
"FLIS0402","9.4","Singapore","22","Singapore",,"9.5",,,,"Leading Lasallian non-profit international school in Singapore renowned for exceptional IB averages (37+) and service culture.",,,,"Provided housing allowance SGD 3,000 - 4,500/mo",,"British (IGCSE) / IB DP",,"St. Joseph's Institution International",,,"Comprehensive Medical & Inpatient",,"SGD 70,000 - 110,000 / year",,,,,,,,,,,,"https://www.sji-international.com.sg/join-us/careers","St. Joseph's Institution International",,,,,,"0","FLIS0402",,,,,"true",,,,,,,"SGD","2025/2026","7400","STRONG_MARKET_EVIDENCE","High","2026-09-25T08:24:21.608Z","7400",,"2026-09-25T12:18:17.168Z"
"FLIS0403","9.3","Singapore","22","Singapore",,"9.3",,,,"State-of-the-art mega-campus in Aljunied featuring innovative open-plan learning and Apple Distinguished School status.",,,,"Provided housing allowance SGD 2,800 - 4,200/mo",,"IB (PYP / MYP / DP) / IGCSE",,"Nexus International School Singapore",,,"Comprehensive Medical & Dental",,"SGD 68,000 - 105,000 / year",,,,,,,,,,,,"https://www.nexus.edu.sg/careers","Nexus International School Singapore",,,,,,"1","FLIS0403",,,,,"true","2026-09-25T11:53:53.260Z","1790337233260",,,,,"SGD","2025/2026","6833","MODELLED_ESTIMATE","Medium","2026-09-25T07:25:58.687Z","6833",,"2026-09-25T12:18:17.168Z"
"FLIS0404","9.4","Singapore","22","Singapore",,"9.4",,,,"Flagship Cognita US/IB continuum institution with dual Woodleigh and Chuan Lane campuses and elite athletics infrastructure.",,,,"Provided housing allowance SGD 3,000 - 4,500/mo",,"American (AERO / AP) / IB DP",,"Stamford American International School",,,"Comprehensive Worldwide Medical",,"SGD 70,000 - 108,000 / year",,,,,,,,,,,,"https://www.sais.edu.sg/careers","Stamford American International School",,,,,,"0","FLIS0404",,,,,"true",,,,,,,"SGD","2025/2026","7333","STRONG_MARKET_EVIDENCE","High","2026-09-25T07:25:58.687Z","7333",,"2026-09-25T12:18:17.168Z"
"FLIS0405","9.3","Malaysia","18 - 20","Mantin",,"9.4",,,,"Premier British boarding and day school situated on 80 picturesque acres in Negeri Sembilan with high Oxbridge placement.",,,,"Provided on-campus faculty bungalow or allowance",,"British (NCfE / GCSE / A-Levels)",,"Kolej Tuanku Ja'afar",,,"Comprehensive Medical Coverage",,"MYR 15,000 - 22,000 / month",,,,,,,,,,,,"https://www.ktj.edu.my/careers","Kolej Tuanku Ja'afar",,,,,,"0","FLIS0405",,,,,"true",,,,,,,"MYR","2025/2026","12800","STRONG_MARKET_EVIDENCE","High","2026-09-25T08:24:21.608Z","12800",,"2026-09-25T12:18:17.168Z"
"FLIS0406","9.0","Italy","18 - 20","Rome",,"9.3",,,,"Historic 1958 British international school in Rome operating campuses in La Storta and central Vatican area.",,,,"Relocation allowance & initial accommodation support",,"British (NCfE / IGCSE / IB DP)",,"St. George's British International School Rome",,,"Italian National Health (SSN) & Private Supplement",,"EUR 45,000 - 68,000 / year",,,,,,,,,,,,"https://www.stgeorge.school.it/join-us/vacancies","St. George's British International School Rome",,,,,,"0","FLIS0406",,,,,"true",,,,,,,"EUR","2025/2026","2450","STRONG_MARKET_EVIDENCE","High","2026-09-25T08:24:21.608Z","2450",,"2026-09-25T12:18:17.168Z"
"FLIS0407","8.9","Italy","16 - 18","Florence",,"9.1",,,,"Prestigious non-profit IB World School housed in historic Renaissance villas in the Florentine hills.",,,,"Relocation assistance & settling stipend",,"IB (PYP / MYP / DP)",,"The International School of Florence",,,"Italian National Health System & Private Insurance",,"EUR 42,000 - 62,000 / year",,,,,,,,,,,,"https://www.isfitaly.org/careers","The International School of Florence",,,,,,"0","FLIS0407",,,,,"true",,,,,,,"EUR","2025/2026","3000","MODELLED_ESTIMATE","Medium","2026-09-25T07:26:01.260Z","3000",,"2026-09-25T12:18:17.168Z"
"FLIS0408","9.0","Italy","18 - 20","Milan",,"9.3",,,,"Top-ranked British international school in Italy with outstanding IB averages (36+) and state-of-the-art modern facilities.",,,,"Relocation stipend & settling allowance",,"British (NCfE / GCSE / IB DP)",,"The British School of Milan",,,"Comprehensive Italian & Private Medical",,"EUR 46,000 - 70,000 / year",,,,,,,,,,,,"https://www.britishschoolmilan.com/working-with-us","The British School of Milan",,,,,,"0","FLIS0408",,,,,"true",,,,,,,"EUR","2025/2026","3333","STRONG_MARKET_EVIDENCE","High","2026-09-25T07:26:01.261Z","3333",,"2026-09-25T12:18:17.168Z"
"FLIS0409","9.5","Switzerland","18","Basel",,"9.5",,,,"Leading non-profit IB World continuum school serving Basel's international pharmaceutical and biotechnology hub.",,,,"Relocation allowance & Swiss salary band",,"IB (PYP / MYP / DP)",,"International School of Basel",,,"Swiss Mandatory Health Insurance Contribution",,"CHF 92,000 - 135,000 / year",,,,,,,,,,,,"https://www.isbasel.ch/community/careers","International School of Basel",,,,,,"0","FLIS0409",,,,,"true",,,,,,,"CHF","2025/2026","6400","STRONG_MARKET_EVIDENCE","High","2026-09-25T08:24:21.608Z","6400",,"2026-09-25T12:18:17.168Z"
"FLIS0410","9.7","Switzerland","10 - 12","Rolle",,"9.8",,,,"The 'School of Kings'; world-renowned ultra-elite dual-campus boarding school (Lake Geneva & Gstaad winter campus).",,,,"Full boarding accommodation (Rolle spring/autumn, Gstaad winter)",,"IB DP / French Baccalauréat",,"Institut Le Rosey",,,"Comprehensive Swiss Health & Pension Coverage",,"CHF 95,000 - 145,000 / year",,,,,,,,,,,,"https://www.rosey.ch/careers","Institut Le Rosey",,,,,,"0","FLIS0410",,,,,"true",,,,,,,"CHF","2025/2026","8750","STRONG_MARKET_EVIDENCE","High","2026-09-25T07:26:01.261Z","8750",,"2026-09-25T12:18:17.168Z"
"FLIS0411","9.6","Switzerland","10 - 14","Villars-sur-Ollon",,"9.7",,,,"Historic 1910 Alpine boarding school in Villars-sur-Ollon offering world-class outdoor education and IB pathways.",,,,"Self-Funded (Unless Residential Boarding Houseparent Role)",,"IB DP / French Baccalauréat / High School Diploma",,"College Alpin Beau Soleil",,,"Comprehensive Swiss Health Insurance",,"CHF 90,000 - 138,000 / year",,,"Nord Anglia",,,,,,,,,"https://www.nordangliaeducation.com/beau-soleil/careers","College Alpin Beau Soleil",,,,,,"0","FLIS0411",,,,,"true","2026-09-26T06:45:22.770Z","1790405122770",,,,,"CHF","2025/2026","7667","STRONG_MARKET_EVIDENCE","High","2026-09-25T10:42:30.657Z","7667",,"2026-09-25T12:18:17.168Z"
"FLIS0412","9.4","Switzerland","14 - 16","Lugano",,"9.5",,,,"Picturesque Montagnola campus overlooking Lake Lugano; the oldest American boarding school in Europe (est. 1956).",,,,"Self-Funded (Unless Residential Boarding Houseparent Role)",,"American (AP) / IB DP",,"TASIS The American School in Switzerland",,,"Swiss Health Care Support",,"CHF 88,000 - 130,000 / year",,,,,,,,,,,,"https://www.tasis.ch/employment","TASIS The American School in Switzerland",,,,,,"0","FLIS0412",,,,,"true",,,,,,,"CHF","2025/2026","6000","STRONG_MARKET_EVIDENCE","High","2026-09-25T10:42:30.657Z","6000",,"2026-09-25T12:18:17.168Z"
"FLIS0413","9.2","United Kingdom","16 - 18","Thorpe",,"9.3",,,,"Historic 46-acre Surrey estate campus offering US High School Diploma, AP, and IB Diploma pathways.",,,,"Subsidized campus accommodation or Surrey allowance",,"American (AP) / IB DP",,"TASIS The American School in England",,,"UK NHS & Private Medical Supplement",,"GBP 42,000 - 62,000 / year",,,,,,,,,,,,"https://www.tasisengland.org/careers","TASIS The American School in England",,,,,,"0","FLIS0413",,,,,"true",,,,,,,"GBP","2025/2026","2550","STRONG_MARKET_EVIDENCE","High","2026-09-25T08:24:21.608Z","2550",,"2026-09-25T12:18:17.168Z"
"FLIS0414","9.2","Belgium","18 - 20","Tervuren",,"9.4",,,,"Flagship non-profit international school in Tervuren featuring multi-curriculum pathways (A-Levels, IB, BTEC) and 25m swimming pool.",,,,"Relocation allowance & full Belgian social security",,"British (NCfE / GCSE / A-Levels / IB DP / BTEC)",,"The British School of Brussels",,,"Comprehensive Belgian Mutualité & Hospitalization",,"EUR 50,000 - 76,000 / year",,,,,,,,,,,,"https://www.britishschool.be/careers","The British School of Brussels",,,,,,"0","FLIS0414",,,,,"true",,,,,,,"EUR","2025/2026","4000","STRONG_MARKET_EVIDENCE","High","2026-09-25T07:26:01.261Z","4000",,"2026-09-25T12:18:17.168Z"
"FLIS0415","9.1","Germany","18 - 20","Haimhausen",,"9.2",,,,"Premier IB World Continuum school operating campuses in Schloss Haimhausen and Munich City Center.",,,,"Relocation stipend & Munich settling support",,"IB (PYP / MYP / DP)",,"Bavarian International School",,,"German Statutory & Private Health Insurance",,"EUR 50,000 - 75,000 / year",,,,,,,,,,,,"https://www.bis-school.com/community/careers","Bavarian International School",,,,,"2026-09-26T06:10:30.811Z","0","FLIS0415",,,,,"true","2026-09-24T17:00:27.787Z","1790269227787",,,,,"EUR","2025/2026","4000","STRONG_MARKET_EVIDENCE","High","2026-09-25T07:26:01.261Z","4000",,"2026-09-25T12:18:17.168Z"
"FLIS0416","8.9","Spain","20","Castelldefels",,"9.1",,,,"Cognita flagship British/IB school in Catalonia operating campuses in Castelldefels, Sitges, and Barcelona City.",,,,"Relocation assistance & Spanish Beckham law support",,"British (NCfE / GCSE / A-Levels / IB DP)",,"The British School of Barcelona",,,"Spanish Sanitas Private Health Insurance",,"EUR 38,000 - 55,000 / year",,,,,,,,,,,,"https://www.britishschoolbarcelona.com/careers","The British School of Barcelona",,,,,,"0","FLIS0416",,,,,"true",,,,,,,"EUR","2025/2026","2917","STRONG_MARKET_EVIDENCE","High","2026-09-25T07:26:01.261Z","2917",,"2026-09-25T12:18:17.168Z"
"FLIS0417","8.9","Spain","20","Madrid",,"9.1",,,,"Flagship British international boarding and day school in Soto de Viñuelas operating under Inspired Education.",,,,"Relocation stipend & settling-in allowance",,"British (NCfE / GCSE / A-Levels / IB DP)",,"King's College Madrid",,,"Comprehensive Spanish Private Medical",,"EUR 38,000 - 56,000 / year",,,"Inspired",,,,,,,,,"https://www.inspirededu.com/careers","King's College Madrid",,,,,,"0","FLIS0417",,,,,"true",,,,,,,"EUR","2025/2026","2050","STRONG_MARKET_EVIDENCE","High","2026-09-25T08:24:21.608Z","2050",,"2026-09-25T12:18:17.168Z"
"FLIS0418",,"United Arab Emirates",,"Dubai Jumeira",,"9.2",,,"9.0",,,,,"Allowance",,,,"Dubai British School (Dubai Jumeira)",,,"Comprehensive Private Medical Insurance (Worldwide/UAE Inpatient & Outpatient)",,"AED 14,000–18,500",,,"Taaleem",,,,,,"success","true",,"https://careers.taaleem.ae","Dubai British School Jumeira","1265177","dubai-british-school-jumeira-1265177",,,"1790193420261","1","FLIS0418",,"https://careers.taaleem.ae",,,"true","2026-09-17T06:57:15.201Z","1789628235201","true","{""_nanoseconds"":847000000,""_seconds"":1788076502}",,"2026-08-30T07:55:02.846Z","AED","2025/2026","16250","Market Evidence — Range Midpoint","High","2026-09-27T07:09:31.926Z","16250","https://dubaibritishschooljumeira.ae","2026-09-27T07:09:31.926Z"
"FLIS0419",,"United Arab Emirates",,"Dubai Jumeirah Park",,"9.2",,,"9.0",,,,,"Allowance",,,,"Dubai British School (Dubai Jumeirah Park)",,,"Comprehensive Private Medical Insurance (Worldwide/UAE Inpatient & Outpatient)",,"AED 14,000–18,500",,,"Taaleem",,,,,,"success","true",,"https://careers.taaleem.ae","Dubai British School Jumeirah Park","1081671","dubai-british-school-jumeirah-park-1081671",,,"1790193420261","4","FLIS0419",,"https://careers.taaleem.ae",,,"true","2026-09-17T06:57:15.347Z","1789628235347","true","{""_nanoseconds"":659000000,""_seconds"":1788076488}",,"2026-08-30T07:54:48.658Z","AED","2025/2026","16250","Market Evidence — Range Midpoint","High","2026-09-27T07:09:31.926Z","16250","https://dubaibritishschooljp.ae","2026-09-27T07:09:31.926Z"
"FLIS0420",,"United Arab Emirates",,"Dubai Mira",,"9.2",,,"9.0",,,,,"Allowance",,,,"Dubai British School (Dubai Mira)",,,"Comprehensive Private Medical Insurance (Worldwide/UAE Inpatient & Outpatient)",,"AED 13,500–18,000",,,"Taaleem",,,,,,"success","true",,"https://careers.taaleem.ae","Dubai British School Mira","1255316","dubai-british-school-mira-1255316",,,,"0","FLIS0420",,"https://careers.taaleem.ae",,,"true","2026-09-17T06:57:15.503Z","1789628235503","true","{""_nanoseconds"":749000000,""_seconds"":1788076485}",,"2026-08-30T07:54:45.747Z","AED","2025/2026","15750","Market Evidence — Range Midpoint","High","2026-09-27T07:09:31.926Z","15750","https://dubaibritishschoolmira.ae","2026-09-27T07:09:31.926Z"
"FLIS0421",,"United Arab Emirates",,"Dubai Oud Metha",,"9.2",,,"9.0",,,,,"Provided",,,,"Dubai English Speaking School (Dubai Oud Metha)",,,"Comprehensive Private Medical Insurance (Worldwide/UAE Inpatient & Outpatient)",,"AED 14,500–19,500",,,,,,,,,"success","true",,"https://dess.sch.ae/work-at-dess","Dubai English Speaking School Oud Metha","1059044","dubai-english-speaking-school-oud-metha-1059044",,,,"0","FLIS0421",,"https://dess.sch.ae/work-at-dess",,,"true","2026-09-17T06:57:15.955Z","1789628235955","true","{""_nanoseconds"":310000000,""_seconds"":1788076483}",,"2026-08-30T07:54:43.308Z","AED","2025/2026","17000","Market Evidence — Range Midpoint","High","2026-09-27T07:09:31.926Z","17000",,"2026-09-27T07:09:31.926Z"
"FLIS0422",,"Bahrain",,"Isa Town",,,,,,,,,,"Provided",,,,"St. Christopher's School (Senior)",,,,,"$3,800.00",,,,,,,,,"success","true",,"https://st-chris.schoolrecruiter.com/","St. Christopher's School Senior","1057682","st-christopher-s-school-senior-1057682",,,,"0","FLIS0422",,"https://st-chris.schoolrecruiter.com/",,,"true","2026-09-17T06:57:16.283Z","1789628236283","true","{""_nanoseconds"":483000000,""_seconds"":1788076382}",,"2026-08-30T07:53:02.480Z","BHD","2025/2026","1600","STRONG_MARKET_EVIDENCE","High","2026-09-25T08:24:21.608Z","1600","https://st-chris.schoolrecruiter.com/","2026-09-25T12:18:17.168Z"
"FLIS0423","9.2","United Arab Emirates","22","Dubai",,"9.1",,,,"Taaleem-operated full IB World Continuum school located in Jumeirah 1 featuring outstanding creative arts, sports, and vocational IBCP streams.",,,,"Provided accommodation or housing allowance",,"IB (PYP / MYP / DP / IBCP)",,"Jumeira Baccalaureate School",,,"Comprehensive UAE Medical Coverage",,"AED 13,500 - 18,000 / month",,,"Taaleem",,,,,,"success",,,"https://www.taaleem.ae/careers","Jumeira Baccalaureate School","1058642","taaleem-1058642",,,"2026-09-25T12:06:09.708Z","5","FLIS0423",,,,,"true",,,,"{""_seconds"":1790190171,""_nanoseconds"":928000000}","{""schoolId"":""FLIS0423"",""schoolName"":""Jumeira Baccalaureate School"",""category"":""LOW_TURNOVER"",""statusLabel"":""Low Turnover (Stable)"",""isUpdating"":false,""lastScrapedAt"":""2026-09-23T19:02:18.057Z"",""metrics"":{""estimatedStaffBase"":80,""totalKnownVacancies"":5,""estimatedChurnRatePercent"":6,""leadershipVacanciesCount"":0,""secondaryVacanciesCount"":5,""primaryVacanciesCount"":0,""riskRating"":""LOW"",""leadershipChurnRatioPercent"":0,""averageYearlyTesAdverts"":5},""scrapedJobsList"":[""Secondary Performing Arts Teacher (Posted: 2026-08-31; Closes: 2026-10-30) - Taaleem"",""Maternity Cover - Secondary English Teacher Immediate Start (Posted: 2026-08-31; Closes: 2026-10-30) - Taaleem"",""Design Technology Teacher- Maternity Cover October 2026 (Posted: 2026-09-14; Closes: 2026-11-13) - Taaleem"",""Inclusion Teacher (Posted: 2026-09-17; Closes: 2026-11-16) - Taaleem"",""Homeroom Teacher (Posted: 2026-09-18; Closes: 2026-10-18) - Taaleem""],""vacancies_discovered"":[{""title"":""Homeroom Teacher"",""department"":""Secondary"",""source"":""Taaleem"",""source_url"":""https://www.jumeira-baccalaureate-school.com"",""date_listed"":""2026-09-18"",""date_closing"":""2026-10-18"",""status"":""OPEN"",""recruitmentCycle"":""CURRENT""},{""title"":""Inclusion Teacher"",""department"":""Secondary"",""source"":""Taaleem"",""source_url"":""https://www.jumeira-baccalaureate-school.com"",""date_listed"":""2026-09-17"",""date_closing"":""2026-11-16"",""status"":""OPEN"",""recruitmentCycle"":""CURRENT""},{""title"":""Design Technology Teacher- Maternity Cover October 2026"",""department"":""Secondary"",""source"":""Taaleem"",""source_url"":""https://www.jumeira-baccalaureate-school.com"",""date_listed"":""2026-09-14"",""date_closing"":""2026-11-13"",""status"":""OPEN"",""recruitmentCycle"":""CURRENT""},{""title"":""Secondary Performing Arts Teacher"",""department"":""Secondary"",""source"":""Taaleem"",""source_url"":""https://www.jumeira-baccalaureate-school.com"",""date_listed"":""2026-08-31"",""date_closing"":""2026-10-30"",""status"":""OPEN"",""recruitmentCycle"":""CURRENT""},{""title"":""Maternity Cover - Secondary English Teacher Immediate Start"",""department"":""Secondary"",""source"":""Taaleem"",""source_url"":""https://www.jumeira-baccalaureate-school.com"",""date_listed"":""2026-08-31"",""date_closing"":""2026-10-30"",""status"":""OPEN"",""recruitmentCycle"":""CURRENT""}],""structured_vacancies"":[{""title"":""Homeroom Teacher"",""department"":""Secondary"",""source"":""Taaleem"",""source_url"":""https://www.jumeira-baccalaureate-school.com"",""date_listed"":""2026-09-18"",""date_closing"":""2026-10-18"",""status"":""OPEN"",""recruitmentCycle"":""CURRENT""},{""title"":""Inclusion Teacher"",""department"":""Secondary"",""source"":""Taaleem"",""source_url"":""https://www.jumeira-baccalaureate-school.com"",""date_listed"":""2026-09-17"",""date_closing"":""2026-11-16"",""status"":""OPEN"",""recruitmentCycle"":""CURRENT""},{""title"":""Design Technology Teacher- Maternity Cover October 2026"",""department"":""Secondary"",""source"":""Taaleem"",""source_url"":""https://www.jumeira-baccalaureate-school.com"",""date_listed"":""2026-09-14"",""date_closing"":""2026-11-13"",""status"":""OPEN"",""recruitmentCycle"":""CURRENT""},{""title"":""Secondary Performing Arts Teacher"",""department"":""Secondary"",""source"":""Taaleem"",""source_url"":""https://www.jumeira-baccalaureate-school.com"",""date_listed"":""2026-08-31"",""date_closing"":""2026-10-30"",""status"":""OPEN"",""recruitmentCycle"":""CURRENT""},{""title"":""Maternity Cover - Secondary English Teacher Immediate Start"",""department"":""Secondary"",""source"":""Taaleem"",""source_url"":""https://www.jumeira-baccalaureate-school.com"",""date_listed"":""2026-08-31"",""date_closing"":""2026-10-30"",""status"":""OPEN"",""recruitmentCycle"":""CURRENT""}],""total_known_vacancies"":5,""estimated_churn_percentage"":6,""leadership_vacancies_count"":0,""secondary_vacancies_count"":5,""primary_vacancies_count"":0,""leopardfishIntelAlert"":""Leopardfish Multi-Engine Audit: Stable retention pattern with 5 active vacancies detected across TES, GRC Search, and official school portals."",""churn_implications_commentary"":""Leopardfish Multi-Engine Audit: Stable retention pattern with 5 active vacancies detected across TES, GRC Search, and official school portals."",""senior_leadership_churn_percentage"":0}","2026-09-23T19:02:18.057Z","AED","2025/2026","15800","STRONG_MARKET_EVIDENCE","High","2026-09-25T07:26:01.262Z","15800",,"2026-09-26T11:33:21.093Z"
"FLIS0424","8.8","Greece","18 - 20","Athens",,"9.1",,,,"Leading British international school in Athens with beautiful Pallini campus and outstanding IB Diploma results.",,,,"Relocation allowance & settling-in stipend",,"British (NCfE / IGCSE / IB DP)",,"Campion School Athens",,,"Greek National Health System & Private Health Insurance",,"EUR 32,000 - 48,000 / year",,,,,,,,,,,,"https://www.campion.edu.gr/employment","Campion School Athens",,,,,,"0","FLIS0424",,,,,"true",,,,,,,"EUR","2025/2026","1800","STRONG_MARKET_EVIDENCE","High","2026-09-25T08:24:21.608Z","1800",,"2026-09-25T12:18:17.168Z"
"FLIS0425","8.9","Greece","18 - 20","Athens",,"9.2",,,,"Prestigious British international school in Lykovrissi, Athens, known for academic excellence and strong community.",,,,"Relocation allowance & initial housing support",,"British (NCfE / IGCSE / IB DP)",,"St. Catherine's British School",,,"Comprehensive Medical & Inpatient Coverage",,"EUR 34,000 - 50,000 / year",,,,,,,,,"success",,,"https://www.stcatherines.gr/opportunities","St. Catherine's British School","1065747","st-catherine-s-british-school-1065747",,,"2026-09-26T06:03:04.108Z","1","FLIS0425",,,,,"true","2026-09-25T11:54:14.406Z","1790337254406",,"{""_seconds"":1790190154,""_nanoseconds"":561000000}","{""schoolId"":""FLIS0425"",""schoolName"":""St. Catherine's British School"",""category"":""LOW_TURNOVER"",""statusLabel"":""Low Turnover (Stable)"",""isUpdating"":false,""lastScrapedAt"":""2026-09-23T19:02:19.827Z"",""metrics"":{""estimatedStaffBase"":80,""totalKnownVacancies"":2,""estimatedChurnRatePercent"":3,""leadershipVacanciesCount"":1,""secondaryVacanciesCount"":1,""primaryVacanciesCount"":0,""riskRating"":""LOW"",""leadershipChurnRatioPercent"":25,""averageYearlyTesAdverts"":2},""scrapedJobsList"":[""Design & Technology Teacher (Posted: 2026-09-20T17:00:00.000Z; Closes: 2026-10-31) - TES"",""Head of Enterprise (Posted: 2026-09-16T17:00:00.000Z; Closes: 2026-10-31) - TES"",""Design & Technology Teacher (Posted: Recently; Closes: [object Object]) - TES"",""Head of Enterprise (Posted: Recently; Closes: [object Object]) - TES""],""vacancies_discovered"":[{""title"":""Design & Technology Teacher"",""department"":""Secondary"",""source"":""TES"",""source_url"":""https://www.st-catherines-british-school.com"",""date_listed"":""2026-09-20T17:00:00.000Z"",""date_closing"":""2026-10-31"",""status"":""OPEN"",""recruitmentCycle"":""CURRENT""},{""title"":""Head of Enterprise"",""department"":""Leadership"",""source"":""TES"",""source_url"":""https://www.st-catherines-british-school.com"",""date_listed"":""2026-09-16T17:00:00.000Z"",""date_closing"":""2026-10-31"",""status"":""OPEN"",""recruitmentCycle"":""CURRENT""}],""structured_vacancies"":[{""title"":""Design & Technology Teacher"",""department"":""Secondary"",""source"":""TES"",""source_url"":""https://www.st-catherines-british-school.com"",""date_listed"":""2026-09-20T17:00:00.000Z"",""date_closing"":""2026-10-31"",""status"":""OPEN"",""recruitmentCycle"":""CURRENT""},{""title"":""Head of Enterprise"",""department"":""Leadership"",""source"":""TES"",""source_url"":""https://www.st-catherines-british-school.com"",""date_listed"":""2026-09-16T17:00:00.000Z"",""date_closing"":""2026-10-31"",""status"":""OPEN"",""recruitmentCycle"":""CURRENT""}],""total_known_vacancies"":2,""estimated_churn_percentage"":3,""leadership_vacancies_count"":1,""secondary_vacancies_count"":1,""primary_vacancies_count"":0,""leopardfishIntelAlert"":""Leopardfish Multi-Engine Audit: Stable retention pattern with 2 active vacancies detected across TES, GRC Search, and official school portals."",""churn_implications_commentary"":""Leopardfish Multi-Engine Audit: Stable retention pattern with 2 active vacancies detected across TES, GRC Search, and official school portals."",""senior_leadership_churn_percentage"":25}","2026-09-23T19:02:19.827Z","EUR","2025/2026","1900","STRONG_MARKET_EVIDENCE","High","2026-09-25T08:24:21.608Z","1900",,"2026-09-25T12:18:17.168Z"
"FLIS0426","9.4","Switzerland","14 - 16","Montreux",,"9.4",,,,"Historic British international boarding school in Montreux overlooking Lake Geneva, operating under Inspired Education.",,,,"Boarding accommodation or Montreux housing allowance",,"British (NCfE / IGCSE) / IB DP",,"St. George's International School Switzerland",,,"Swiss Mandatory Health Insurance Contribution",,"CHF 85,000 - 125,000 / year",,,,,,,,,,,,"https://www.inspirededu.com/careers","St. George's International School Switzerland","1057262","st-george-s-international-school-1057262",,,"1790193244633","0","FLIS0426",,,,,"true","2026-09-24T17:02:45.582Z","1790269365582",,,,,"CHF","2025/2026","6100","STRONG_MARKET_EVIDENCE","High","2026-09-25T08:24:21.608Z","6100",,"2026-09-25T12:18:17.168Z"
"FLIS0427","8.8","Slovakia","18 - 20","Bratislava",,"9.0",,,,"Nord Anglia flagship school in Slovakia offering world-class British and IB education across modern Bratislava campuses.",,,,"Relocation allowance & housing search support",,"British (NCfE / IGCSE / IB DP)",,"The British International School Bratislava",,,"Slovak National & Private Health Insurance",,"EUR 32,000 - 46,000 / year",,,,,,,,,,,,"https://www.nordangliaeducation.com/careers","The British International School Bratislava",,,,,,"0","FLIS0427",,,,,"true",,,,,,,"EUR","2025/2026","2050","STRONG_MARKET_EVIDENCE","High","2026-09-25T08:24:21.608Z","2050",,"2026-09-25T12:18:17.168Z"
"FLIS0430","9.1","Uzbekistan","18 - 20","Tashkent",,"9.0",,,,"Nord Anglia-operated premier British international school in Tashkent offering high savings potential.",,,,"Provided furnished apartment with all utilities",,"British (NCfE / IGCSE / A-Levels)",,"The British School of Tashkent",,,"Comprehensive Worldwide Medical Coverage",,"USD 42,000 - 60,000 / year",,,,,,,,,,,,"https://www.nordangliaeducation.com/careers","The British School of Tashkent",,,,,"1790405335974","1","FLIS0430",,,,,"true","2026-09-26T09:33:21.793Z","1790415201793",,,,,"USD","2025/2026","2600","MODELLED_ESTIMATE","Medium","2026-09-25T07:26:01.262Z","2600",,"2026-09-25T12:18:17.168Z"
"FLIS0431","9.5","Egypt","18 - 20","Cairo",,"9.4",,,,"Egypt's leading British curriculum school in Beverly Hills, Sheikh Zayed City, judged Outstanding by COBIS.",,,,"Provided furnished accommodation in Beverly Hills / Zayed",,"British (NCfE / GCSE / IB DP)",,"The British International School Cairo",,,"Comprehensive International Medical",,"USD 40,000 - 62,000 / year",,,,,,,,,,,,"https://www.bisc.edu.eg/careers","The British International School Cairo",,,,,,"0","FLIS0431",,,,,"true",,,,,,,"USD","2025/2026","2900","STRONG_MARKET_EVIDENCE","High","2026-09-25T08:24:21.608Z","2900",,"2026-09-25T12:18:17.168Z"
"FLIS0432","9.2","Egypt","20","Cairo",,"9.1",,,,"Established non-profit British and IB continuum school located in the heart of New Cairo.",,,,"Provided furnished housing or allowance in New Cairo",,"British (NCfE / GCSE / IB DP)",,"New Cairo British International School",,,"Comprehensive International Medical",,"USD 38,000 - 58,000 / year",,,,,,,,,,,,"https://www.ncbis.co/work-with-us","New Cairo British International School",,,,,,"0","FLIS0432",,,,,"true",,,,,,,"USD","2025/2026","2700","STRONG_MARKET_EVIDENCE","High","2026-09-25T08:24:21.608Z","2700",,"2026-09-25T12:18:17.168Z"
"FLIS0433","9.2","Egypt","18 - 20","Cairo",,"9.1",,,,"Premium Inspired Education British curriculum campus situated in The Crown development in West Cairo.",,,,"Provided luxury accommodation or allowance in 6th of October",,"British (NCfE / GCSE / A-Levels)",,"King's School The Crown",,,"Comprehensive Private Medical",,"USD 38,000 - 58,000 / year",,,,,,,,,,,,"https://www.inspirededu.com/careers","King's School The Crown",,,,,,"0","FLIS0433",,,,,"true",,,,,,,"USD","2025/2026","2750","STRONG_MARKET_EVIDENCE","High","2026-09-25T08:24:21.608Z","2750",,"2026-09-25T12:18:17.168Z"
"FLIS0434","9.0","Egypt","18","Alexandria",,"8.9",,,,"Prominent British curriculum school in Alexandria accredited by the Department for Education (UK).",,,,"Provided coastal accommodation with utilities",,"British (NCfE / GCSE / A-Levels)",,"The British School of Alexandria",,,"Comprehensive Medical Coverage",,"USD 35,000 - 52,000 / year",,,,,,,,,,,,"https://www.bsalex.net/vacancies","The British School of Alexandria",,,,,,"0","FLIS0434",,,,,"true",,,,,,,"USD","2025/2026","2650","STRONG_MARKET_EVIDENCE","High","2026-09-25T08:24:21.608Z","2650",,"2026-09-25T12:18:17.168Z"
"FLIS0435","9.7","Brunei","18 - 20","Bandar Seri Begawan",,"9.6",,,,"Southeast Asia's premier tax-free boarding school set on 300 scenic coastal acres with world-class facilities and unmatched teacher retention.",,,,"Provided luxury faculty bungalow on 300-acre coastal campus",,"British (NCfE / GCSE / A-Levels / IB DP)",,"Jerudong International School",,,"Worldwide Comprehensive Medical & Inpatient",,"BND 65,000 - 95,000 / year",,,,,,,,,,,,"https://www.jerudonginternationalschool.com/careers","Jerudong International School",,,,,,"0","FLIS0435",,,,,"true",,,,,,,"BND","2025/2026","5800","STRONG_MARKET_EVIDENCE","High","2026-09-25T08:25:20.426Z","5800",,"2026-09-25T12:18:17.168Z"
"FLIS0436","9.3","Brunei","20","Bandar Seri Begawan",,"9.2",,,,"Eco-friendly IB World school in Brunei offering generous tax-free savings and royal patronage.",,,,"Provided furnished housing with utilities",,"British (NCfE / IGCSE / IB DP)",,"International School Brunei",,,"Comprehensive Medical & Dental",,"BND 58,000 - 85,000 / year",,,,,,,,,,,,"https://www.isb.edu.bn/careers","International School Brunei",,,,,,"0","FLIS0436",,,,,"true",,,,,,,"BND","2025/2026","5200","STRONG_MARKET_EVIDENCE","High","2026-09-25T08:25:20.427Z","5200",,"2026-09-25T12:18:17.168Z"
"FLIS0437","9.6","India","18 - 20","New Delhi",,"9.5",,,,"India's premier international school in the Diplomatic Enclave of New Delhi, judged Outstanding with award-winning campus infrastructure.",,,,"Provided luxury Chanakyapuri diplomatic apartment",,"British (NCfE / IGCSE / IB DP)",,"The British School New Delhi",,,"Worldwide Comprehensive Medical",,"USD 48,000 - 75,000 / year",,,,,,,,,,,,"https://www.british-school.org/work-with-us","The British School New Delhi",,,,,,"0","FLIS0437",,,,,"true",,,,,,,"INR","2025/2026","235000","STRONG_MARKET_EVIDENCE","High","2026-09-25T08:25:20.427Z","235000",,"2026-09-25T12:18:17.168Z"
"FLIS0438","9.3","China","18 - 20","Guangzhou",,"9.2",,,,"Flagship Nord Anglia school in South China situated on scenic Nanhu Lake with exceptional academic outcomes.",,,,"Provided luxury lakeside apartment or allowance",,"British (NCfE / IGCSE / A-Levels)",,"The British School of Guangzhou",,,"Worldwide Comprehensive Medical",,"RMB 280,000 - 420,000 / year",,,,,,,,,,,,"https://www.nordangliaeducation.com/careers","The British School of Guangzhou",,,,,,"0","FLIS0438",,,,,"true",,,,,,,"CNY","2025/2026","26500","STRONG_MARKET_EVIDENCE","High","2026-09-25T08:25:20.427Z","26500",,"2026-09-25T12:18:17.168Z"
"FLIS0439","9.5","China","18 - 20","Suzhou",,"9.4",,,,"Premier British independent school in Suzhou Industrial Park featuring world-class facilities and top IB averages.",,,,"Provided furnished SIP luxury apartment or allowance",,"British (NCfE / IGCSE / IB DP)",,"Dulwich College Suzhou",,,"Worldwide Comprehensive Medical & Dental",,"RMB 300,000 - 450,000 / year",,,,,,,,,,,,"https://www.dulwich.org/careers","Dulwich College Suzhou",,,,,,"0","FLIS0439",,,,,"true",,,,,,,"CNY","2025/2026","30000","STRONG_MARKET_EVIDENCE","High","2026-09-25T07:26:01.264Z","30000",,"2026-09-25T12:18:17.168Z"
"FLIS0440","9.4","China","18 - 20","Shenzhen",,"9.3",,,,"Flagship Harrow boarding and day school located in Qianhai, Shenzhen, offering elite British education.",,,,"Provided Qianhai luxury apartment or allowance",,"British (NCfE / IGCSE / A-Levels)",,"Harrow International School Shenzhen",,,"Worldwide Comprehensive Medical",,"RMB 300,000 - 460,000 / year",,,,,,,,,,,,"https://www.harrowschools.com/careers","Harrow International School Shenzhen",,,,,,"0","FLIS0440",,,,,"true",,,,,,,"CNY","2025/2026","28500","STRONG_MARKET_EVIDENCE","High","2026-09-25T08:25:20.427Z","28500",,"2026-09-25T12:18:17.168Z"
"FLIS0441","9.3","China","18 - 20","Tianjin",,"9.2",,,,"Pioneering Wellington College campus in northern China featuring distinctive UK heritage architecture and strong Oxbridge track record.",,,,"Provided furnished apartment or housing allowance",,"British (NCfE / IGCSE / A-Levels)",,"Wellington College International Tianjin",,,"Worldwide Comprehensive Medical",,"RMB 280,000 - 430,000 / year",,,,,,,,,"success",,,"https://www.wellingtoncollege.cn/careers","Wellington College International Tianjin",,,,,,"0","FLIS0441",,,,,"true",,,,"{""_seconds"":1790190141,""_nanoseconds"":395000000}","{""schoolId"":""FLIS0441"",""schoolName"":""Wellington College International Tianjin"",""category"":""INSIGHT_UNAVAILABLE"",""statusLabel"":""Low Turnover (Stable)"",""isUpdating"":false,""lastScrapedAt"":""2026-09-23T19:02:21.387Z"",""metrics"":{""estimatedStaffBase"":80,""totalKnownVacancies"":0,""estimatedChurnRatePercent"":0,""leadershipVacanciesCount"":0,""secondaryVacanciesCount"":0,""primaryVacanciesCount"":0,""riskRating"":""INSIGHT_UNAVAILABLE"",""leadershipChurnRatioPercent"":0,""averageYearlyTesAdverts"":0},""scrapedJobsList"":[],""vacancies_discovered"":[],""structured_vacancies"":[],""total_known_vacancies"":0,""estimated_churn_percentage"":0,""leadership_vacancies_count"":0,""secondary_vacancies_count"":0,""primary_vacancies_count"":0,""leopardfishIntelAlert"":""No active public vacancies have been detected for this institution within the current 12-month recruitment cycle. This indicates either an exceptionally high staff retention profile or the utilization of localized, non-indexed internal application portals. Quantitative stability metrics cannot be calculated at this time."",""churn_implications_commentary"":""No active public vacancies have been detected for this institution within the current 12-month recruitment cycle. This indicates either an exceptionally high staff retention profile or the utilization of localized, non-indexed internal application portals. Quantitative stability metrics cannot be calculated at this time."",""senior_leadership_churn_percentage"":0,""staffroom_commentary"":""No active public vacancies have been detected for this institution within the current 12-month recruitment cycle. This indicates either an exceptionally high staff retention profile or the utilization of localized, non-indexed internal application portals. Quantitative stability metrics cannot be calculated at this time.""}","2026-09-23T19:02:21.387Z","CNY","2025/2026","27000","STRONG_MARKET_EVIDENCE","High","2026-09-25T08:25:20.427Z","27000",,"2026-09-25T12:18:17.168Z"
"FLIS0442","9.3","Vietnam","18 - 20","Hanoi",,"9.2",,,,"State-of-the-art Brighton College campus in Vinhomes Ocean Park, Hanoi, delivering premier British education in Vietnam.",,,,"Provided Ocean Park luxury apartment or housing allowance",,"British (NCfE / IGCSE / A-Levels)",,"Brighton College Vietnam",,,"Worldwide Comprehensive Medical",,"USD 42,000 - 64,000 / year",,,,,,,,,,,,"https://www.brightoncollege.edu.vn/careers","Brighton College Vietnam",,,,,,"0","FLIS0442",,,,,"true",,,,,,,"USD","2025/2026","3500","STRONG_MARKET_EVIDENCE","High","2026-09-25T07:26:01.264Z","3500",,"2026-09-25T12:18:17.168Z"
"FLIS0443","9.1","Vietnam","20","Hanoi",,"9.0",,,,"Cognita-operated British independent school in Hanoi offering dual UK curriculum and IB pathways.",,,,"Provided furnished apartment or housing allowance",,"British (NCfE / IGCSE / IB DP)",,"Reigate Grammar School Vietnam",,,"Comprehensive Medical Insurance",,"USD 38,000 - 58,000 / year",,,,,,,,,,,,"https://www.reigategrammar.edu.vn/careers","Reigate Grammar School Vietnam",,,,,,"0","FLIS0443",,,,,"true",,,,,,,"USD","2025/2026","3100","MODELLED_ESTIMATE","Medium","2026-09-25T07:26:01.264Z","3100",,"2026-09-25T12:18:17.168Z"
"FLIS0444","9.2","China","18 - 20","Beijing",,"9.1",,,,"Specialist primary campus in Beijing's diplomatic heart, operating under Nord Anglia Education.",,,,"Provided central Sanlitun apartment or allowance",,"British Primary (NCfE / EYFS / Key Stage 1-2)",,"The British School of Beijing Sanlitun",,,"Worldwide Comprehensive Medical",,"RMB 270,000 - 400,000 / year",,,,,,,,,,,,"https://www.nordangliaeducation.com/careers","The British School of Beijing Sanlitun",,,,,,"0","FLIS0444",,,,,"true",,,,,,,"CNY","2025/2026","26500","STRONG_MARKET_EVIDENCE","High","2026-09-25T08:25:20.427Z","26500",,"2026-09-25T12:18:17.168Z"
"FLIS0445","9.3","Chile","20","Santiago",,"9.4",,,,"One of Latin America's most prestigious British heritage schools (est. 1928) in La Reina, Santiago.",,,,"Relocation allowance & settling stipend",,"British (NCfE / IGCSE / IB DP)",,"The Grange School",,,"Comprehensive Chilean Private Health (Isapre)",,"USD 40,000 - 62,000 / year",,,,,,,,,"success","false",,"https://www.grange.cl/employment","The Grange School",,,,,,"0","FLIS0445",,,,,"true",,,,"2026-09-25T05:07:56.926Z","{""schoolId"":""FLIS0445"",""schoolName"":""The Grange School"",""metrics"":{""estimatedStaffBase"":80,""averageYearlyTesAdverts"":0,""estimatedChurnRatePercent"":0,""lateSeasonUrgencyScore"":""Standard"",""leadershipChurnRatioPercent"":0,""riskRating"":""INSIGHT_UNAVAILABLE""},""leopardfishIntelAlert"":""No active public vacancies have been detected for this institution within the current 12-month recruitment cycle. This indicates either an exceptionally high staff retention profile or the utilization of localized, non-indexed internal application portals. Quantitative stability metrics cannot be calculated at this time."",""lastUpdated"":""2024-07-30"",""lastScrapedAt"":""2026-09-25T05:07:36.582Z"",""scrapedJobsList"":[],""vacancies_discovered"":[],""structured_vacancies"":[],""total_known_vacancies"":0,""estimated_churn_percentage"":0,""leadership_vacancies_count"":0,""secondary_vacancies_count"":0,""primary_vacancies_count"":0,""churn_implications_commentary"":""No active public vacancies have been detected for this institution within the current 12-month recruitment cycle. This indicates either an exceptionally high staff retention profile or the utilization of localized, non-indexed internal application portals. Quantitative stability metrics cannot be calculated at this time."",""senior_leadership_churn_percentage"":0,""category"":""INSIGHT_UNAVAILABLE"",""staffroom_commentary"":""No active public vacancies have been detected for this institution within the current 12-month recruitment cycle. This indicates either an exceptionally high staff retention profile or the utilization of localized, non-indexed internal application portals. Quantitative stability metrics cannot be calculated at this time.""}","2026-09-25T05:07:36.582Z","CLP","2025/2026","2166667","STRONG_MARKET_EVIDENCE","High","2026-09-25T07:26:01.264Z","2166667",,"2026-09-25T12:18:17.168Z"
"FLIS0446","9.1","Chile","20","Santiago",,"9.2",,,,"Full IB World Continuum bilingual institution situated on a magnificent Andean foothill campus in Lo Barnechea.",,,,"Relocation allowance & initial housing support",,"IB Continuum (PYP / MYP / DP)",,"Craighouse School",,,"Comprehensive Medical & Life Insurance",,"USD 38,000 - 58,000 / year",,,,,,,,,"success","false",,"https://www.craighouse.cl/work-with-us","Craighouse School",,,,,,"0","FLIS0446",,,,,"true",,,,"2026-09-25T05:07:54.683Z","{""schoolId"":""FLIS0446"",""schoolName"":""Craighouse School"",""metrics"":{""estimatedStaffBase"":80,""averageYearlyTesAdverts"":0,""estimatedChurnRatePercent"":0,""lateSeasonUrgencyScore"":""Standard"",""leadershipChurnRatioPercent"":0,""riskRating"":""INSIGHT_UNAVAILABLE""},""leopardfishIntelAlert"":""No active public vacancies have been detected for this institution within the current 12-month recruitment cycle. This indicates either an exceptionally high staff retention profile or the utilization of localized, non-indexed internal application portals. Quantitative stability metrics cannot be calculated at this time."",""lastUpdated"":""2024-05-15"",""lastScrapedAt"":""2026-09-25T05:07:25.384Z"",""scrapedJobsList"":[],""vacancies_discovered"":[],""structured_vacancies"":[],""total_known_vacancies"":0,""estimated_churn_percentage"":0,""leadership_vacancies_count"":0,""secondary_vacancies_count"":0,""primary_vacancies_count"":0,""churn_implications_commentary"":""No active public vacancies have been detected for this institution within the current 12-month recruitment cycle. This indicates either an exceptionally high staff retention profile or the utilization of localized, non-indexed internal application portals. Quantitative stability metrics cannot be calculated at this time."",""senior_leadership_churn_percentage"":0,""category"":""INSIGHT_UNAVAILABLE"",""staffroom_commentary"":""No active public vacancies have been detected for this institution within the current 12-month recruitment cycle. This indicates either an exceptionally high staff retention profile or the utilization of localized, non-indexed internal application portals. Quantitative stability metrics cannot be calculated at this time.""}","2026-09-25T05:07:25.384Z","CLP","2025/2026","2400000","STRONG_MARKET_EVIDENCE","High","2026-09-25T08:25:20.427Z","2400000",,"2026-09-25T12:18:17.168Z"
"FLIS0447","9.2","Uruguay","20","Montevideo",,"9.3",,,,"Historic 1908 British international school located in Carrasco, Montevideo, renowned for high academic and athletic traditions.",,,,"Relocation allowance & Carrasco housing support",,"British (NCfE / IGCSE / IB DP)",,"The British Schools Montevideo",,,"Comprehensive Mutualista & Private Medical",,"USD 38,000 - 58,000 / year",,,,,,,,,,,,"https://www.british.edu.uy/work-with-us","The British Schools Montevideo",,,,,,"0","FLIS0447",,,,,"true",,,,,,,"UYU","2025/2026","120833","STRONG_MARKET_EVIDENCE","High","2026-09-25T07:26:01.264Z","120833",,"2026-09-25T12:18:17.168Z"
"FLIS0448","9.0","Costa Rica","20","San José",,"9.1",,,,"Independent British and IB World school in Rohrmoser, San José, offering tranquil Costa Rican expat lifestyle.",,,,"Relocation allowance & settling support",,"British / IGCSE / IB DP",,"The British School of Costa Rica",,,"CCSS National & Private Medical Insurance",,"USD 34,000 - 50,000 / year",,,,,,,,,,,,"https://www.thebritishschool.ed.cr/careers","The British School of Costa Rica",,,,,,"0","FLIS0448",,,,,"true",,,,,,,"USD","2025/2026","2350","STRONG_MARKET_EVIDENCE","High","2026-09-25T08:25:20.427Z","2350",,"2026-09-25T12:18:17.168Z"
"FLIS0450","8.8","Venezuela","16 - 18","Caracas",,"8.8",,,,"Independent non-profit British curriculum school situated in Altamira, Caracas, serving multinational families.",,,,"Provided secure residential compound accommodation",,"British (NCfE / IGCSE / IB DP)",,"The British School of Caracas",,,"Comprehensive International Medical (Bupa)",,"USD 36,000 - 54,000 / year",,,,,,,,,,,,"https://www.tbsc.org.ve/vacancies","The British School of Caracas",,,,,,"0","FLIS0450",,,,,"true",,,,,,,"USD","2025/2026","2600","STRONG_MARKET_EVIDENCE","High","2026-09-25T08:25:20.427Z","2600",,"2026-09-25T12:18:17.168Z"
"FLIS0451","9.2","Brazil","18 - 20","Rio de Janeiro",,"9.3",,,,"Elite British and IB World institution operating campuses in Botafogo, Urca, and Barra da Tijuca in Rio de Janeiro.",,,,"Provided accommodation allowance in Botafogo/Barra",,"British (NCfE / IGCSE / IB DP)",,"The British School of Rio de Janeiro",,,"Comprehensive Bradesco/Unimed Health Insurance",,"USD 42,000 - 64,000 / year",,,,,,,,,"success",,,"https://www.britishschool.g12.br/careers","The British School of Rio de Janeiro",,,,,,"0","FLIS0451",,,,,"true",,,,"{""_seconds"":1790190143,""_nanoseconds"":310000000}","{""schoolId"":""FLIS0451"",""schoolName"":""The British School of Rio de Janeiro"",""category"":""INSIGHT_UNAVAILABLE"",""statusLabel"":""Low Turnover (Stable)"",""isUpdating"":false,""lastScrapedAt"":""2026-09-23T19:02:23.294Z"",""metrics"":{""estimatedStaffBase"":80,""totalKnownVacancies"":0,""estimatedChurnRatePercent"":0,""leadershipVacanciesCount"":0,""secondaryVacanciesCount"":0,""primaryVacanciesCount"":0,""riskRating"":""INSIGHT_UNAVAILABLE"",""leadershipChurnRatioPercent"":0,""averageYearlyTesAdverts"":0},""scrapedJobsList"":[],""vacancies_discovered"":[],""structured_vacancies"":[],""total_known_vacancies"":0,""estimated_churn_percentage"":0,""leadership_vacancies_count"":0,""secondary_vacancies_count"":0,""primary_vacancies_count"":0,""leopardfishIntelAlert"":""No active public vacancies have been detected for this institution within the current 12-month recruitment cycle. This indicates either an exceptionally high staff retention profile or the utilization of localized, non-indexed internal application portals. Quantitative stability metrics cannot be calculated at this time."",""churn_implications_commentary"":""No active public vacancies have been detected for this institution within the current 12-month recruitment cycle. This indicates either an exceptionally high staff retention profile or the utilization of localized, non-indexed internal application portals. Quantitative stability metrics cannot be calculated at this time."",""senior_leadership_churn_percentage"":0,""staffroom_commentary"":""No active public vacancies have been detected for this institution within the current 12-month recruitment cycle. This indicates either an exceptionally high staff retention profile or the utilization of localized, non-indexed internal application portals. Quantitative stability metrics cannot be calculated at this time.""}","2026-09-23T19:02:23.294Z","BRL","2025/2026","19000","STRONG_MARKET_EVIDENCE","High","2026-09-25T10:42:30.657Z","14200",,"2026-09-25T12:18:17.168Z"
"FLIS0452","9.2","Kenya",,"Turi","Tier 1 British Heritage","9.5",,,"9.4","East Africa's premier British co-educational boarding school in the Rift Valley.","8.8","8.5",,"Provided",,"British (NCfE / IGCSE / A-Levels)","120","St. Andrew's School, Turi",,,"Full Comprehensive Global Coverage",,"$3,600.00",,,,"8.5","2026-09-23T19:04:51.577Z","0","[]",,"success","true",,"https://www.st-andrews-turi.org/working-at-turi","St. Andrew's School, Turi",,,,,"1790193244633","0","FLIS0452",,"https://www.st-andrews-turi.org/working-at-turi",,,"true","2026-09-23T19:10:09.365Z","1790190609365","false",,,,"KES","2025/2026","360000","STRONG_MARKET_EVIDENCE","High","2026-09-25T08:25:20.427Z","360000","https://st-andrews-turi.org","2026-09-25T12:18:17.168Z"
"FLIS0453","8.8","Kenya",,"Nairobi","Tier 1 International","9.2",,,"9.1","Distinguished British independent boarding and day school in Nairobi.","8.7","7.8",,"Provided",,"British (NCfE / IGCSE / A-Levels)","100","Peponi School",,,"Full Private",,"$3,400.00",,,,"7.8","2026-09-23T19:04:51.794Z","0","[]",,"success","true",,"https://www.peponischool.org/vacancies","Peponi School",,,,,,"0","FLIS0453",,"https://www.peponischool.org/vacancies",,,"true",,,"false",,,,"KES","2025/2026","380000","STRONG_MARKET_EVIDENCE","High","2026-09-25T08:25:20.427Z","380000","https://peponischool.org","2026-09-25T12:18:17.168Z"
"FLIS0454","8.9","Brazil",,"São Paulo","Tier 1 IB World School","9.1",,,"9.2","Elite IB Continuum flagship in Jardins, São Paulo.","8.9","7.0",,"Provided",,"IB Continuum (PYP / MYP / DP)","95","St. Francis' College",,,"Full Private Medical / Dental",,"$3,800.00",,,,"7.0","2026-09-23T19:04:52.387Z","0","[]",,"success","true",,"https://www.stfrancis.com.br/careers","St. Francis' College",,,,,,"0","FLIS0454",,"https://www.stfrancis.com.br/careers",,,"true",,,"false",,,,"BRL","2025/2026","18500","STRONG_MARKET_EVIDENCE","High","2026-09-25T10:42:30.657Z","13800","https://stfrancis.com.br","2026-09-25T12:18:17.168Z"
"FLIS0455","9.3","Thailand",,"Bangkok","Tier 1 British Flagship","9.2",,,"9.1","State-of-the-art British independent campus following UK independent school models.","9.4","8.8",,"Provided",,"British (NCfE / IGCSE / A-Levels)","130","Denla British School",,,"Full Global Coverage (Bupa / Allianz)",,"$4,200.00",,,,"8.8","2026-09-23T19:04:53.087Z","0","[]",,"success","true",,"https://www.dbsbangkok.ac.th/careers","Denla British School",,,,,,"0","FLIS0455",,"https://www.dbsbangkok.ac.th/careers",,,"true",,,"false",,,,"THB","2025/2026","115000","STRONG_MARKET_EVIDENCE","High","2026-09-25T10:42:30.657Z","95000","https://dbsbangkok.ac.th","2026-09-25T12:18:17.168Z"
"FLIS0456","9.6","Hong Kong",,"Hong Kong","Tier 1 British Flagship","9.3",,,"9.3","High-yield expat flagship in Discovery Bay with outstanding staff retention.","9.0","9.5",,"Allowance",,"British (NCfE / IGCSE / A-Levels)","140","Discovery Bay International School",,,"Comprehensive Private (Bupa International)",,"$6,400.00",,,,"9.5","2026-09-23T19:04:53.620Z","0","[]",,"success","true",,"https://www.dbis.edu.hk/working-at-dbis","Discovery Bay International School",,,,,,"0","FLIS0456",,"https://www.dbis.edu.hk/working-at-dbis",,,"true",,,"false",,,,"HKD","2025/2026","42500","STRONG_MARKET_EVIDENCE","High","2026-09-25T08:25:20.427Z","42500","https://dbis.edu.hk","2026-09-25T12:18:17.168Z"
"FLIS0457","9.4","Vietnam",,"Ho Chi Minh City","Tier 1 International","9.1",,,"9.0","Nord Anglia dual-language British international flagship in Saigon.","9.2","8.4",,"Provided",,"British (NCfE / IGCSE / A-Levels)","110","British Vietnamese International School Ho Chi Minh City",,,"Full International Medical",,"$3,800.00",,,"Cognita","8.4","2026-09-23T19:04:53.897Z","0","[]",,"success","true",,"https://www.nordangliaeducation.com/careers","British Vietnamese International School Ho Chi Minh City",,,,,"1790415498143","1","FLIS0457",,"https://www.nordangliaeducation.com/careers",,,"true","2026-09-26T09:32:24.963Z","1790415144963","false",,,,"USD","2025/2026","3000","MODELLED_ESTIMATE","Medium","2026-09-25T07:26:01.265Z","3000","https://nordangliaeducation.com/bvis-hcmc","2026-09-25T12:18:17.168Z"
"FLIS0458","9.4","Vietnam",,"Hanoi","Tier 1 International","9.1",,,"9.0","Nord Anglia Royal City flagship campus delivering British & International curriculum.","9.2","8.5",,"Provided",,"British (NCfE / IGCSE / A-Levels)","105","British Vietnamese International School Hanoi",,,"Full International Medical",,"$3,800.00",,,,"8.5","2026-09-23T19:04:54.422Z","0","[]",,"success","true",,"https://www.nordangliaeducation.com/careers","British Vietnamese International School Hanoi",,,,,"1790415498143","0","FLIS0458",,"https://www.nordangliaeducation.com/careers",,,"true","2026-09-26T06:45:51.105Z","1790405151105","false",,,,"USD","2025/2026","3000","MODELLED_ESTIMATE","Medium","2026-09-25T07:26:01.265Z","3000","https://nordangliaeducation.com/bvis-hanoi","2026-09-25T12:18:17.168Z"
"FLIS0459","8.9","Georgia",,"Tbilisi","Tier 1 International","9.0",,,"8.9","Leading British international school in the Caucasus serving diplomatic and expat communities.","8.6","8.8",,"Provided",,"British (NCfE / IGCSE / A-Levels)","75","The British International School of Tbilisi",,,"Full Private",,"$3,200.00",,,,"8.8","2026-09-23T19:04:54.745Z","0","[]",,"success","true",,"https://bist.ge/vacancies","The British International School of Tbilisi",,,,,,"0","FLIS0459",,"https://bist.ge/vacancies",,,"true",,,"false","{""_seconds"":1790191753,""_nanoseconds"":950000000}","{""schoolId"":""FLIS0459"",""schoolName"":""The British International School of Tbilisi"",""category"":""INSIGHT_UNAVAILABLE"",""statusLabel"":""Low Turnover (Stable)"",""isUpdating"":false,""lastScrapedAt"":""2026-09-23T19:29:13.932Z"",""metrics"":{""estimatedStaffBase"":75,""totalKnownVacancies"":0,""estimatedChurnRatePercent"":0,""leadershipVacanciesCount"":0,""secondaryVacanciesCount"":0,""primaryVacanciesCount"":0,""riskRating"":""INSIGHT_UNAVAILABLE"",""leadershipChurnRatioPercent"":0,""averageYearlyTesAdverts"":0},""scrapedJobsList"":[],""vacancies_discovered"":[],""structured_vacancies"":[],""total_known_vacancies"":0,""estimated_churn_percentage"":0,""leadership_vacancies_count"":0,""secondary_vacancies_count"":0,""primary_vacancies_count"":0,""leopardfishIntelAlert"":""No active public vacancies have been detected for this institution within the current 12-month recruitment cycle. This indicates either an exceptionally high staff retention profile or the utilization of localized, non-indexed internal application portals. Quantitative stability metrics cannot be calculated at this time."",""churn_implications_commentary"":""No active public vacancies have been detected for this institution within the current 12-month recruitment cycle. This indicates either an exceptionally high staff retention profile or the utilization of localized, non-indexed internal application portals. Quantitative stability metrics cannot be calculated at this time."",""senior_leadership_churn_percentage"":0,""staffroom_commentary"":""No active public vacancies have been detected for this institution within the current 12-month recruitment cycle. This indicates either an exceptionally high staff retention profile or the utilization of localized, non-indexed internal application portals. Quantitative stability metrics cannot be calculated at this time.""}","2026-09-23T19:29:13.932Z","USD","2025/2026","2300","STRONG_MARKET_EVIDENCE","High","2026-09-25T08:25:20.427Z","2300","https://bist.ge","2026-09-25T12:18:17.168Z"
"FLIS0460","7.9","Spain",,"Seville","Tier 1 British Standard","8.9",,,"8.8","Leading British curriculum school in Andalusia.","8.5","9.2",,"Not Included",,"British (NCfE / IGCSE / A-Levels)","65","St. George's British International School Seville",,,"Full Spanish Social Security + Private Top-Up",,"$2,600.00",,,,"9.2","2026-09-23T19:04:55.259Z","0","[]",,"success","true",,"https://www.stgeorges-school.es/careers","St. George's British International School Seville",,,,,,"0","FLIS0460",,"https://www.stgeorges-school.es/careers",,,"true",,,"false",,,,"EUR","2025/2026","1800","STRONG_MARKET_EVIDENCE","High","2026-09-25T08:25:20.427Z","1800","https://stgeorges-school.es/sevilla","2026-09-25T12:18:17.168Z"
"FLIS0461","9.8","Qatar",,"Al Khor","Tier 1 High-Yield Expat","9.1",,,"9.0","One of the largest premier energy-sponsored British international schools globally with high tax-free packages.","9.3","9.8",,"Provided",,"British (NCfE / IGCSE / A-Levels)","220","Al Khor International School",,,"Full Premium QatarEnergy Medical / Dental",,"$5,200.00",,,,"9.8","2026-09-23T19:04:55.550Z","0","[]",,"success","true",,"https://www.akis.sch.qa/careers","Al Khor International School",,,,,,"0","FLIS0461",,"https://www.akis.sch.qa/careers",,,"true",,,"false",,,,"QAR","2025/2026","13500","STRONG_MARKET_EVIDENCE","High","2026-09-25T08:25:20.427Z","13500","https://akis.sch.qa","2026-09-25T12:18:17.168Z"
"FLIS0462","9.1","Nigeria",,"Lagos","Tier 1 International","9.0",,,"9.0","Leading co-educational British boarding and day school in Victoria Island, Lagos.","8.7","7.2",,"Provided",,"British (NCfE / IGCSE / A-Levels)","90","British International School of Lagos",,,"Worldwide Expat Medical Evacuation & Private Healthcare",,"$4,200.00",,,,"7.2","2026-09-23T19:04:56.078Z","0","[]",,"success","true",,"https://www.bisnigeria.org/careers","British International School of Lagos",,,,,"2026-09-26T06:10:30.811Z","0","FLIS0462",,"https://www.bisnigeria.org/careers",,,"true","2026-09-23T19:10:16.080Z","1790190616080","false",,,,"USD","2025/2026","2700","STRONG_MARKET_EVIDENCE","High","2026-09-25T08:25:20.427Z","2700","https://bisnigeria.org","2026-09-25T12:18:17.168Z"